family_id,husband_id,wife_id,genealogy_id,marriage_year
1,1,2,1,1025
2,1,2,1,1005
3,3,4,1,1005
4,9,7,1,1030
5,5,11,1,1030
6,10,8,1,1030
7,12,6,1,1030
8,16,28,1,1055
9,13,22,1,1055
10,17,19,1,1055
11,26,24,1,1055
12,21,29,1,1055
13,23,27,1,1055
14,15,18,1,1055
15,30,25,1,1055
16,33,47,1,1080
17,45,35,1,1080
18,58,40,1,1080
19,38,59,1,1080
20,31,50,1,1080
21,36,51,1,1080
22,57,52,1,1080
23,42,60,1,1080
24,48,34,1,1080
25,41,44,1,1080
26,53,62,1,1080
27,32,61,1,1080
28,43,46,1,1080
29,54,63,1,1080
30,64,39,1,1080
31,65,55,1,1080
32,95,117,1,1105
33,113,103,1,1105
34,88,92,1,1105
35,80,75,1,1105
36,100,119,1,1105
37,120,104,1,1105
38,73,94,1,1105
39,68,122,1,1105
40,114,79,1,1105
41,89,77,1,1105
42,101,112,1,1105
43,105,81,1,1105
44,85,84,1,1105
45,110,115,1,1105
46,106,118,1,1105
47,116,102,1,1105
48,71,91,1,1105
49,82,98,1,1105
50,108,123,1,1105
51,69,76,1,1105
52,66,107,1,1105
53,99,72,1,1105
54,86,121,1,1105
55,97,70,1,1105
56,96,111,1,1105
57,87,124,1,1105
58,78,125,1,1105
59,109,126,1,1105
60,83,127,1,1105
61,93,128,1,1105
62,90,129,1,1105
63,74,130,1,1105
64,191,245,1,1130
65,236,163,1,1130
66,244,174,1,1130
67,134,204,1,1130
68,233,155,1,1130
69,135,142,1,1130
70,153,145,1,1130
71,213,156,1,1130
72,166,202,1,1130
73,201,170,1,1130
74,198,171,1,1130
75,176,265,1,1130
76,211,238,1,1130
77,225,131,1,1130
78,172,242,1,1130
79,194,206,1,1130
80,178,157,1,1130
81,263,249,1,1130
82,255,187,1,1130
83,254,158,1,1130
84,224,239,1,1130
85,162,137,1,1130
86,173,208,1,1130
87,136,161,1,1130
88,216,252,1,1130
89,190,140,1,1130
90,258,144,1,1130
91,181,169,1,1130
92,260,212,1,1130
93,147,262,1,1130
94,205,148,1,1130
95,141,235,1,1130
96,253,256,1,1130
97,234,184,1,1130
98,229,246,1,1130
99,217,203,1,1130
100,227,164,1,1130
101,195,210,1,1130
102,167,150,1,1130
103,138,200,1,1130
104,231,261,1,1130
105,226,179,1,1130
106,189,250,1,1130
107,199,222,1,1130
108,218,248,1,1130
109,151,180,1,1130
110,264,154,1,1130
111,219,188,1,1130
112,220,251,1,1130
113,185,192,1,1130
114,182,228,1,1130
115,186,149,1,1130
116,243,215,1,1130
117,196,177,1,1130
118,193,159,1,1130
119,221,168,1,1130
120,175,223,1,1130
121,133,143,1,1130
122,183,247,1,1130
123,237,152,1,1130
124,259,232,1,1130
125,257,160,1,1130
126,139,209,1,1130
127,146,241,1,1130
128,486,280,1,1155
129,319,282,1,1155
130,436,447,1,1155
131,338,388,1,1155
132,435,267,1,1155
133,314,307,1,1155
134,401,492,1,1155
135,490,462,1,1155
136,445,470,1,1155
137,371,279,1,1155
138,321,378,1,1155
139,514,467,1,1155
140,366,384,1,1155
141,407,465,1,1155
142,323,410,1,1155
143,315,513,1,1155
144,357,305,1,1155
145,336,422,1,1155
146,406,339,1,1155
147,344,505,1,1155
148,389,511,1,1155
149,512,352,1,1155
150,475,395,1,1155
151,402,448,1,1155
152,313,489,1,1155
153,432,286,1,1155
154,508,450,1,1155
155,358,311,1,1155
156,269,484,1,1155
157,430,454,1,1155
158,341,367,1,1155
159,441,398,1,1155
160,437,455,1,1155
161,304,421,1,1155
162,308,381,1,1155
163,428,360,1,1155
164,379,424,1,1155
165,273,346,1,1155
166,298,507,1,1155
167,456,359,1,1155
168,478,487,1,1155
169,312,434,1,1155
170,413,365,1,1155
171,440,453,1,1155
172,349,372,1,1155
173,268,316,1,1155
174,295,517,1,1155
175,425,275,1,1155
176,423,482,1,1155
177,412,320,1,1155
178,322,391,1,1155
179,393,509,1,1155
180,494,452,1,1155
181,519,348,1,1155
182,353,285,1,1155
183,354,500,1,1155
184,324,499,1,1155
185,369,463,1,1155
186,310,380,1,1155
187,306,396,1,1155
188,471,347,1,1155
189,488,383,1,1155
190,290,503,1,1155
191,328,318,1,1155
192,375,433,1,1155
193,431,443,1,1155
194,458,427,1,1155
195,449,355,1,1155
196,374,518,1,1155
197,377,350,1,1155
198,496,414,1,1155
199,309,373,1,1155
200,297,342,1,1155
201,399,340,1,1155
202,439,332,1,1155
203,345,438,1,1155
204,483,404,1,1155
205,497,468,1,1155
206,294,333,1,1155
207,429,416,1,1155
208,281,405,1,1155
209,417,301,1,1155
210,400,343,1,1155
211,272,419,1,1155
212,361,515,1,1155
213,460,330,1,1155
214,291,289,1,1155
215,368,506,1,1155
216,277,510,1,1155
217,300,351,1,1155
218,337,370,1,1155
219,283,498,1,1155
220,459,502,1,1155
221,292,278,1,1155
222,420,415,1,1155
223,481,442,1,1155
224,480,382,1,1155
225,356,385,1,1155
226,270,516,1,1155
227,474,461,1,1155
228,331,501,1,1155
229,362,317,1,1155
230,411,293,1,1155
231,376,464,1,1155
232,479,329,1,1155
233,326,473,1,1155
234,364,334,1,1155
235,418,284,1,1155
236,451,472,1,1155
237,469,520,1,1155
238,299,287,1,1155
239,446,491,1,1155
240,477,271,1,1155
241,276,397,1,1155
242,476,327,1,1155
243,444,409,1,1155
244,302,363,1,1155
245,392,274,1,1155
246,303,408,1,1155
247,495,325,1,1155
248,386,466,1,1155
249,426,390,1,1155
250,493,504,1,1155
251,296,403,1,1155
252,335,387,1,1155
253,521,394,1,1155
254,522,457,1,1155
255,523,485,1,1155
256,703,675,1,1180
257,604,787,1,1180
258,663,637,1,1180
259,757,978,1,1180
260,995,781,1,1180
261,761,741,1,1180
262,875,570,1,1180
263,990,959,1,1180
264,971,766,1,1180
265,1039,750,1,1180
266,764,988,1,1180
267,954,798,1,1180
268,1026,783,1,1180
269,695,561,1,1180
270,1024,557,1,1180
271,633,968,1,1180
272,1019,711,1,1180
273,952,706,1,1180
274,602,938,1,1180
275,1028,911,1,1180
276,680,816,1,1180
277,912,662,1,1180
278,936,837,1,1180
279,559,795,1,1180
280,832,881,1,1180
281,963,1016,1,1180
282,623,629,1,1180
283,878,814,1,1180
284,782,624,1,1180
285,721,529,1,1180
286,987,993,1,1180
287,790,668,1,1180
288,763,859,1,1180
289,846,746,1,1180
290,974,752,1,1180
291,638,670,1,1180
292,786,834,1,1180
293,756,933,1,1180
294,612,920,1,1180
295,700,869,1,1180
296,805,915,1,1180
297,702,961,1,1180
298,734,895,1,1180
299,1027,636,1,1180
300,1032,871,1,1180
301,857,715,1,1180
302,618,737,1,1180
303,966,886,1,1180
304,779,885,1,1180
305,922,738,1,1180
306,773,843,1,1180
307,994,692,1,1180
308,818,736,1,1180
309,792,665,1,1180
310,646,1020,1,1180
311,645,998,1,1180
312,613,882,1,1180
313,666,870,1,1180
314,729,577,1,1180
315,684,563,1,1180
316,962,1031,1,1180
317,681,1006,1,1180
318,934,589,1,1180
319,617,829,1,1180
320,811,980,1,1180
321,552,903,1,1180
322,591,850,1,1180
323,644,590,1,1180
324,608,580,1,1180
325,659,576,1,1180
326,639,823,1,1180
327,585,785,1,1180
328,1029,858,1,1180
329,872,923,1,1180
330,924,899,1,1180
331,548,819,1,1180
332,727,884,1,1180
333,553,983,1,1180
334,628,913,1,1180
335,800,753,1,1180
336,528,793,1,1180
337,640,957,1,1180
338,905,539,1,1180
339,594,1015,1,1180
340,664,679,1,1180
341,973,831,1,1180
342,588,743,1,1180
343,847,909,1,1180
344,863,560,1,1180
345,655,939,1,1180
346,656,981,1,1180
347,865,851,1,1180
348,728,950,1,1180
349,1008,824,1,1180
350,751,975,1,1180
351,918,898,1,1180
352,550,853,1,1180
353,710,944,1,1180
354,964,708,1,1180
355,908,717,1,1180
356,867,733,1,1180
357,1010,565,1,1180
358,841,935,1,1180
359,667,803,1,1180
360,955,689,1,1180
361,620,839,1,1180
362,807,940,1,1180
363,614,720,1,1180
364,549,687,1,1180
365,714,650,1,1180
366,937,1023,1,1180
367,601,972,1,1180
368,888,569,1,1180
369,536,946,1,1180
370,647,606,1,1180
371,788,802,1,1180
372,947,554,1,1180
373,642,874,1,1180
374,921,648,1,1180
375,799,683,1,1180
376,926,809,1,1180
377,691,830,1,1180
378,607,1025,1,1180
379,1007,586,1,1180
380,634,848,1,1180
381,1040,789,1,1180
382,991,567,1,1180
383,970,698,1,1180
384,551,718,1,1180
385,999,745,1,1180
386,621,876,1,1180
387,775,674,1,1180
388,866,985,1,1180
389,890,941,1,1180
390,797,652,1,1180
391,826,1018,1,1180
392,660,545,1,1180
393,716,948,1,1180
394,742,927,1,1180
395,928,583,1,1180
396,671,696,1,1180
397,533,833,1,1180
398,713,685,1,1180
399,1034,902,1,1180
400,806,701,1,1180
401,740,945,1,1180
402,603,861,1,1180
403,547,600,1,1180
404,705,527,1,1180
405,735,771,1,1180
406,1003,712,1,1180
407,654,677,1,1180
408,1009,868,1,1180
409,643,977,1,1180
410,820,1022,1,1180
411,873,893,1,1180
412,630,657,1,1180
413,524,542,1,1180
414,801,840,1,1180
415,609,672,1,1180
416,969,584,1,1180
417,1013,1004,1,1180
418,842,544,1,1180
419,726,581,1,1180
420,917,1035,1,1180
421,860,758,1,1180
422,755,731,1,1180
423,678,572,1,1180
424,769,749,1,1180
425,597,1017,1,1180
426,794,762,1,1180
427,619,852,1,1180
428,610,815,1,1180
429,956,804,1,1180
430,791,817,1,1180
431,693,541,1,1180
432,686,732,1,1180
433,632,835,1,1180
434,1036,596,1,1180
435,825,943,1,1180
436,573,844,1,1180
437,651,892,1,1180
438,768,772,1,1180
439,532,812,1,1180
440,658,722,1,1180
441,747,595,1,1180
442,558,836,1,1180
443,744,538,1,1180
444,739,537,1,1180
445,760,719,1,1180
446,599,1005,1,1180
447,784,1000,1,1180
448,986,627,1,1180
449,730,765,1,1180
450,540,929,1,1180
451,880,992,1,1180
452,984,1002,1,1180
453,1012,631,1,1180
454,796,821,1,1180
455,699,534,1,1180
456,780,889,1,1180
457,897,845,1,1180
458,562,942,1,1180
459,979,919,1,1180
460,931,616,1,1180
461,901,838,1,1180
462,556,958,1,1180
463,579,682,1,1180
464,896,704,1,1180
465,754,615,1,1180
466,965,622,1,1180
467,770,593,1,1180
468,525,813,1,1180
469,900,925,1,1180
470,1021,697,1,1180
471,883,611,1,1180
472,877,625,1,1180
473,997,571,1,1180
474,810,653,1,1180
475,828,574,1,1180
476,694,575,1,1180
477,856,879,1,1180
478,774,605,1,1180
479,688,592,1,1180
480,855,894,1,1180
481,530,598,1,1180
482,546,914,1,1180
483,953,669,1,1180
484,555,777,1,1180
485,587,690,1,1180
486,887,709,1,1180
487,725,568,1,1180
488,531,526,1,1180
489,1033,910,1,1180
490,661,907,1,1180
491,827,916,1,1180
492,566,854,1,1180
493,759,676,1,1180
494,904,626,1,1180
495,976,960,1,1180
496,776,989,1,1180
497,949,578,1,1180
498,822,748,1,1180
499,996,582,1,1180
500,906,673,1,1180
501,641,891,1,1180
502,778,543,1,1180
503,808,1037,1,1180
504,564,951,1,1180
505,1011,1001,1,1180
506,862,932,1,1180
507,724,1041,1,1180
508,767,1042,1,1180
509,967,1043,1,1180
510,982,1044,1,1180
511,864,1045,1,1180
512,1234,1829,1,1205
513,1097,1963,1,1205
514,1755,1335,1,1205
515,1581,1165,1,1205
516,1473,1992,1,1205
517,1863,1996,1,1205
518,1748,1867,1,1205
519,1206,1513,1,1205
520,1329,1927,1,1205
521,1487,1813,1,1205
522,1898,1480,1,1205
523,1593,1546,1,1205
524,1185,1628,1,1205
525,1719,1507,1,1205
526,1865,1877,1,1205
527,1940,1930,1,1205
528,1093,1381,1,1205
529,1418,2036,1,1205
530,1288,1378,1,1205
531,1207,1676,1,1205
532,1286,1364,1,1205
533,1800,1357,1,1205
534,1679,1830,1,1205
535,1703,1210,1,1205
536,1449,1339,1,1205
537,1734,1854,1,1205
538,1823,1789,1,1205
539,1363,1588,1,1205
540,1215,1662,1,1205
541,1551,2030,1,1205
542,1869,1128,1,1205
543,1047,1743,1,1205
544,1693,2003,1,1205
545,1618,1638,1,1205
546,1560,1561,1,1205
547,1291,1646,1,1205
548,1979,1668,1,1205
549,1751,1209,1,1205
550,1766,1058,1,1205
551,1895,1816,1,1205
552,2063,1921,1,1205
553,1366,2047,1,1205
554,1889,1406,1,1205
555,1305,1277,1,1205
556,1106,1835,1,1205
557,1389,1846,1,1205
558,1413,1279,1,1205
559,1727,1204,1,1205
560,1539,2006,1,1205
561,1847,1205,1,1205
562,1736,1723,1,1205
563,1057,1717,1,1205
564,2027,1523,1,1205
565,1272,1070,1,1205
566,1420,1714,1,1205
567,1323,1759,1,1205
568,1542,1932,1,1205
569,1113,2076,1,1205
570,1925,1347,1,1205
571,1910,1465,1,1205
572,1459,1967,1,1205
573,1498,1832,1,1205
574,1281,1892,1,1205
575,1441,2010,1,1205
576,2001,1346,1,1205
577,1909,1051,1,1205
578,1590,1799,1,1205
579,1139,1637,1,1205
580,1496,1586,1,1205
581,1485,1073,1,1205
582,1741,2041,1,1205
583,1795,1573,1,1205
584,1885,1078,1,1205
585,1255,1788,1,1205
586,1605,1155,1,1205
587,2059,1184,1,1205
588,1949,1685,1,1205
589,2061,1770,1,1205
590,1350,1653,1,1205
591,1650,1791,1,1205
592,1864,1746,1,1205
593,1897,1536,1,1205
594,1471,1269,1,1205
595,2066,1450,1,1205
596,1176,1081,1,1205
597,1196,1695,1,1205
598,1574,1659,1,1205
599,1658,1088,1,1205
600,1462,1264,1,1205
601,2077,1384,1,1205
602,1639,1341,1,1205
603,1596,1955,1,1205
604,1087,1342,1,1205
605,1386,1508,1,1205
606,1118,1095,1,1205
607,1324,1683,1,1205
608,1537,1827,1,1205
609,1408,2043,1,1205
610,1053,1164,1,1205
611,1758,1387,1,1205
612,1594,1327,1,1205
613,1370,1615,1,1205
614,1454,1876,1,1205
615,1241,1771,1,1205
616,1475,1769,1,1205
617,1773,1928,1,1205
618,1619,1135,1,1205
619,1750,2044,1,1205
620,1268,1983,1,1205
621,1126,1237,1,1205
622,1071,1423,1,1205
623,1317,1148,1,1205
624,1616,1424,1,1205
625,1851,1492,1,1205
626,1489,1146,1,1205
627,1443,1367,1,1205
628,1137,1607,1,1205
629,1474,1815,1,1205
630,1893,2042,1,1205
631,1404,1247,1,1205
632,1060,1545,1,1205
633,1461,1906,1,1205
634,1564,1780,1,1205
635,1405,1307,1,1205
636,1479,1592,1,1205
637,1303,1516,1,1205
638,1470,1177,1,1205
639,1114,1860,1,1205
640,1821,1850,1,1205
641,1283,1702,1,1205
642,1903,1842,1,1205
643,1805,1049,1,1205
644,1510,1775,1,1205
645,1765,1952,1,1205
646,1158,1540,1,1205
647,1435,1145,1,1205
648,1726,1085,1,1205
649,1427,1756,1,1205
650,1262,1664,1,1205
651,1622,1297,1,1205
652,1127,1584,1,1205
653,1079,1774,1,1205
654,1527,1852,1,1205
655,1119,1359,1,1205
656,1434,1960,1,1205
657,1227,1374,1,1205
658,1918,1519,1,1205
659,2062,1792,1,1205
660,2056,1853,1,1205
661,1528,1514,1,1205
662,1796,2058,1,1205
663,2000,1123,1,1205
664,1213,1809,1,1205
665,1263,1525,1,1205
666,1208,1738,1,1205
667,1064,1477,1,1205
668,1198,1138,1,1205
669,1972,1891,1,1205
670,1343,1188,1,1205
671,1116,1393,1,1205
672,1251,1606,1,1205
673,1380,1422,1,1205
674,1929,1974,1,1205
675,1762,1715,1,1205
676,1236,1360,1,1205
677,1754,1216,1,1205
678,1147,1841,1,1205
679,1125,1061,1,1205
680,2069,1445,1,1205
681,1476,1988,1,1205
682,2072,1080,1,1205
683,1403,1555,1,1205
684,2011,1678,1,1205
685,2022,1951,1,1205
686,2080,1571,1,1205
687,1604,1920,1,1205
688,1169,1907,1,1205
689,1178,1589,1,1205
690,1460,1102,1,1205
691,1526,1520,1,1205
692,1808,1879,1,1205
693,1338,1730,1,1205
694,2049,1598,1,1205
695,1803,1249,1,1205
696,2019,1096,1,1205
697,1807,1985,1,1205
698,1532,1293,1,1205
699,1661,1276,1,1205
700,1062,1837,1,1205
701,1245,2024,1,1205
702,1995,1455,1,1205
703,1989,1957,1,1205
704,1669,1149,1,1205
705,1200,1282,1,1205
706,1260,2052,1,1205
707,1224,2031,1,1205
708,1912,1742,1,1205
709,1211,1326,1,1205
710,1969,1518,1,1205
711,1624,2012,1,1205
712,1391,1718,1,1205
713,1562,1868,1,1205
714,1630,1309,1,1205
715,1046,1250,1,1205
716,1077,1794,1,1205
717,1878,1442,1,1205
718,1432,1503,1,1205
719,1115,1634,1,1205
720,1817,1117,1,1205
721,1772,1656,1,1205
722,1663,1415,1,1205
723,1563,1838,1,1205
724,1104,1880,1,1205
725,1704,1613,1,1205
726,1945,1752,1,1205
727,1720,1270,1,1205
728,1394,1334,1,1205
729,1412,1229,1,1205
730,1074,1497,1,1205
731,1753,1398,1,1205
732,1566,1428,1,1205
733,1491,1069,1,1205
734,1768,1858,1,1205
735,1706,1082,1,1205
736,1936,1798,1,1205
737,1052,1368,1,1205
738,1651,1749,1,1205
739,1313,1834,1,1205
740,1874,1888,1,1205
741,1094,1534,1,1205
742,1193,1670,1,1205
743,1091,2078,1,1205
744,1337,1694,1,1205
745,1783,1440,1,1205
746,1612,1976,1,1205
747,1506,1956,1,1205
748,2075,1395,1,1205
749,1896,1099,1,1205
750,1875,2071,1,1205
751,2018,2054,1,1205
752,1226,1667,1,1205
753,1416,1372,1,1205
754,2020,1677,1,1205
755,2008,1915,1,1205
756,1295,1757,1,1205
757,2005,2057,1,1205
758,1824,1300,1,1205
759,1692,1614,1,1205
760,1157,1302,1,1205
761,1785,1941,1,1205
762,1472,1557,1,1205
763,1328,1608,1,1205
764,1228,1709,1,1205
765,1648,1585,1,1205
766,1643,1609,1,1205
767,1221,1660,1,1205
768,1686,1602,1,1205
769,1083,1191,1,1205
770,1958,2029,1,1205
771,1991,1701,1,1205
772,1111,1486,1,1205
773,1923,1166,1,1205
774,1790,1767,1,1205
775,1382,1699,1,1205
776,1684,1231,1,1205
777,1569,1987,1,1205
778,1665,1365,1,1205
779,1379,1843,1,1205
780,1938,1776,1,1205
781,1054,1192,1,1205
782,1356,1430,1,1205
783,1625,1761,1,1205
784,1453,1908,1,1205
785,1436,1559,1,1205
786,1916,1535,1,1205
787,1355,1484,1,1205
788,1554,1631,1,1205
789,1048,2016,1,1205
790,1778,1856,1,1205
791,1671,1108,1,1205
792,1645,1582,1,1205
793,1632,1321,1,1205
794,1310,1978,1,1205
795,2038,1825,1,1205
796,1294,1926,1,1205
797,1994,1900,1,1205
798,1112,1531,1,1205
799,1509,1261,1,1205
800,1202,1397,1,1205
801,1882,1199,1,1205
802,1289,1373,1,1205
803,1973,1857,1,1205
804,2040,1530,1,1205
805,1410,2033,1,1205
806,1990,1862,1,1205
807,1603,1577,1,1205
808,1595,1287,1,1205
809,1871,1290,1,1205
810,1810,1330,1,1205
811,1737,1855,1,1205
812,1642,1136,1,1205
813,1144,1103,1,1205
814,1243,1187,1,1205
815,1905,1066,1,1205
816,1183,1065,1,1205
817,1558,1130,1,1205
818,1626,1285,1,1205
819,1399,1444,1,1205
820,1351,1601,1,1205
821,1458,1804,1,1205
822,1352,1464,1,1205
823,1884,1385,1,1205
824,1468,1552,1,1205
825,1203,2046,1,1205
826,1153,1872,1,1205
827,2065,1275,1,1205
828,1599,1866,1,1205
829,1953,1244,1,1205
830,2002,1836,1,1205
831,1141,1092,1,1205
832,1548,1463,1,1205
833,1235,1950,1,1205
834,1935,1362,1,1205
835,1246,1999,1,1205
836,1784,1649,1,1205
837,1504,1162,1,1205
838,2074,1109,1,1205
839,1583,1689,1,1205
840,2034,1597,1,1205
841,1917,1627,1,1205
842,1252,1170,1,1205
843,1348,1345,1,1205
844,1361,1232,1,1205
845,2051,2060,1,1205
846,2037,1873,1,1205
847,1409,1886,1,1205
848,1517,1644,1,1205
849,2048,1919,1,1205
850,1902,1457,1,1205
851,1962,1072,1,1205
852,1466,1067,1,1205
853,1377,1543,1,1205
854,1861,1787,1,1205
855,2050,1481,1,1205
856,1320,1980,1,1205
857,1981,1090,1,1205
858,1636,1437,1,1205
859,1641,1421,1,1205
860,1933,1819,1,1205
861,1745,1708,1,1205
862,1511,1050,1,1205
863,1494,1731,1,1205
864,1712,1698,1,1205
865,1218,1186,1,1205
866,2004,2014,1,1205
867,1369,1964,1,1205
868,1426,1452,1,1205
869,1524,1175,1,1205
870,1156,1271,1,1205
871,1666,1657,1,1205
872,1899,1304,1,1205
873,1801,1340,1,1205
874,1779,1793,1,1205
875,1713,1121,1,1205
876,1998,1488,1,1205
877,1760,1383,1,1205
878,1301,1197,1,1205
879,1620,1947,1,1205
880,1451,1948,1,1205
881,1576,1831,1,1205
882,2017,1056,1,1205
883,1495,1396,1,1205
884,1100,1315,1,1205
885,1521,1212,1,1205
886,1325,1970,1,1205
887,1063,1635,1,1205
888,1490,1376,1,1205
889,1690,1610,1,1205
890,1997,1265,1,1205
891,1168,1580,1,1205
892,1223,1924,1,1205
893,1565,1529,1,1205
894,1993,1467,1,1205
895,1242,1538,1,1205
896,1675,1814,1,1205
897,1914,1937,1,1205
898,1840,1697,1,1205
899,1806,1982,1,1205
900,1059,1587,1,1205
901,1358,1499,1,1205
902,1859,1084,1,1205
903,1782,1375,1,1205
904,1633,1544,1,1205
905,1411,1152,1,1205
906,1515,1319,1,1205
907,1904,1336,1,1205
908,1225,1556,1,1205
909,1711,1747,1,1205
910,1273,1986,1,1205
911,1446,1456,1,1205
912,1640,1201,1,1205
913,1579,1448,1,1205
914,1672,1572,1,1205
915,2026,1786,1,1205
916,1120,1353,1,1205
917,1163,1159,1,1205
918,1931,1296,1,1205
919,1797,1939,1,1205
920,1134,1447,1,1205
921,1844,1240,1,1205
922,1214,1322,1,1205
923,1512,1764,1,1205
924,1550,1959,1,1205
925,1122,1493,1,1205
926,1371,1182,1,1205
927,1314,1438,1,1205
928,1710,1722,1,1205
929,1419,1943,1,1205
930,1894,2023,1,1205
931,1425,1388,1,1205
932,1575,1733,1,1205
933,1267,1349,1,1205
934,1143,2032,1,1205
935,1966,1390,1,1205
936,1266,1691,1,1205
937,1541,1802,1,1205
938,1311,1401,1,1205
939,1258,1230,1,1205
940,1687,1744,1,1205
941,2028,1739,1,1205
942,1705,1826,1,1205
943,1160,1533,1,1205
944,1142,1811,1,1205
945,1259,1167,1,1205
946,1333,1681,1,1205
947,1280,1332,1,1205
948,1849,1567,1,1205
949,1922,1674,1,1205
950,1623,1469,1,1205
951,1977,1101,1,1205
952,1217,2009,1,1205
953,1549,1414,1,1205
954,1172,1253,1,1205
955,1248,1591,1,1205
956,1870,1344,1,1205
957,1568,1233,1,1205
958,1220,1887,1,1205
959,1105,2013,1,1205
960,1839,1174,1,1205
961,1934,1219,1,1205
962,1171,1306,1,1205
963,1812,1257,1,1205
964,1946,1482,1,1205
965,1110,1222,1,1205
966,1433,1547,1,1205
967,1308,1151,1,1205
968,2067,1725,1,1205
969,1407,1179,1,1205
970,1944,1735,1,1205
971,1274,1848,1,1205
972,1820,1133,1,1205
973,1190,1075,1,1205
974,2079,1617,1,1205
975,1129,1724,1,1205
976,1647,1402,1,1205
977,1600,1417,1,1205
978,1254,1354,1,1205
979,1150,1611,1,1205
980,1732,1629,1,1205
981,1086,1331,1,1205
982,1181,1971,1,1205
983,1256,1570,1,1205
984,1913,1132,1,1205
985,1965,1131,1,1205
986,1716,1688,1,1205
987,1818,1883,1,1205
988,1431,1901,1,1205
989,1707,1154,1,1205
990,1298,1238,1,1205
991,1318,1654,1,1205
992,1501,1621,1,1205
993,1500,1180,1,1205
994,1968,2021,1,1205
995,2045,1502,1,1205
996,2053,1284,1,1205
997,1522,1195,1,1205
998,1696,1483,1,1205
999,1881,1942,1,1205
1000,1763,1194,1,1205
1001,2055,1984,1,1205
1002,1173,1278,1,1205
1003,1961,1833,1,1205
1004,1478,1299,1,1205
1005,2073,2064,1,1205
1006,2015,1890,1,1205
1007,1292,1392,1,1205
1008,1680,1700,1,1205
1009,2035,1107,1,1205
1010,1740,1845,1,1205
1011,2070,1089,1,1205
1012,3708,3277,1,1230
1013,2847,3400,1,1230
1014,2292,2270,1,1230
1015,3114,2091,1,1230
1016,3624,3862,1,1230
1017,3922,2516,1,1230
1018,2656,3442,1,1230
1019,3508,2672,1,1230
1020,3348,3488,1,1230
1021,3107,2809,1,1230
1022,2396,2863,1,1230
1023,2546,3671,1,1230
1024,2901,2980,1,1230
1025,3070,2484,1,1230
1026,3117,2778,1,1230
1027,2937,2157,1,1230
1028,2219,2323,1,1230
1029,3916,3291,1,1230
1030,3859,3498,1,1230
1031,2810,3536,1,1230
1032,3751,3316,1,1230
1033,2226,3901,1,1230
1034,3783,2307,1,1230
1035,3986,3124,1,1230
1036,2727,3721,1,1230
1037,3246,3572,1,1230
1038,3456,3561,1,1230
1039,3998,3896,1,1230
1040,3299,2925,1,1230
1041,4057,4045,1,1230
1042,2769,2620,1,1230
1043,3535,2796,1,1230
1044,3920,3839,1,1230
1045,3954,3432,1,1230
1046,3595,2750,1,1230
1047,3217,3046,1,1230
1048,2909,3335,1,1230
1049,3971,3131,1,1230
1050,3063,3738,1,1230
1051,2648,2791,1,1230
1052,3251,3112,1,1230
1053,3924,2338,1,1230
1054,3902,2644,1,1230
1055,2189,3307,1,1230
1056,2630,2777,1,1230
1057,2694,3248,1,1230
1058,2161,4019,1,1230
1059,2302,3130,1,1230
1060,2331,2817,1,1230
1061,2824,3408,1,1230
1062,3497,2802,1,1230
1063,3126,4059,1,1230
1064,2607,3059,1,1230
1065,3479,3337,1,1230
1066,3956,3481,1,1230
1067,2195,4005,1,1230
1068,2998,2969,1,1230
1069,3092,3861,1,1230
1070,2912,3690,1,1230
1071,3933,2793,1,1230
1072,3157,2500,1,1230
1073,2846,3026,1,1230
1074,2141,2280,1,1230
1075,3034,2504,1,1230
1076,3634,3109,1,1230
1077,3245,3778,1,1230
1078,2865,2116,1,1230
1079,2125,2590,1,1230
1080,3081,3249,1,1230
1081,4013,2575,1,1230
1082,3397,3594,1,1230
1083,2683,3905,1,1230
1084,3735,2875,1,1230
1085,3872,3997,1,1230
1086,2564,3978,1,1230
1087,3629,2697,1,1230
1088,2635,3050,1,1230
1089,3393,2370,1,1230
1090,3344,3261,1,1230
1091,3816,3599,1,1230
1092,2495,2899,1,1230
1093,3549,2081,1,1230
1094,4080,2482,1,1230
1095,2850,2179,1,1230
1096,3841,3066,1,1230
1097,2896,2569,1,1230
1098,3417,2117,1,1230
1099,2773,3838,1,1230
1100,3849,3326,1,1230
1101,3155,4002,1,1230
1102,3060,2841,1,1230
1103,3577,3448,1,1230
1104,3852,4054,1,1230
1105,2491,2164,1,1230
1106,2222,3985,1,1230
1107,3522,2843,1,1230
1108,2330,2905,1,1230
1109,3244,3805,1,1230
1110,3740,3306,1,1230
1111,2361,2287,1,1230
1112,4011,2548,1,1230
1113,2987,2119,1,1230
1114,2920,2921,1,1230
1115,3723,2845,1,1230
1116,3094,3504,1,1230
1117,3169,3252,1,1230
1118,2433,2327,1,1230
1119,2115,2225,1,1230
1120,2900,3289,1,1230
1121,2261,3538,1,1230
1122,3814,3613,1,1230
1123,3592,2235,1,1230
1124,3457,3309,1,1230
1125,2362,3908,1,1230
1126,3459,2626,1,1230
1127,2356,2974,1,1230
1128,2606,2120,1,1230
1129,2661,2165,1,1230
1130,2868,3147,1,1230
1131,3463,4004,1,1230
1132,3127,4063,1,1230
1133,2214,2162,1,1230
1134,3935,2818,1,1230
1135,2579,2160,1,1230
1136,3098,3891,1,1230
1137,3874,2665,1,1230
1138,2675,2232,1,1230
1139,3610,2207,1,1230
1140,2274,3103,1,1230
1141,3206,3327,1,1230
1142,2142,2813,1,1230
1143,3718,2880,1,1230
1144,3894,2326,1,1230
1145,2384,2657,1,1230
1146,2505,4073,1,1230
1147,2792,2690,1,1230
1148,2281,2942,1,1230
1149,3979,3388,1,1230
1150,3006,3791,1,1230
1151,3843,2948,1,1230
1152,3366,3942,1,1230
1153,3961,2658,1,1230
1154,3854,2314,1,1230
1155,3795,2156,1,1230
1156,3005,2233,1,1230
1157,3012,2153,1,1230
1158,4029,3387,1,1230
1159,2994,3925,1,1230
1160,2640,3623,1,1230
1161,3897,2758,1,1230
1162,3880,3025,1,1230
1163,2256,2636,1,1230
1164,3415,2643,1,1230
1165,2709,4040,1,1230
1166,2492,2107,1,1230
1167,3672,2360,1,1230
1168,2086,2966,1,1230
1169,2173,3085,1,1230
1170,3362,2239,1,1230
1171,2346,2713,1,1230
1172,2186,3273,1,1230
1173,3230,2376,1,1230
1174,3686,2398,1,1230
1175,3367,3238,1,1230
1176,3279,2093,1,1230
1177,3515,2259,1,1230
1178,3945,3903,1,1230
1179,3744,3806,1,1230
1180,3664,2916,1,1230
1181,3994,2472,1,1230
1182,2420,2779,1,1230
1183,3871,3803,1,1230
1184,2430,3154,1,1230
1185,3521,2553,1,1230
1186,3303,3027,1,1230
1187,2596,2717,1,1230
1188,3557,3947,1,1230
1189,3057,3616,1,1230
1190,3484,2897,1,1230
1191,3329,3670,1,1230
1192,3802,4053,1,1230
1193,3444,2840,1,1230
1194,2352,3152,1,1230
1195,3455,3904,1,1230
1196,3532,4033,1,1230
1197,2158,3753,1,1230
1198,3110,3593,1,1230
1199,3990,2424,1,1230
1200,2556,3530,1,1230
1201,3580,3381,1,1230
1202,3467,2889,1,1230
1203,3233,3263,1,1230
1204,3162,3788,1,1230
1205,2959,2946,1,1230
1206,3853,3439,1,1230
1207,3837,2180,1,1230
1208,2176,2984,1,1230
1209,2784,4026,1,1230
1210,2833,2687,1,1230
1211,2193,3141,1,1230
1212,2513,3689,1,1230
1213,3774,2128,1,1230
1214,2705,3314,1,1230
1215,3404,2349,1,1230
1216,2908,2808,1,1230
1217,2102,2584,1,1230
1218,2181,3347,1,1230
1219,3200,2617,1,1230
1220,3679,3091,1,1230
1221,3086,2468,1,1230
1222,2508,3357,1,1230
1223,3539,2742,1,1230
1224,3987,3558,1,1230
1225,2877,2486,1,1230
1226,2229,3758,1,1230
1227,3372,3163,1,1230
1228,2238,2981,1,1230
1229,2591,2854,1,1230
1230,3464,3460,1,1230
1231,4021,3815,1,1230
1232,4030,2337,1,1230
1233,3407,2734,1,1230
1234,2522,3733,1,1230
1235,3368,3636,1,1230
1236,2167,3869,1,1230
1237,2902,2431,1,1230
1238,3794,3681,1,1230
1239,2151,3544,1,1230
1240,3228,2217,1,1230
1241,3121,2143,1,1230
1242,3534,2827,1,1230
1243,3197,3675,1,1230
1244,2950,2132,1,1230
1245,3527,2282,1,1230
1246,3308,3827,1,1230
1247,2299,3067,1,1230
1248,2832,3403,1,1230
1249,2098,2339,1,1230
1250,3383,2835,1,1230
1251,3008,3272,1,1230
1252,3879,2628,1,1230
1253,2402,3886,1,1230
1254,3036,2725,1,1230
1255,4023,3328,1,1230
1256,3579,2415,1,1230
1257,3951,3800,1,1230
1258,3493,2645,1,1230
1259,2754,3829,1,1230
1260,3542,3280,1,1230
1261,2188,4008,1,1230
1262,3102,2668,1,1230
1263,3662,2437,1,1230
1264,2228,2794,1,1230
1265,3161,3132,1,1230
1266,3999,2487,1,1230
1267,3297,2592,1,1230
1268,3128,2836,1,1230
1269,4037,3914,1,1230
1270,3729,2517,1,1230
1271,3187,3603,1,1230
1272,2526,2241,1,1230
1273,3322,2655,1,1230
1274,2652,3578,1,1230
1275,3993,2951,1,1230
1276,2581,3257,1,1230
1277,3203,3402,1,1230
1278,2147,3080,1,1230
1279,3626,2825,1,1230
1280,3274,3772,1,1230
1281,2982,3608,1,1230
1282,2483,3966,1,1230
1283,4071,2210,1,1230
1284,3663,3749,1,1230
1285,3728,3294,1,1230
1286,3913,2277,1,1230
1287,3321,2993,1,1230
1288,2674,3061,1,1230
1289,3354,2545,1,1230
1290,2871,2797,1,1230
1291,3984,3333,1,1230
1292,2821,2255,1,1230
1293,3921,2771,1,1230
1294,3188,3529,1,1230
1295,2701,3386,1,1230
1296,2611,2202,1,1230
1297,2290,3621,1,1230
1298,2883,2940,1,1230
1299,3343,2423,1,1230
1300,3831,2838,1,1230
1301,3082,3042,1,1230
1302,3696,3606,1,1230
1303,3766,3813,1,1230
1304,3412,2490,1,1230
1305,3562,3518,1,1230
1306,3095,2422,1,1230
1307,3824,3466,1,1230
1308,4050,3553,1,1230
1309,4034,3436,1,1230
1310,3587,2726,1,1230
1311,2168,3585,1,1230
1312,2544,3266,1,1230
1313,3219,3258,1,1230
1314,2351,3706,1,1230
1315,3883,2499,1,1230
1316,2444,3153,1,1230
1317,3399,2253,1,1230
1318,3934,3207,1,1230
1319,2223,2118,1,1230
1320,3657,3752,1,1230
1321,3893,2409,1,1230
1322,3438,3989,1,1230
1323,2955,2785,1,1230
1324,2763,2411,1,1230
1325,2732,3685,1,1230
1326,3055,3416,1,1230
1327,3531,3881,1,1230
1328,3183,2736,1,1230
1329,3205,3517,1,1230
1330,3976,3136,1,1230
1331,3555,3957,1,1230
1332,3773,3936,1,1230
1333,2958,3798,1,1230
1334,3632,2929,1,1230
1335,2473,2145,1,1230
1336,2985,3030,1,1230
1337,3799,3741,1,1230
1338,2829,2155,1,1230
1339,2296,2884,1,1230
1340,3617,3495,1,1230
1341,2254,2680,1,1230
1342,3014,3858,1,1230
1343,2452,2839,1,1230
1344,2704,3378,1,1230
1345,2250,2844,1,1230
1346,3644,3899,1,1230
1347,3952,2761,1,1230
1348,3125,3604,1,1230
1349,3462,2975,1,1230
1350,3866,2708,1,1230
1351,2315,3977,1,1230
1352,2304,2440,1,1230
1353,3374,3113,1,1230
1354,3668,2286,1,1230
1355,3850,3974,1,1230
1356,3725,3833,1,1230
1357,2379,3204,1,1230
1358,2334,3312,1,1230
1359,2445,4079,1,1230
1360,3790,2997,1,1230
1361,4075,3411,1,1230
1362,2427,2114,1,1230
1363,3480,3285,1,1230
1364,4044,3319,1,1230
1365,3445,3052,1,1230
1366,3554,4065,1,1230
1367,3564,3860,1,1230
1368,4062,3447,1,1230
1369,3526,2187,1,1230
1370,4043,3254,1,1230
1371,2450,3359,1,1230
1372,3283,4028,1,1230
1373,2154,2876,1,1230
1374,3379,2587,1,1230
1375,2230,4042,1,1230
1376,2684,2973,1,1230
1377,2563,2347,1,1230
1378,3305,2205,1,1230
1379,3759,2999,1,1230
1380,2811,2767,1,1230
1381,3111,3884,1,1230
1382,3017,3281,1,1230
1383,2108,4072,1,1230
1384,4036,2092,1,1230
1385,2911,2892,1,1230
1386,2888,3406,1,1230
1387,3620,2741,1,1230
1388,2774,2449,1,1230
1389,2087,2688,1,1230
1390,2894,2605,1,1230
1391,2208,3120,1,1230
1392,3262,3129,1,1230
1393,2822,2245,1,1230
1394,3821,2608,1,1230
1395,2524,4067,1,1230
1396,4001,2121,1,1230
1397,2172,2855,1,1230
1398,3375,2289,1,1230
1399,2559,3172,1,1230
1400,4012,2913,1,1230
1401,3421,3575,1,1230
1402,2931,3982,1,1230
1403,2922,2401,1,1230
1404,3818,2481,1,1230
1405,3878,3044,1,1230
1406,2084,3256,1,1230
1407,2387,3264,1,1230
1408,2218,3719,1,1230
1409,3949,2826,1,1230
1410,3762,2471,1,1230
1411,3250,2557,1,1230
1412,2582,3290,1,1230
1413,2963,2926,1,1230
1414,3339,2722,1,1230
1415,2574,3691,1,1230
1416,2567,3559,1,1230
1417,2960,3609,1,1230
1418,3547,2329,1,1230
1419,3589,2480,1,1230
1420,3073,3909,1,1230
1421,3478,3270,1,1230
1422,2231,3700,1,1230
1423,3323,2178,1,1230
1424,3804,3265,1,1230
1425,2191,3666,1,1230
1426,3523,2723,1,1230
1427,2603,2933,1,1230
1428,2983,2127,1,1230
1429,3537,3548,1,1230
1430,2666,2252,1,1230
1431,3146,2558,1,1230
1432,2414,2849,1,1230
1433,2348,2242,1,1230
1434,3058,2364,1,1230
1435,2595,3010,1,1230
1436,2751,3687,1,1230
1437,4035,2915,1,1230
1438,3038,3001,1,1230
1439,2413,2786,1,1230
1440,2700,2599,1,1230
1441,2201,3715,1,1230
1442,2198,2924,1,1230
1443,2531,2551,1,1230
1444,2221,2707,1,1230
1445,2309,3502,1,1230
1446,3223,2264,1,1230
1447,2735,2498,1,1230
1448,4066,2507,1,1230
1449,2297,3512,1,1230
1450,3452,2106,1,1230
1451,2461,2770,1,1230
1452,3568,2815,1,1230
1453,3369,3870,1,1230
1454,2712,3907,1,1230
1455,2814,2425,1,1230
1456,2097,3823,1,1230
1457,2419,2781,1,1230
1458,3770,3748,1,1230
1459,2366,2133,1,1230
1460,3043,3734,1,1230
1461,3928,2807,1,1230
1462,3583,3409,1,1230
1463,3148,3271,1,1230
1464,3182,2237,1,1230
1465,3313,2316,1,1230
1466,2740,2859,1,1230
1467,3552,3342,1,1230
1468,3647,3226,1,1230
1469,2760,2474,1,1230
1470,2403,2971,1,1230
1471,3618,2953,1,1230
1472,3097,3857,1,1230
1473,2350,2476,1,1230
1474,2332,3964,1,1230
1475,3069,2743,1,1230
1476,2406,2637,1,1230
1477,2268,2716,1,1230
1478,2872,3276,1,1230
1479,3490,3545,1,1230
1480,3769,2224,1,1230
1481,3105,3958,1,1230
1482,2519,3727,1,1230
1483,3239,2236,1,1230
1484,2625,3556,1,1230
1485,3075,2267,1,1230
1486,3185,2463,1,1230
1487,3787,3443,1,1230
1488,2570,3427,1,1230
1489,3705,2945,1,1230
1490,2534,2869,1,1230
1491,3835,3031,1,1230
1492,3963,3269,1,1230
1493,3382,2737,1,1230
1494,4047,3955,1,1230
1495,2390,3184,1,1230
1496,3084,2585,1,1230
1497,2227,3807,1,1230
1498,2279,3995,1,1230
1499,3767,4048,1,1230
1500,3211,2271,1,1230
1501,2285,3237,1,1230
1502,3906,2417,1,1230
1503,3062,3446,1,1230
1504,2375,2986,1,1230
1505,3349,3241,1,1230
1506,3543,3638,1,1230
1507,2175,2621,1,1230
1508,3425,3139,1,1230
1509,3732,3768,1,1230
1510,3287,3418,1,1230
1511,4009,2978,1,1230
1512,4245,4124,1,1255
1513,4578,4911,1,1255
1514,4256,4231,1,1255
1515,6045,5298,1,1255
1516,4830,5575,1,1255
1517,4606,5543,1,1255
1518,5819,4208,1,1255
1519,4501,5984,1,1255
1520,5329,5119,1,1255
1521,4662,5161,1,1255
1522,4449,5176,1,1255
1523,4910,5648,1,1255
1524,5273,5876,1,1255
1525,6051,4782,1,1255
1526,4547,5800,1,1255
1527,5737,4777,1,1255
1528,4127,5042,1,1255
1529,5834,5522,1,1255
1530,6014,6007,1,1255
1531,4611,4281,1,1255
1532,4676,5973,1,1255
1533,5197,5747,1,1255
1534,4770,4132,1,1255
1535,4268,4773,1,1255
1536,4328,4095,1,1255
1537,5396,4307,1,1255
1538,5306,4963,1,1255
1539,5482,4678,1,1255
1540,4183,5328,1,1255
1541,4141,4383,1,1255
1542,5742,4784,1,1255
1543,5382,5283,1,1255
1544,4212,4437,1,1255
1545,4115,4361,1,1255
1546,5390,6066,1,1255
1547,4720,4143,1,1255
1548,4543,4627,1,1255
1549,4335,4801,1,1255
1550,5772,5570,1,1255
1551,4714,4886,1,1255
1552,4616,5740,1,1255
1553,5621,4798,1,1255
1554,4304,5753,1,1255
1555,5977,5483,1,1255
1556,4175,5778,1,1255
1557,4787,4180,1,1255
1558,5595,5268,1,1255
1559,4976,4821,1,1255
1560,5260,5744,1,1255
1561,5439,5503,1,1255
1562,5202,4305,1,1255
1563,5867,6060,1,1255
1564,4549,6063,1,1255
1565,4595,4295,1,1255
1566,4874,4913,1,1255
1567,4658,4657,1,1255
1568,4137,4949,1,1255
1569,5690,4965,1,1255
1570,4406,5701,1,1255
1571,5204,5619,1,1255
1572,4842,5312,1,1255
1573,4680,4954,1,1255
1574,5917,5639,1,1255
1575,6054,6061,1,1255
1576,5376,5569,1,1255
1577,4476,4381,1,1255
1578,4498,4177,1,1255
1579,4219,4370,1,1255
1580,4392,5838,1,1255
1581,4981,5040,1,1255
1582,4157,5057,1,1255
1583,5518,5398,1,1255
1584,5709,4470,1,1255
1585,5920,4552,1,1255
1586,4569,4393,1,1255
1587,4509,5681,1,1255
1588,4145,5985,1,1255
1589,4098,5331,1,1255
1590,5887,4334,1,1255
1591,5735,4766,1,1255
1592,4345,4754,1,1255
1593,4120,4319,1,1255
1594,5653,5263,1,1255
1595,5448,5892,1,1255
1596,5959,4490,1,1255
1597,4781,5941,1,1255
1598,5849,6021,1,1255
1599,5347,4708,1,1255
1600,4362,5135,1,1255
1601,5023,5981,1,1255
1602,6023,5771,1,1255
1603,5870,5016,1,1255
1604,6004,4647,1,1255
1605,4943,5924,1,1255
1606,5944,4296,1,1255
1607,4105,5124,1,1255
1608,6005,4213,1,1255
1609,4187,5188,1,1255
1610,4238,4259,1,1255
1611,4308,5267,1,1255
1612,5770,6012,1,1255
1613,5841,4200,1,1255
1614,5018,6042,1,1255
1615,5193,4856,1,1255
1616,4964,6020,1,1255
1617,4559,4838,1,1255
1618,4567,4422,1,1255
1619,5457,6056,1,1255
1620,4538,4196,1,1255
1621,5177,5643,1,1255
1622,5534,4871,1,1255
1623,4909,4266,1,1255
1624,5579,5754,1,1255
1625,5404,5658,1,1255
1626,5587,4314,1,1255
1627,5832,4776,1,1255
1628,4605,6001,1,1255
1629,5051,4280,1,1255
1630,4684,4483,1,1255
1631,5394,4344,1,1255
1632,4379,4686,1,1255
1633,6067,5843,1,1255
1634,6040,5255,1,1255
1635,5997,4835,1,1255
1636,4500,4831,1,1255
1637,6033,5100,1,1255
1638,5625,4623,1,1255
1639,5406,4875,1,1255
1640,4734,5384,1,1255
1641,5208,5530,1,1255
1642,4398,4420,1,1255
1643,5730,5684,1,1255
1644,5999,5871,1,1255
1645,5231,5076,1,1255
1646,5773,5050,1,1255
1647,4357,6008,1,1255
1648,4349,5125,1,1255
1649,4590,5652,1,1255
1650,5931,5319,1,1255
1651,5961,4696,1,1255
1652,4956,5966,1,1255
1653,4519,5158,1,1255
1654,5796,4193,1,1255
1655,5856,5214,1,1255
1656,4811,5339,1,1255
1657,5061,5807,1,1255
1658,5588,5604,1,1255
1659,4774,5520,1,1255
1660,6068,4560,1,1255
1661,4813,4879,1,1255
1662,5696,5535,1,1255
1663,5957,5288,1,1255
1664,4142,4736,1,1255
1665,5542,4702,1,1255
1666,5129,6062,1,1255
1667,4516,5790,1,1255
1668,4739,5456,1,1255
1669,5508,5397,1,1255
1670,5905,4618,1,1255
1671,4674,4872,1,1255
1672,5413,4228,1,1255
1673,5855,5165,1,1255
1674,5114,4129,1,1255
1675,4609,4607,1,1255
1676,4586,5380,1,1255
1677,5687,5551,1,1255
1678,4123,4520,1,1255
1679,4533,5137,1,1255
1680,4767,5485,1,1255
1681,4237,5915,1,1255
1682,5424,5664,1,1255
1683,5649,5547,1,1255
1684,4252,4215,1,1255
1685,5107,4373,1,1255
1686,4908,4458,1,1255
1687,5046,5164,1,1255
1688,5497,4496,1,1255
1689,4896,5866,1,1255
1690,5182,4276,1,1255
1691,4938,4450,1,1255
1692,5956,5109,1,1255
1693,5488,5857,1,1255
1694,5888,5234,1,1255
1695,5831,5647,1,1255
1696,5232,5874,1,1255
1697,5436,4563,1,1255
1698,4315,4220,1,1255
1699,4673,4742,1,1255
1700,5487,4156,1,1255
1701,5451,5675,1,1255
1702,4508,5885,1,1255
1703,4677,5947,1,1255
1704,4939,5833,1,1255
1705,5285,5928,1,1255
1706,5862,5943,1,1255
1707,4415,5765,1,1255
1708,4694,4236,1,1255
1709,4297,5224,1,1255
1710,4481,4109,1,1255
1711,5257,4466,1,1255
1712,5166,5726,1,1255
1713,4298,5823,1,1255
1714,4650,5068,1,1255
1715,4277,5780,1,1255
1716,5368,4705,1,1255
1717,4768,4101,1,1255
1718,5111,5512,1,1255
1719,5377,5850,1,1255
1720,4488,5923,1,1255
1721,5756,5266,1,1255
1722,5416,5559,1,1255
1723,5215,4793,1,1255
1724,5044,4636,1,1255
1725,5000,5246,1,1255
1726,4194,4216,1,1255
1727,4822,4454,1,1255
1728,4290,4247,1,1255
1729,5035,5427,1,1255
1730,5184,6032,1,1255
1731,5699,4730,1,1255
1732,5507,5256,1,1255
1733,5692,4285,1,1255
1734,5505,4455,1,1255
1735,5797,4722,1,1255
1736,4625,5974,1,1255
1737,4103,5037,1,1255
1738,5198,4110,1,1255
1739,5662,5622,1,1255
1740,4505,4553,1,1255
1741,5909,5760,1,1255
1742,4223,5491,1,1255
1743,4340,5400,1,1255
1744,5028,4188,1,1255
1745,5034,6070,1,1255
1746,5466,5195,1,1255
1747,4993,5095,1,1255
1748,4443,4342,1,1255
1749,5628,5412,1,1255
1750,5132,4651,1,1255
1751,4146,5693,1,1255
1752,5846,4568,1,1255
1753,4883,4528,1,1255
1754,4929,5093,1,1255
1755,4778,5293,1,1255
1756,5381,5410,1,1255
1757,5489,4532,1,1255
1758,5967,5334,1,1255
1759,5303,5092,1,1255
1760,6043,4723,1,1255
1761,5071,5324,1,1255
1762,5932,5839,1,1255
1763,4695,5745,1,1255
1764,4432,4189,1,1255
1765,5610,4306,1,1255
1766,5629,4325,1,1255
1767,5706,5536,1,1255
1768,4554,4602,1,1255
1769,5880,5238,1,1255
1770,5122,4700,1,1255
1771,5793,4301,1,1255
1772,4750,5146,1,1255
1773,5640,5254,1,1255
1774,5471,5840,1,1255
1775,6048,5047,1,1255
1776,6036,4978,1,1255
1777,5115,5983,1,1255
1778,4577,4711,1,1255
1779,5907,4581,1,1255
1780,5151,5666,1,1255
1781,5126,4832,1,1255
1782,5036,5366,1,1255
1783,5426,5824,1,1255
1784,4165,4130,1,1255
1785,4885,5516,1,1255
1786,5460,4144,1,1255
1787,5480,4994,1,1255
1788,5291,4125,1,1255
1789,4565,4181,1,1255
1790,5340,4655,1,1255
1791,5902,4716,1,1255
1792,5698,4389,1,1255
1793,4634,5150,1,1255
1794,4561,5153,1,1255
1795,4587,5361,1,1255
1796,5952,4204,1,1255
1797,4182,4751,1,1255
1798,4274,4973,1,1255
1799,4148,4701,1,1255
1800,5727,4312,1,1255
1801,5082,5599,1,1255
1802,5897,5421,1,1255
1803,4367,4265,1,1255
1804,5804,5571,1,1255
1805,4950,5817,1,1255
1806,5074,5086,1,1255
1807,4631,5348,1,1255
1808,5343,4172,1,1255
1809,4574,4358,1,1255
1810,4961,5578,1,1255
1811,4944,4396,1,1255
1812,4091,4291,1,1255
1813,4419,5222,1,1255
1814,4820,5402,1,1255
1815,4199,4286,1,1255
1816,4438,5779,1,1255
1817,5139,5271,1,1255
1818,5809,5228,1,1255
1819,5155,5357,1,1255
1820,5513,4860,1,1255
1821,5097,4704,1,1255
1822,5802,4887,1,1255
1823,5612,5934,1,1255
1824,5975,5514,1,1255
1825,5021,5567,1,1255
1826,4725,4980,1,1255
1827,4303,4621,1,1255
1828,4155,6039,1,1255
1829,5245,5752,1,1255
1830,5173,5447,1,1255
1831,5560,4531,1,1255
1832,4666,5009,1,1255
1833,5590,5452,1,1255
1834,4889,5761,1,1255
1835,4656,4477,1,1255
1836,5811,4442,1,1255
1837,4226,4785,1,1255
1838,4654,5172,1,1255
1839,4902,5240,1,1255
1840,4555,5995,1,1255
1841,6027,5596,1,1255
1842,5077,4473,1,1255
1843,5295,6025,1,1255
1844,5102,5970,1,1255
1845,4202,5486,1,1255
1846,4195,5691,1,1255
1847,5500,4173,1,1255
1848,6034,5989,1,1255
1849,4594,5946,1,1255
1850,6076,5614,1,1255
1851,5305,5096,1,1255
1852,4928,4660,1,1255
1853,4347,5976,1,1255
1854,5969,5330,1,1255
1855,4117,5686,1,1255
1856,5660,4726,1,1255
1857,5935,5199,1,1255
1858,5951,5432,1,1255
1859,5453,4397,1,1255
1860,5073,4327,1,1255
1861,5791,5563,1,1255
1862,5940,5407,1,1255
1863,4903,5869,1,1255
1864,4322,5205,1,1255
1865,4593,5585,1,1255
1866,4138,4411,1,1255
1867,4863,4741,1,1255
1868,5882,4474,1,1255
1869,6028,5191,1,1255
1870,4388,5469,1,1255
1871,4786,4970,1,1255
1872,5550,5033,1,1255
1873,5606,4426,1,1255
1874,4410,5420,1,1255
1875,5697,5270,1,1255
1876,4404,4275,1,1255
1877,5758,5712,1,1255
1878,4960,5337,1,1255
1879,6075,5229,1,1255
1880,4804,5029,1,1255
1881,5716,5307,1,1255
1882,4661,5808,1,1255
1883,5789,5607,1,1255
1884,5746,4471,1,1255
1885,4102,5226,1,1255
1886,4462,4267,1,1255
1887,5131,4225,1,1255
1888,4619,5008,1,1255
1889,4167,4808,1,1255
1890,5006,4550,1,1255
1891,4154,5066,1,1255
1892,5367,5939,1,1255
1893,4355,5217,1,1255
1894,5872,4429,1,1255
1895,5275,5462,1,1255
1896,4158,5296,1,1255
1897,6049,4363,1,1255
1898,4517,4239,1,1255
1899,5405,5733,1,1255
1900,4941,5705,1,1255
1901,5971,4693,1,1255
1902,5370,4855,1,1255
1903,4933,5532,1,1255
1904,5206,5087,1,1255
1905,5583,5108,1,1255
1906,5116,5678,1,1255
1907,4951,4341,1,1255
1908,4771,4092,1,1255
1909,4423,5225,1,1255
1910,5475,5441,1,1255
1911,5359,4814,1,1255
1912,5732,4817,1,1255
1913,4844,4310,1,1255
1914,4116,4350,1,1255
1915,4085,4318,1,1255
1916,5194,4648,1,1255
1917,5968,5083,1,1255
1918,5052,4221,1,1255
1919,5617,5506,1,1255
1920,6016,4433,1,1255
1921,4942,4201,1,1255
1922,5896,5157,1,1255
1923,4086,4924,1,1255
1924,5728,5269,1,1255
1925,5196,5634,1,1255
1926,4996,5710,1,1255
1927,5859,4727,1,1255
1928,4632,4878,1,1255
1929,4937,4763,1,1255
1930,4931,5565,1,1255
1931,4386,5702,1,1255
1932,5527,6015,1,1255
1933,4384,4494,1,1255
1934,5683,4629,1,1255
1935,4232,5277,1,1255
1936,5253,5528,1,1255
1937,4780,4330,1,1255
1938,5842,5799,1,1255
1939,4967,4639,1,1255
1940,4184,4644,1,1255
1941,6046,5145,1,1255
1942,5388,5642,1,1255
1943,4867,5435,1,1255
1944,4613,5463,1,1255
1945,4093,4724,1,1255
1946,4728,5704,1,1255
1947,5930,5428,1,1255
1948,5169,4391,1,1255
1949,5987,4599,1,1255
1950,5851,5163,1,1255
1951,6031,4749,1,1255
1952,5365,4205,1,1255
1953,5657,5264,1,1255
1954,4876,4264,1,1255
1955,4320,5835,1,1255
1956,4591,5094,1,1255
1957,5759,5820,1,1255
1958,5038,6038,1,1255
1959,5302,5289,1,1255
1960,5080,4733,1,1255
1961,5972,4800,1,1255
1962,5633,4899,1,1255
1963,4096,5743,1,1255
1964,5373,4769,1,1255
1965,5170,4628,1,1255
1966,4504,5262,1,1255
1967,4670,5053,1,1255
1968,5502,4377,1,1255
1969,4206,5221,1,1255
1970,4589,5041,1,1255
1971,4626,4758,1,1255
1972,4359,5467,1,1255
1973,4316,5708,1,1255
1974,5476,5504,1,1255
1975,4932,4853,1,1255
1976,4485,5910,1,1255
1977,4279,5128,1,1255
1978,6024,5729,1,1255
1979,5962,5921,1,1255
1980,5659,4546,1,1255
1981,4414,5449,1,1255
1982,6030,6017,1,1255
1983,4309,4489,1,1255
1984,5860,6037,1,1255
1985,6011,4558,1,1255
1986,4897,4765,1,1255
1987,5067,4624,1,1255
1988,5314,4364,1,1255
1989,5816,4545,1,1255
1990,4174,5548,1,1255
1991,4136,5179,1,1255
1992,5929,5322,1,1255
1993,4877,5113,1,1255
1994,5001,5459,1,1255
1995,4807,5954,1,1255
1996,4664,5958,1,1255
1997,5618,5301,1,1255
1998,6074,4707,1,1255
1999,4703,4108,1,1255
2000,5889,5767,1,1255
2001,5450,6059,1,1255
2002,4487,5392,1,1255
2003,4846,4788,1,1255
2004,4084,4824,1,1255
2005,6073,5354,1,1255
2006,4492,4640,1,1255
2007,5007,5315,1,1255
2008,5613,5299,1,1255
2009,5223,5032,1,1255
2010,5825,4671,1,1255
2011,5689,6013,1,1255
2012,7394,7246,1,1280
2013,8060,7214,1,1280
2014,6153,6535,1,1280
2015,6722,6694,1,1280
2016,8031,6189,1,1280
2017,7596,7372,1,1280
2018,6423,6419,1,1280
2019,7707,6415,1,1280
2020,7638,6272,1,1280
2021,6992,7453,1,1280
2022,8010,6761,1,1280
2023,7559,6165,1,1280
2024,6150,7296,1,1280
2025,6205,7709,1,1280
2026,7211,7470,1,1280
2027,6772,7897,1,1280
2028,8029,6112,1,1280
2029,7895,6418,1,1280
2030,7070,6911,1,1280
2031,6099,7151,1,1280
2032,7615,6450,1,1280
2033,6695,6656,1,1280
2034,7216,7808,1,1280
2035,7911,6769,1,1280
2036,7467,6677,1,1280
2037,6177,6358,1,1280
2038,6215,6430,1,1280
2039,7606,6244,1,1280
2040,7695,6685,1,1280
2041,7045,6885,1,1280
2042,6666,7647,1,1280
2043,6856,7633,1,1280
2044,6371,6640,1,1280
2045,7033,6468,1,1280
2046,7111,7155,1,1280
2047,7988,7713,1,1280
2048,6618,6206,1,1280
2049,6949,6298,1,1280
2050,7329,7332,1,1280
2051,6550,7014,1,1280
2052,7132,7168,1,1280
2053,7393,6644,1,1280
2054,6807,7952,1,1280
2055,7690,7963,1,1280
2056,7174,7179,1,1280
2057,6951,6351,1,1280
2058,6443,7446,1,1280
2059,7340,7650,1,1280
2060,7177,8049,1,1280
2061,7239,6279,1,1280
2062,7753,6837,1,1280
2063,7575,6261,1,1280
2064,6863,7820,1,1280
2065,6654,6424,1,1280
2066,6622,7462,1,1280
2067,7077,7939,1,1280
2068,7204,6479,1,1280
2069,6512,7529,1,1280
2070,6710,7697,1,1280
2071,7947,6878,1,1280
2072,7008,7751,1,1280
2073,6557,7357,1,1280
2074,8008,6275,1,1280
2075,6128,7367,1,1280
2076,6292,7533,1,1280
2077,7285,7441,1,1280
2078,7260,6670,1,1280
2079,7918,6314,1,1280
2080,7540,7236,1,1280
2081,6395,7202,1,1280
2082,7165,7437,1,1280
2083,7855,7370,1,1280
2084,6486,6420,1,1280
2085,7157,6350,1,1280
2086,7856,7152,1,1280
2087,6417,7692,1,1280
2088,6157,6184,1,1280
2089,6925,6771,1,1280
2090,6457,6552,1,1280
2091,6767,7759,1,1280
2092,6941,7424,1,1280
2093,6249,7668,1,1280
2094,6213,7439,1,1280
2095,6480,7231,1,1280
2096,7590,8068,1,1280
2097,6735,6555,1,1280
2098,6402,7723,1,1280
2099,7844,7074,1,1280
2100,7184,6974,1,1280
2101,7608,6133,1,1280
2102,6752,7268,1,1280
2103,7830,7166,1,1280
2104,6560,6211,1,1280
2105,7043,8033,1,1280
2106,6139,7736,1,1280
2107,7630,6778,1,1280
2108,7221,7351,1,1280
2109,7834,6313,1,1280
2110,7377,6252,1,1280
2111,8042,7409,1,1280
2112,6851,7327,1,1280
2113,6869,7491,1,1280
2114,6648,6718,1,1280
2115,7521,6368,1,1280
2116,7681,6812,1,1280
2117,7362,6877,1,1280
2118,8044,7712,1,1280
2119,6178,7178,1,1280
2120,7861,6823,1,1280
2121,7583,6816,1,1280
2122,6162,6955,1,1280
2123,6600,7338,1,1280
2124,7144,7360,1,1280
2125,7951,7631,1,1280
2126,6181,7219,1,1280
2127,6400,7396,1,1280
2128,6331,7349,1,1280
2129,6686,7604,1,1280
2130,6626,6531,1,1280
2131,7853,7488,1,1280
2132,6839,7185,1,1280
2133,6163,7574,1,1280
2134,7950,6495,1,1280
2135,6937,7955,1,1280
2136,8057,7094,1,1280
2137,7747,7632,1,1280
2138,7038,6438,1,1280
2139,7611,7779,1,1280
2140,8064,6716,1,1280
2141,7504,7427,1,1280
2142,6312,7359,1,1280
2143,7710,6594,1,1280
2144,7828,6243,1,1280
2145,6589,6504,1,1280
2146,6789,7309,1,1280
2147,7936,7760,1,1280
2148,6865,7495,1,1280
2149,7448,6323,1,1280
2150,6587,6328,1,1280
2151,6289,7798,1,1280
2152,7233,7875,1,1280
2153,7106,8062,1,1280
2154,7361,7199,1,1280
2155,6449,7516,1,1280
2156,7135,6668,1,1280
2157,6398,6578,1,1280
2158,6355,6817,1,1280
2159,6360,7863,1,1280
2160,6456,6113,1,1280
2161,7486,7599,1,1280
2162,6158,6661,1,1280
2163,6234,7771,1,1280
2164,7313,8004,1,1280
2165,7414,6277,1,1280
2166,6958,7314,1,1280
2167,6508,7459,1,1280
2168,6285,7116,1,1280
2169,7813,7986,1,1280
2170,7741,6563,1,1280
2171,7352,7614,1,1280
2172,6260,6384,1,1280
2173,7097,8030,1,1280
2174,6687,6354,1,1280
2175,7277,6123,1,1280
2176,6732,7576,1,1280
2177,7646,6729,1,1280
2178,6349,6187,1,1280
2179,6152,6280,1,1280
2180,7928,6488,1,1280
2181,6603,6799,1,1280
2182,8011,6605,1,1280
2183,6628,7691,1,1280
2184,6202,6537,1,1280
2185,6433,6749,1,1280
2186,7041,7781,1,1280
2187,7641,6701,1,1280
2188,7941,7322,1,1280
2189,8021,7836,1,1280
2190,7919,7661,1,1280
2191,6446,6276,1,1280
2192,6902,7021,1,1280
2193,7739,6110,1,1280
2194,6171,7927,1,1280
2195,7099,7432,1,1280
2196,6755,6959,1,1280
2197,6316,6739,1,1280
2198,7639,6362,1,1280
2199,7067,6259,1,1280
2200,7137,7581,1,1280
2201,6709,6962,1,1280
2202,6918,7983,1,1280
2203,6391,6690,1,1280
2204,8041,7847,1,1280
2205,6216,6459,1,1280
2206,6334,6759,1,1280
2207,6688,7035,1,1280
2208,6324,6930,1,1280
2209,6240,6691,1,1280
2210,7701,6779,1,1280
2211,7754,6795,1,1280
2212,6092,6441,1,1280
2213,7095,7523,1,1280
2214,6637,7543,1,1280
2215,6265,6724,1,1280
2216,7203,6473,1,1280
2217,7944,7535,1,1280
2218,6845,7987,1,1280
2219,7027,6651,1,1280
2220,7258,7821,1,1280
2221,8025,7702,1,1280
2222,6801,7849,1,1280
2223,7538,7868,1,1280
2224,7727,6232,1,1280
2225,6521,7976,1,1280
2226,7452,6385,1,1280
2227,7222,7772,1,1280
2228,7024,6981,1,1280
2229,7594,8043,1,1280
2230,6317,7104,1,1280
2231,7777,6643,1,1280
2232,7696,6748,1,1280
2233,7577,7831,1,1280
2234,6300,6567,1,1280
2235,6170,7264,1,1280
2236,7122,6770,1,1280
2237,6899,7007,1,1280
2238,7383,7549,1,1280
2239,7355,7985,1,1280
2240,7767,6483,1,1280
2241,7290,6582,1,1280
2242,6976,8056,1,1280
2243,6392,7410,1,1280
2244,7930,7721,1,1280
2245,6106,7926,1,1280
2246,8036,7643,1,1280
2247,7305,7705,1,1280
2248,6619,7082,1,1280
2249,6676,7298,1,1280
2250,6621,6278,1,1280
2251,7036,7570,1,1280
2252,6136,6080,1,1280
2253,7805,6520,1,1280
2254,7796,8050,1,1280
2255,7706,7145,1,1280
2256,6873,7757,1,1280
2257,7671,7564,1,1280
2258,6682,6307,1,1280
2259,6968,6782,1,1280
2260,7735,7282,1,1280
2261,7100,7742,1,1280
2262,7790,6472,1,1280
2263,6394,6663,1,1280
2264,6939,6115,1,1280
2265,6830,6130,1,1280
2266,7245,7042,1,1280
2267,7345,6396,1,1280
2268,6286,7773,1,1280
2269,6085,6487,1,1280
2270,6462,7113,1,1280
2271,6315,6543,1,1280
2272,7877,7818,1,1280
2273,7163,6674,1,1280
2274,6401,6991,1,1280
2275,6757,7449,1,1280
2276,6251,7556,1,1280
2277,6975,6102,1,1280
2278,6798,7400,1,1280
2279,6271,7406,1,1280
2280,6797,6931,1,1280
2281,7859,7626,1,1280
2282,6804,6100,1,1280
2283,7382,7862,1,1280
2284,6646,7510,1,1280
2285,8045,7304,1,1280
2286,8003,7288,1,1280
2287,6936,6964,1,1280
2288,7386,6921,1,1280
2289,7492,6629,1,1280
2290,6475,7102,1,1280
2291,7730,6855,1,1280
2292,7874,7444,1,1280
2293,7436,7029,1,1280
2294,7276,6738,1,1280
2295,6542,7225,1,1280
2296,7009,6151,1,1280
2297,6230,6616,1,1280
2298,6200,7269,1,1280
2299,7732,6896,1,1280
2300,6982,7186,1,1280
2301,7350,7515,1,1280
2302,6819,6167,1,1280
2303,6325,7330,1,1280
2304,7678,7953,1,1280
2305,7435,6481,1,1280
2306,7811,7392,1,1280
2307,7118,7886,1,1280
2308,7716,7347,1,1280
2309,6339,7128,1,1280
2310,6218,7064,1,1280
2311,7004,7795,1,1280
2312,7782,7133,1,1280
2313,6898,7755,1,1280
2314,6882,6199,1,1280
2315,7293,6706,1,1280
2316,6291,7825,1,1280
2317,7703,6723,1,1280
2318,7784,7187,1,1280
2319,6539,6852,1,1280
2320,7134,6781,1,1280
2321,6530,7659,1,1280
2322,7932,6342,1,1280
2323,8006,7982,1,1280
2324,6846,7000,1,1280
2325,7940,6995,1,1280
2326,7756,7522,1,1280
2327,7076,6268,1,1280
2328,7182,7903,1,1280
2329,6321,7028,1,1280
2330,6329,7391,1,1280
2331,8014,7326,1,1280
2332,6374,7514,1,1280
2333,7419,6983,1,1280
2334,7471,7011,1,1280
2335,7464,7250,1,1280
2336,7915,6681,1,1280
2337,6952,6822,1,1280
2338,6248,6489,1,1280
2339,7348,6659,1,1280
2340,6614,7718,1,1280
2341,6940,7949,1,1280
2342,7051,6305,1,1280
2343,6089,7810,1,1280
2344,6159,6571,1,1280
2345,7416,6692,1,1280
2346,7430,7197,1,1280
2347,7848,6858,1,1280
2348,7262,8024,1,1280
2349,7032,6287,1,1280
2350,6222,6860,1,1280
2351,7279,7651,1,1280
2352,7881,6712,1,1280
2353,7192,6373,1,1280
2354,7136,7908,1,1280
2355,6474,7997,1,1280
2356,7744,7356,1,1280
2357,7714,7620,1,1280
2358,6534,7337,1,1280
2359,6809,6625,1,1280
2360,7567,7081,1,1280
2361,7545,7469,1,1280
2362,7040,6933,1,1280
2363,7311,7489,1,1280
2364,7901,7900,1,1280
2365,7833,7458,1,1280
2366,7087,6348,1,1280
2367,6105,7776,1,1280
2368,7096,7078,1,1280
2369,6572,7865,1,1280
2370,7124,7973,1,1280
2371,6422,7317,1,1280
2372,6908,7018,1,1280
2373,7797,7850,1,1280
2374,6987,7259,1,1280
2375,6562,6680,1,1280
2376,7984,6638,1,1280
2377,6347,6985,1,1280
2378,6439,7422,1,1280
2379,6965,7731,1,1280
2380,6246,6961,1,1280
2381,6802,6155,1,1280
2382,7001,6653,1,1280
2383,6948,6387,1,1280
2384,6895,6098,1,1280
2385,7806,7399,1,1280
2386,7775,7256,1,1280
2387,6711,7765,1,1280
2388,6288,7824,1,1280
2389,7194,7909,1,1280
2390,7640,7238,1,1280
2391,6636,7358,1,1280
2392,6926,7217,1,1280
2393,7496,6337,1,1280
2394,6095,6575,1,1280
2395,6725,6813,1,1280
2396,7468,6532,1,1280
2397,7761,7788,1,1280
2398,6843,6510,1,1280
2399,7465,7176,1,1280
2400,7331,7693,1,1280
2401,6740,7518,1,1280
2402,6390,6173,1,1280
2403,7159,6658,1,1280
2404,7103,7509,1,1280
2405,7958,6780,1,1280
2406,7959,7628,1,1280
2407,7343,7366,1,1280
2408,6511,6377,1,1280
2409,6160,6669,1,1280
2410,7069,7552,1,1280
2411,7978,7679,1,1280
2412,7147,7931,1,1280
2413,6108,7869,1,1280
2414,7183,7624,1,1280
2415,7308,7816,1,1280
2416,6584,7894,1,1280
2417,7860,6084,1,1280
2418,7907,7719,1,1280
2419,6359,6967,1,1280
2420,6861,6111,1,1280
2421,6295,6791,1,1280
2422,7899,6208,1,1280
2423,7717,6343,1,1280
2424,7501,7525,1,1280
2425,6536,6713,1,1280
2426,7866,7140,1,1280
2427,7766,7758,1,1280
2428,6146,6299,1,1280
2429,6675,6730,1,1280
2430,6934,6824,1,1280
2431,8046,7960,1,1280
2432,6228,7768,1,1280
2433,7395,7609,1,1280
2434,7655,6720,1,1280
2435,7474,6429,1,1280
2436,7532,7888,1,1280
2437,6220,6913,1,1280
2438,7401,6881,1,1280
2439,6527,7993,1,1280
2440,6219,6660,1,1280
2441,7053,6461,1,1280
2442,6466,7585,1,1280
2443,7817,6559,1,1280
2444,7289,6204,1,1280
2445,7005,6465,1,1280
2446,7234,7061,1,1280
2447,7083,7266,1,1280
2448,6825,7364,1,1280
2449,7334,7402,1,1280
2450,7485,6116,1,1280
2451,7257,6427,1,1280
2452,7752,7822,1,1280
2453,6609,7354,1,1280
2454,7593,7854,1,1280
2455,7871,6998,1,1280
2456,6496,8065,1,1280
2457,6923,7142,1,1280
2458,7227,8017,1,1280
2459,7240,7164,1,1280
2460,8023,7381,1,1280
2461,6768,7975,1,1280
2462,7055,6361,1,1280
2463,7023,7037,1,1280
2464,6301,7555,1,1280
2465,6556,6506,1,1280
2466,6665,6588,1,1280
2467,6303,7826,1,1280
2468,6672,7046,1,1280
2469,6835,6599,1,1280
2470,6224,8054,1,1280
2471,7582,6372,1,1280
2472,6573,7642,1,1280
2473,7251,7207,1,1280
2474,6356,7162,1,1280
2475,7503,7141,1,1280
2476,7688,7943,1,1280
2477,7342,7799,1,1280
2478,8058,6980,1,1280
2479,6946,7711,1,1280
2480,6707,6501,1,1280
2481,6478,7942,1,1280
2482,7411,7031,1,1280
2483,7454,6091,1,1280
2484,7734,7487,1,1280
2485,6294,7610,1,1280
2486,6383,7129,1,1280
2487,7412,7542,1,1280
2488,7059,7579,1,1280
2489,7188,6696,1,1280
2490,7517,6245,1,1280
2491,7175,7935,1,1280
2492,7763,7385,1,1280
2493,8009,7195,1,1280
2494,6274,7896,1,1280
2495,6684,6363,1,1280
2496,7708,6679,1,1280
2497,6590,7156,1,1280
2498,7092,6671,1,1280
2499,6912,8005,1,1280
2500,6994,7071,1,1280
2501,6502,7851,1,1280
2502,7066,6547,1,1280
2503,6947,7892,1,1280
2504,7263,7914,1,1280
2505,7123,6293,1,1280
2506,6444,7047,1,1280
2507,7724,6867,1,1280
2508,7161,7980,1,1280
2509,7837,6255,1,1280
2510,7840,7645,1,1280
2511,7743,7738,1,1280
2512,8307,9391,1,1305
2513,8097,9043,1,1305
2514,9881,8513,1,1305
2515,8679,8764,1,1305
2516,9439,10018,1,1305
2517,8936,9899,1,1305
2518,9693,8986,1,1305
2519,8294,9388,1,1305
2520,9272,9336,1,1305
2521,8950,8867,1,1305
2522,9445,9152,1,1305
2523,8791,8431,1,1305
2524,9512,8416,1,1305
2525,8346,8179,1,1305
2526,9704,9288,1,1305
2527,8717,8569,1,1305
2528,9362,8825,1,1305
2529,9149,9858,1,1305
2530,9780,9669,1,1305
2531,8152,8611,1,1305
2532,9897,9570,1,1305
2533,8685,9063,1,1305
2534,9122,8297,1,1305
2535,8915,9268,1,1305
2536,9291,9723,1,1305
2537,8896,8743,1,1305
2538,8930,8770,1,1305
2539,8100,9050,1,1305
2540,8933,9582,1,1305
2541,8947,8897,1,1305
2542,8808,8114,1,1305
2543,9826,9474,1,1305
2544,8945,8826,1,1305
2545,8321,9307,1,1305
2546,9785,9408,1,1305
2547,8840,8572,1,1305
2548,9659,8640,1,1305
2549,9514,8846,1,1305
2550,8122,9758,1,1305
2551,9172,8392,1,1305
2552,10016,9320,1,1305
2553,8422,8768,1,1305
2554,9407,9827,1,1305
2555,9817,9531,1,1305
2556,8148,9264,1,1305
2557,8244,9317,1,1305
2558,8630,10058,1,1305
2559,9138,8079,1,1305
2560,9352,8929,1,1305
2561,9053,8899,1,1305
2562,8730,9262,1,1305
2563,9934,9888,1,1305
2564,9495,9680,1,1305
2565,8788,9434,1,1305
2566,8901,9119,1,1305
2567,9419,10061,1,1305
2568,9871,9728,1,1305
2569,9110,9794,1,1305
2570,8662,8983,1,1305
2571,9241,8697,1,1305
2572,8126,8098,1,1305
2573,8150,8714,1,1305
2574,8442,9384,1,1305
2575,9329,9345,1,1305
2576,9741,8269,1,1305
2577,9341,9198,1,1305
2578,9599,9818,1,1305
2579,9435,9542,1,1305
2580,9051,8666,1,1305
2581,9585,8939,1,1305
2582,8903,8604,1,1305
2583,8252,8366,1,1305
2584,8766,8783,1,1305
2585,9809,9778,1,1305
2586,8329,8633,1,1305
2587,9586,9626,1,1305
2588,8462,9466,1,1305
2589,8706,9642,1,1305
2590,9163,8644,1,1305
2591,9203,9957,1,1305
2592,9167,8558,1,1305
2593,9967,9734,1,1305
2594,9151,8972,1,1305
2595,8811,8337,1,1305
2596,10037,9643,1,1305
2597,9977,9451,1,1305
2598,8092,8370,1,1305
2599,8288,9983,1,1305
2600,9184,8608,1,1305
2601,8654,8769,1,1305
2602,8359,8363,1,1305
2603,8552,8074,1,1305
2604,8823,8754,1,1305
2605,8113,8515,1,1305
2606,8266,9707,1,1305
2607,8081,8163,1,1305
2608,9954,8923,1,1305
2609,9487,9486,1,1305
2610,9619,9605,1,1305
2611,8243,8813,1,1305
2612,9182,9718,1,1305
2613,8864,9743,1,1305
2614,9981,8613,1,1305
2615,8339,9579,1,1305
2616,9662,9008,1,1305
2617,8537,8500,1,1305
2618,8300,9956,1,1305
2619,9347,8187,1,1305
2620,10051,8793,1,1305
2621,9301,9874,1,1305
2622,9278,8351,1,1305
2623,9016,9150,1,1305
2624,9838,9803,1,1305
2625,8303,8436,1,1305
2626,9366,8595,1,1305
2627,8380,8703,1,1305
2628,8127,9446,1,1305
2629,9361,8746,1,1305
2630,9623,8727,1,1305
2631,10045,8246,1,1305
2632,8186,9333,1,1305
2633,9205,8310,1,1305
2634,8771,8918,1,1305
2635,9829,9596,1,1305
2636,8639,9372,1,1305
2637,8196,8592,1,1305
2638,8687,9085,1,1305
2639,8794,8804,1,1305
2640,9540,8532,1,1305
2641,9020,9084,1,1305
2642,9479,8319,1,1305
2643,9665,8231,1,1305
2644,9226,9338,1,1305
2645,8159,9447,1,1305
2646,9250,8944,1,1305
2647,9035,9861,1,1305
2648,9436,9546,1,1305
2649,9779,8267,1,1305
2650,9702,9283,1,1305
2651,9879,9305,1,1305
2652,9247,9958,1,1305
2653,8724,9859,1,1305
2654,9103,9672,1,1305
2655,8437,9945,1,1305
2656,9252,8525,1,1305
2657,8155,9574,1,1305
2658,9508,9503,1,1305
2659,8879,9742,1,1305
2660,8841,9732,1,1305
2661,9925,8712,1,1305
2662,8428,8968,1,1305
2663,8734,8331,1,1305
2664,8330,9694,1,1305
2665,9921,8985,1,1305
2666,8586,9978,1,1305
2667,8345,8781,1,1305
2668,9211,8680,1,1305
2669,8563,8340,1,1305
2670,9787,9276,1,1305
2671,8349,8902,1,1305
2672,8343,9046,1,1305
2673,8785,9755,1,1305
2674,8138,8193,1,1305
2675,8447,9071,1,1305
2676,8398,8955,1,1305
2677,9397,9416,1,1305
2678,8109,9949,1,1305
2679,9781,9880,1,1305
2680,8669,8704,1,1305
2681,8979,8228,1,1305
2682,8553,8796,1,1305
2683,9989,8131,1,1305
2684,8210,8849,1,1305
2685,8696,8876,1,1305
2686,8235,9472,1,1305
2687,8118,8119,1,1305
2688,9382,9441,1,1305
2689,8261,9588,1,1305
2690,9093,8450,1,1305
2691,8222,9625,1,1305
2692,9223,9600,1,1305
2693,8612,9469,1,1305
2694,8285,8863,1,1305
2695,9773,8497,1,1305
2696,8907,8368,1,1305
2697,9603,9113,1,1305
2698,8634,10047,1,1305
2699,9539,9323,1,1305
2700,9944,8590,1,1305
2701,8201,8438,1,1305
2702,8502,8271,1,1305
2703,9660,9432,1,1305
2704,9143,9299,1,1305
2705,9091,8225,1,1305
2706,9733,9351,1,1305
2707,9498,9098,1,1305
2708,10006,8798,1,1305
2709,8774,9014,1,1305
2710,8851,9056,1,1305
2711,8334,9738,1,1305
2712,8408,9142,1,1305
2713,9835,8577,1,1305
2714,9756,8962,1,1305
2715,9750,8591,1,1305
2716,9630,9261,1,1305
2717,8709,9396,1,1305
2718,9477,9541,1,1305
2719,9676,9433,1,1305
2720,9088,9853,1,1305
2721,8176,9339,1,1305
2722,9130,8077,1,1305
2723,8870,9820,1,1305
2724,9417,9608,1,1305
2725,8805,8543,1,1305
2726,8480,9042,1,1305
2727,9736,8433,1,1305
2728,9948,8642,1,1305
2729,9611,8789,1,1305
2730,9186,9777,1,1305
2731,9533,9668,1,1305
2732,8492,9104,1,1305
2733,9164,9640,1,1305
2734,9428,8887,1,1305
2735,8881,8104,1,1305
2736,8369,9996,1,1305
2737,8692,9112,1,1305
2738,10007,8111,1,1305
2739,8170,9867,1,1305
2740,8739,8153,1,1305
2741,9075,8298,1,1305
2742,9695,9988,1,1305
2743,9354,9200,1,1305
2744,8305,8659,1,1305
2745,9039,9688,1,1305
2746,9134,8605,1,1305
2747,9230,8325,1,1305
2748,9953,9231,1,1305
2749,9920,9452,1,1305
2750,8221,9118,1,1305
2751,9464,9488,1,1305
2752,9627,9072,1,1305
2753,9581,9782,1,1305
2754,9493,9409,1,1305
2755,9931,9984,1,1305
2756,9909,9318,1,1305
2757,8750,8570,1,1305
2758,8555,9544,1,1305
2759,9047,9516,1,1305
2760,8967,9041,1,1305
2761,9463,8311,1,1305
2762,8439,9919,1,1305
2763,9667,9045,1,1305
2764,9471,8404,1,1305
2765,9761,9192,1,1305
2766,9535,8782,1,1305
2767,8508,8468,1,1305
2768,8299,8795,1,1305
2769,9519,9831,1,1305
2770,8424,9148,1,1305
2771,9910,9898,1,1305
2772,9866,9321,1,1305
2773,8759,9378,1,1305
2774,8615,9360,1,1305
2775,8160,8711,1,1305
2776,8653,9772,1,1305
2777,9637,9510,1,1305
2778,9201,8356,1,1305
2779,9068,9591,1,1305
2780,8177,8181,1,1305
2781,9840,9914,1,1305
2782,8425,8493,1,1305
2783,10022,8192,1,1305
2784,9000,8817,1,1305
2785,9648,9092,1,1305
2786,8767,8396,1,1305
2787,9583,8378,1,1305
2788,9617,9073,1,1305
2789,10034,8579,1,1305
2790,9058,8536,1,1305
2791,9767,9057,1,1305
2792,10049,8175,1,1305
2793,8748,8998,1,1305
2794,8256,8274,1,1305
2795,9811,8507,1,1305
2796,8926,8701,1,1305
2797,9367,8078,1,1305
2798,8895,8772,1,1305
2799,9937,8400,1,1305
2800,9624,9280,1,1305
2801,8932,8332,1,1305
2802,9443,10004,1,1305
2803,8545,8664,1,1305
2804,10048,8720,1,1305
2805,10057,8906,1,1305
2806,9248,8165,1,1305
2807,9129,8169,1,1305
2808,8965,9199,1,1305
2809,9708,9243,1,1305
2810,9017,9615,1,1305
2811,8740,8920,1,1305
2812,9400,9587,1,1305
2813,8635,10043,1,1305
2814,8347,8538,1,1305
2815,8263,9810,1,1305
2816,9028,10026,1,1305
2817,8115,9269,1,1305
2818,9392,9796,1,1305
2819,8564,9460,1,1305
2820,8198,9970,1,1305
2821,9959,9006,1,1305
2822,8622,8362,1,1305
2823,10003,8444,1,1305
2824,8521,8919,1,1305
2825,8448,9682,1,1305
2826,9890,9522,1,1305
2827,9007,9876,1,1305
2828,8548,9684,1,1305
2829,9966,10017,1,1305
2830,9324,9061,1,1305
2831,9507,8621,1,1305
2832,9629,8090,1,1305
2833,9260,8686,1,1305
2834,9484,9740,1,1305
2835,9052,9414,1,1305
2836,8646,9929,1,1305
2837,9405,8529,1,1305
2838,9274,9277,1,1305
2839,9651,8587,1,1305
2840,9712,9420,1,1305
2841,8318,9865,1,1305
2842,8466,9618,1,1305
2843,8833,9132,1,1305
2844,8885,8641,1,1305
2845,9383,8473,1,1305
2846,8894,8484,1,1305
2847,9679,9748,1,1305
2848,9656,8913,1,1305
2849,9067,9389,1,1305
2850,8571,8183,1,1305
2851,9342,9390,1,1305
2852,8904,9556,1,1305
2853,8875,9501,1,1305
2854,9213,9456,1,1305
2855,9208,9894,1,1305
2856,9752,8554,1,1305
2857,8694,8353,1,1305
2858,9180,8531,1,1305
2859,10052,8237,1,1305
2860,9932,10027,1,1305
2861,9860,8478,1,1305
2862,9178,9097,1,1305
2863,9207,8952,1,1305
2864,8407,9079,1,1305
2865,9251,9762,1,1305
2866,10055,8178,1,1305
2867,8702,8790,1,1305
2868,9107,9513,1,1305
2869,9994,9236,1,1305
2870,8574,9334,1,1305
2871,9832,8627,1,1305
2872,8828,9699,1,1305
2873,8317,8844,1,1305
2874,8283,10001,1,1305
2875,9502,9641,1,1305
2876,8924,9034,1,1305
2877,9444,9430,1,1305
2878,10005,8520,1,1305
2879,8800,8465,1,1305
2880,8107,8477,1,1305
2881,8491,8911,1,1305
2882,8134,9412,1,1305
2883,9986,9552,1,1305
2884,9528,8348,1,1305
2885,9696,8761,1,1305
2886,9217,8162,1,1305
2887,8460,9985,1,1305
2888,9549,8882,1,1305
2889,8240,8951,1,1305
2890,9681,8742,1,1305
2891,9076,9802,1,1305
2892,8751,9106,1,1305
2893,8254,9141,1,1305
2894,8931,9482,1,1305
2895,8070,8856,1,1305
2896,9194,8588,1,1305
2897,8302,9841,1,1305
2898,9851,8275,1,1305
2899,9293,9737,1,1305
2900,9155,9185,1,1305
2901,8224,10036,1,1305
2902,8886,8287,1,1305
2903,8729,8708,1,1305
2904,8215,8281,1,1305
2905,9547,9991,1,1305
2906,8076,8910,1,1305
2907,8232,9997,1,1305
2908,9395,8547,1,1305
2909,9357,8756,1,1305
2910,8290,8207,1,1305
2911,9566,8382,1,1305
2912,9410,8969,1,1305
2913,9882,8883,1,1305
2914,9214,8792,1,1305
2915,8527,9170,1,1305
2916,8540,8272,1,1305
2917,9869,8373,1,1305
2918,9026,10008,1,1305
2919,8606,8546,1,1305
2920,9374,9854,1,1305
2921,8700,9998,1,1305
2922,8364,8835,1,1305
2923,9770,9238,1,1305
2924,8185,10046,1,1305
2925,9457,8624,1,1305
2926,8419,8204,1,1305
2927,9083,9100,1,1305
2928,8482,8678,1,1305
2929,8656,8991,1,1305
2930,9912,8963,1,1305
2931,9655,8391,1,1305
2932,8161,9425,1,1305
2933,8219,8354,1,1305
2934,9786,9870,1,1305
2935,8975,9554,1,1305
2936,9249,8661,1,1305
2937,9505,8900,1,1305
2938,9845,9891,1,1305
2939,9855,8075,1,1305
2940,9499,8941,1,1305
2941,9009,9470,1,1305
2942,10013,8997,1,1305
2943,8429,8171,1,1305
2944,8385,9559,1,1305
2945,8158,10032,1,1305
2946,8135,9927,1,1305
2947,8576,9760,1,1305
2948,8388,9768,1,1305
2949,8626,9135,1,1305
2950,8412,8954,1,1305
2951,9234,10031,1,1305
2952,8390,8461,1,1305
2953,8071,8322,1,1305
2954,9652,9868,1,1305
2955,8710,8080,1,1305
2956,9783,8410,1,1305
2957,8371,8992,1,1305
2958,8395,9784,1,1305
2959,9049,8728,1,1305
2960,8995,9700,1,1305
2961,8755,8928,1,1305
2962,9421,9161,1,1305
2963,9657,8943,1,1305
2964,9054,9592,1,1305
2965,8518,8479,1,1305
2966,9530,9137,1,1305
2967,8316,8779,1,1305
2968,9233,9689,1,1305
2969,9124,9524,1,1305
2970,8594,8672,1,1305
2971,8440,8137,1,1305
2972,8069,8227,1,1305
2973,9685,9632,1,1305
2974,9575,8239,1,1305
2975,9019,8086,1,1305
2976,9683,9687,1,1305
2977,9322,8212,1,1305
2978,9751,9645,1,1305
2979,8516,9257,1,1305
2980,8597,9094,1,1305
2981,9671,9613,1,1305
2982,8147,8872,1,1305
2983,9974,8733,1,1305
2984,9040,9284,1,1305
2985,9590,8917,1,1305
2986,8898,9146,1,1305
2987,8988,9011,1,1305
2988,8105,8580,1,1305
2989,8948,9228,1,1305
2990,9120,8866,1,1305
2991,9379,8088,1,1305
2992,9746,9332,1,1305
2993,8557,9212,1,1305
2994,9766,9747,1,1305
2995,9941,8125,1,1305
2996,8602,8454,1,1305
2997,9571,8459,1,1305
2998,9481,9677,1,1305
2999,9381,10024,1,1305
3000,8082,9714,1,1305
3001,8815,8667,1,1305
3002,8942,9413,1,1305
3003,9807,8402,1,1305
3004,8787,9267,1,1305
3005,8446,9215,1,1305
3006,9431,8683,1,1305
3007,9497,9561,1,1305
3008,8242,9903,1,1305
3009,8657,8816,1,1305
3010,9005,8452,1,1305
3011,8206,8676,1,1305
3012,10784,11068,1,1330
3013,10088,11840,1,1330
3014,11289,10305,1,1330
3015,10090,10744,1,1330
3016,11584,11492,1,1330
3017,11128,11364,1,1330
3018,12059,10752,1,1330
3019,11127,10747,1,1330
3020,11986,11188,1,1330
3021,11347,10785,1,1330
3022,11627,10823,1,1330
3023,11751,11914,1,1330
3024,11253,11045,1,1330
3025,10766,11807,1,1330
3026,10150,10285,1,1330
3027,10402,10646,1,1330
3028,10243,10364,1,1330
3029,10847,11437,1,1330
3030,10071,10818,1,1330
3031,10974,11525,1,1330
3032,10931,11484,1,1330
3033,11095,11165,1,1330
3034,10379,11214,1,1330
3035,11562,10859,1,1330
3036,10273,11141,1,1330
3037,11336,11806,1,1330
3038,11700,10778,1,1330
3039,11550,10170,1,1330
3040,11603,11859,1,1330
3041,10182,10363,1,1330
3042,10756,11623,1,1330
3043,10286,11405,1,1330
3044,10671,10275,1,1330
3045,10105,11608,1,1330
3046,10633,10192,1,1330
3047,11666,11274,1,1330
3048,11181,10453,1,1330
3049,10065,11973,1,1330
3050,10865,10525,1,1330
3051,11338,10488,1,1330
3052,12004,10470,1,1330
3053,10719,10833,1,1330
3054,10598,11020,1,1330
3055,11745,10261,1,1330
3056,11304,11103,1,1330
3057,11765,11615,1,1330
3058,11878,11376,1,1330
3059,11605,11106,1,1330
3060,10497,10557,1,1330
3061,11335,11858,1,1330
3062,10562,11726,1,1330
3063,10861,10376,1,1330
3064,11074,10724,1,1330
3065,10318,10187,1,1330
3066,11018,10625,1,1330
3067,11054,11430,1,1330
3068,10431,10168,1,1330
3069,11716,11717,1,1330
3070,10676,11494,1,1330
3071,10543,11120,1,1330
3072,10507,11553,1,1330
3073,10941,11055,1,1330
3074,11481,10528,1,1330
3075,11007,11479,1,1330
3076,11314,10956,1,1330
3077,10655,10281,1,1330
3078,10403,11422,1,1330
3079,11902,10741,1,1330
3080,10341,11133,1,1330
3081,11444,11284,1,1330
3082,10764,10982,1,1330
3083,11011,11311,1,1330
3084,10209,10274,1,1330
3085,11073,10382,1,1330
3086,11620,10207,1,1330
3087,11743,10260,1,1330
3088,11604,10743,1,1330
3089,11710,10348,1,1330
3090,10689,11974,1,1330
3091,12010,11643,1,1330
3092,10733,10323,1,1330
3093,11507,11262,1,1330
3094,10329,12036,1,1330
3095,10568,11442,1,1330
3096,10262,11441,1,1330
3097,10069,11300,1,1330
3098,12058,10921,1,1330
3099,10612,11368,1,1330
3100,11586,10888,1,1330
3101,11535,11588,1,1330
3102,10985,10855,1,1330
3103,10316,11362,1,1330
3104,11028,10802,1,1330
3105,10779,10477,1,1330
3106,11673,11817,1,1330
3107,11809,11401,1,1330
3108,10620,11724,1,1330
3109,10228,11741,1,1330
3110,11049,10075,1,1330
3111,11966,11013,1,1330
3112,10455,11177,1,1330
3113,10508,10869,1,1330
3114,10342,10725,1,1330
3115,11270,10556,1,1330
3116,11795,11558,1,1330
3117,11275,10172,1,1330
3118,10892,11209,1,1330
3119,11810,10605,1,1330
3120,11596,11195,1,1330
3121,10085,10070,1,1330
3122,11522,11021,1,1330
3123,11759,11175,1,1330
3124,12017,10878,1,1330
3125,11654,11887,1,1330
3126,11276,11380,1,1330
3127,11691,11959,1,1330
3128,10714,11576,1,1330
3129,10617,11464,1,1330
3130,10093,11223,1,1330
3131,10578,10824,1,1330
3132,10937,11625,1,1330
3133,10706,10853,1,1330
3134,10123,11360,1,1330
3135,11451,10205,1,1330
3136,10411,11864,1,1330
3137,11315,12011,1,1330
3138,11255,10815,1,1330
3139,10566,11719,1,1330
3140,12006,11460,1,1330
3141,11379,11778,1,1330
3142,11575,11036,1,1330
3143,10423,11785,1,1330
3144,10549,10555,1,1330
3145,10751,11767,1,1330
3146,11919,11407,1,1330
3147,11099,10244,1,1330
3148,10287,11035,1,1330
3149,10574,11702,1,1330
3150,10530,10155,1,1330
3151,10777,10939,1,1330
3152,11695,10665,1,1330
3153,10193,11010,1,1330
3154,10343,10637,1,1330
3155,10661,11668,1,1330
3156,11211,11340,1,1330
3157,11435,10269,1,1330
3158,11178,10184,1,1330
3159,10541,10943,1,1330
3160,12018,12066,1,1330
3161,10216,10858,1,1330
3162,10885,11453,1,1330
3163,10675,10976,1,1330
3164,11086,11161,1,1330
3165,11601,11812,1,1330
3166,11907,10727,1,1330
3167,11061,10523,1,1330
3168,10905,11722,1,1330
3169,11827,10289,1,1330
3170,10410,10685,1,1330
3171,11418,11113,1,1330
3172,10761,11117,1,1330
3173,11329,11761,1,1330
3174,10993,11580,1,1330
3175,10452,11459,1,1330
3176,10082,10657,1,1330
3177,12001,10397,1,1330
3178,10465,11290,1,1330
3179,11072,10710,1,1330
3180,11411,11339,1,1330
3181,11555,11937,1,1330
3182,10947,11386,1,1330
3183,10923,10917,1,1330
3184,11180,10251,1,1330
3185,10742,10585,1,1330
3186,11653,11997,1,1330
3187,11233,11935,1,1330
3188,10369,11059,1,1330
3189,10218,11250,1,1330
3190,10166,11733,1,1330
3191,11721,11202,1,1330
3192,10771,11312,1,1330
3193,10829,11102,1,1330
3194,10200,10922,1,1330
3195,11540,11423,1,1330
3196,10933,11728,1,1330
3197,11042,10972,1,1330
3198,10495,11526,1,1330
3199,11399,11428,1,1330
3200,10952,11534,1,1330
3201,10161,10580,1,1330
3202,10546,10234,1,1330
3203,11319,11742,1,1330
3204,10721,10080,1,1330
3205,10264,10475,1,1330
3206,11617,10247,1,1330
3207,10213,11929,1,1330
3208,11530,11505,1,1330
3209,10722,10370,1,1330
3210,10798,10852,1,1330
3211,10960,11696,1,1330
3212,11896,11147,1,1330
3213,11664,11352,1,1330
3214,10804,10111,1,1330
3215,10628,11385,1,1330
3216,10479,10726,1,1330
3217,11031,11963,1,1330
3218,11926,10498,1,1330
3219,11084,11514,1,1330
3220,10464,10473,1,1330
3221,10856,10265,1,1330
3222,12013,11002,1,1330
3223,10629,11406,1,1330
3224,11226,10753,1,1330
3225,12031,11359,1,1330
3226,11107,10345,1,1330
3227,10178,10720,1,1330
3228,10838,11969,1,1330
3229,10344,11860,1,1330
3230,10078,10443,1,1330
3231,11257,10822,1,1330
3232,11832,12041,1,1330
3233,10672,12046,1,1330
3234,10760,11891,1,1330
3235,10810,11221,1,1330
3236,10128,11207,1,1330
3237,10893,10656,1,1330
3238,11968,11783,1,1330
3239,10521,10649,1,1330
3240,11377,10124,1,1330
3241,11082,11176,1,1330
3242,11706,11467,1,1330
3243,11131,11931,1,1330
3244,11799,11069,1,1330
3245,10704,11563,1,1330
3246,11819,11789,1,1330
3247,10462,12025,1,1330
3248,10145,12044,1,1330
3249,10897,10825,1,1330
3250,11277,10607,1,1330
3251,10573,11251,1,1330
3252,11528,10700,1,1330
3253,10283,11101,1,1330
3254,11679,11366,1,1330
3255,11796,10997,1,1330
3256,10561,10845,1,1330
3257,10242,11236,1,1330
3258,12003,10214,1,1330
3259,11076,10514,1,1330
3260,11523,10084,1,1330
3261,11895,11485,1,1330
3262,10805,11545,1,1330
3263,11374,10749,1,1330
3264,11606,11186,1,1330
3265,10981,11572,1,1330
3266,11543,11879,1,1330
3267,11003,10547,1,1330
3268,10314,11196,1,1330
3269,11279,11941,1,1330
3270,10616,11958,1,1330
3271,10925,11749,1,1330
3272,10709,11738,1,1330
3273,10349,11569,1,1330
3274,10518,10915,1,1330
3275,11203,11508,1,1330
3276,11414,10412,1,1330
3277,11267,11922,1,1330
3278,11266,10958,1,1330
3279,10408,10608,1,1330
3280,10559,10499,1,1330
3281,10426,11775,1,1330
3282,11652,11393,1,1330
3283,11610,11662,1,1330
3284,11278,11326,1,1330
3285,11228,11230,1,1330
3286,10339,11381,1,1330
3287,10889,11065,1,1330
3288,11493,10365,1,1330
3289,10092,11301,1,1330
3290,11645,10876,1,1330
3291,11977,11348,1,1330
3292,10969,10678,1,1330
3293,12030,10796,1,1330
3294,11093,11658,1,1330
3295,11100,11152,1,1330
3296,10435,10522,1,1330
3297,11224,10832,1,1330
3298,11590,10367,1,1330
3299,10772,11080,1,1330
3300,10920,10554,1,1330
3301,10503,10468,1,1330
3302,11135,10567,1,1330
3303,10539,10429,1,1330
3304,10846,10519,1,1330
3305,11469,11723,1,1330
3306,10148,10063,1,1330
3307,10896,11344,1,1330
3308,11956,10501,1,1330
3309,10728,11254,1,1330
3310,11808,11863,1,1330
3311,11649,10611,1,1330
3312,11835,10635,1,1330
3313,10177,11551,1,1330
3314,11961,10866,1,1330
3315,11917,12032,1,1330
3316,10130,11280,1,1330
3317,10120,11328,1,1330
3318,11818,11281,1,1330
3319,10536,10098,1,1330
3320,11126,11391,1,1330
3321,11206,11062,1,1330
3322,10938,12052,1,1330
3323,11047,10118,1,1330
3324,11208,11999,1,1330
3325,11641,10371,1,1330
3326,11585,11367,1,1330
3327,11955,11388,1,1330
3328,11994,11286,1,1330
3329,11242,11748,1,1330
3330,12057,11793,1,1330
3331,10640,10478,1,1330
3332,10596,11200,1,1330
3333,11802,10537,1,1330
3334,10288,10533,1,1330
3335,11369,10901,1,1330
3336,11988,10223,1,1330
3337,10134,10712,1,1330
3338,12027,10767,1,1330
3339,11285,10644,1,1330
3340,11052,10708,1,1330
3341,10619,10730,1,1330
3342,11690,10325,1,1330
3343,11967,10769,1,1330
3344,10103,11875,1,1330
3345,10964,11953,1,1330
3346,10827,11162,1,1330
3347,10445,11881,1,1330
3348,10789,10304,1,1330
3349,11039,10188,1,1330
3350,11851,10484,1,1330
3351,10230,10430,1,1330
3352,10447,11309,1,1330
3353,11731,11546,1,1330
3354,10924,11566,1,1330
3355,10201,11837,1,1330
3356,11466,11194,1,1330
3357,10081,11094,1,1330
3358,11427,10158,1,1330
3359,11844,11382,1,1330
3360,10219,10107,1,1330
3361,10909,11898,1,1330
3362,11179,10222,1,1330
3363,10362,10949,1,1330
3364,11394,11995,1,1330
3365,11263,11885,1,1330
3366,10929,11354,1,1330
3367,10463,11524,1,1330
3368,11169,11533,1,1330
3369,11703,11033,1,1330
3370,12050,10590,1,1330
3371,11548,10324,1,1330
3372,10668,11383,1,1330
3373,11012,11297,1,1330
3374,10456,10476,1,1330
3375,11064,11043,1,1330
3376,10584,10967,1,1330
3377,10119,10696,1,1330
3378,10955,11160,1,1330
3379,11671,10928,1,1330
3380,10068,10279,1,1330
3381,10632,11892,1,1330
3382,10180,11964,1,1330
3383,11445,11145,1,1330
3384,11561,11334,1,1330
3385,10872,11694,1,1330
3386,12028,10627,1,1330
3387,10296,10927,1,1330
3388,10298,10384,1,1330
3389,11554,11483,1,1330
3390,11980,10793,1,1330
3391,12023,11092,1,1330
3392,10975,11771,1,1330
3393,11241,11889,1,1330
3394,10438,11757,1,1330
3395,11114,10407,1,1330
3396,11409,11660,1,1330
3397,11346,11843,1,1330
3398,10434,10959,1,1330
3399,10654,10739,1,1330
3400,11480,10817,1,1330
3401,12040,10231,1,1330
3402,10814,11433,1,1330
3403,10494,10121,1,1330
3404,11323,10532,1,1330
3405,10183,10174,1,1330
3406,10812,11544,1,1330
3407,11920,10416,1,1330
3408,12047,10940,1,1330
3409,11718,11521,1,1330
3410,10340,10253,1,1330
3411,11172,10513,1,1330
3412,10331,11704,1,1330
3413,11220,11587,1,1330
3414,11684,11400,1,1330
3415,10942,11841,1,1330
3416,10241,11402,1,1330
3417,11310,11599,1,1330
3418,10995,11424,1,1330
3419,11971,11511,1,1330
3420,11159,11373,1,1330
3421,10664,11820,1,1330
3422,10224,11463,1,1330
3423,10990,10449,1,1330
3424,11341,10347,1,1330
3425,11238,10142,1,1330
3426,11264,11614,1,1330
3427,10604,11939,1,1330
3428,11962,11811,1,1330
3429,11865,10919,1,1330
3430,11815,10702,1,1330
3431,10100,11331,1,1330
3432,10841,10487,1,1330
3433,10096,10631,1,1330
3434,11578,11880,1,1330
3435,11754,11834,1,1330
3436,10801,11766,1,1330
3437,11125,10263,1,1330
3438,10176,10333,1,1330
3439,11644,11549,1,1330
3440,10994,11051,1,1330
3441,10821,10966,1,1330
3442,11089,10614,1,1330
3443,10137,11657,1,1330
3444,11600,11913,1,1330
3445,11063,10089,1,1330
3446,10705,11268,1,1330
3447,10930,10834,1,1330
3448,11005,10073,1,1330
3449,11139,11426,1,1330
3450,10794,11854,1,1330
3451,11026,10662,1,1330
3452,10900,11097,1,1330
3453,11452,10935,1,1330
3454,10258,10245,1,1330
3455,11901,11342,1,1330
3456,11692,10504,1,1330
3457,10548,11389,1,1330
3458,10254,11842,1,1330
3459,12008,11282,1,1330
3460,10144,11866,1,1330
3461,11607,11911,1,1330
3462,10799,10520,1,1330
3463,10775,11616,1,1330
3464,10448,11928,1,1330
3465,11121,10072,1,1330
3466,10826,11130,1,1330
3467,11157,11190,1,1330
3468,10563,11905,1,1330
3469,11025,10951,1,1330
3470,10457,11900,1,1330
3471,11116,10257,1,1330
3472,10500,10586,1,1330
3473,10198,10746,1,1330
3474,10936,10327,1,1330
3475,11853,11078,1,1330
3476,11058,11201,1,1330
3477,10114,11667,1,1330
3478,11192,10467,1,1330
3479,11273,10816,1,1330
3480,10293,11975,1,1330
3481,12055,11216,1,1330
3482,10165,10235,1,1330
3483,11488,12009,1,1330
3484,11868,11419,1,1330
3485,11355,11503,1,1330
3486,11322,11699,1,1330
3487,11674,11923,1,1330
3488,11946,10978,1,1330
3489,11137,10116,1,1330
3490,10781,10239,1,1330
3491,12024,10808,1,1330
3492,10104,10169,1,1330
3493,11877,11927,1,1330
3494,11730,10820,1,1330
3495,11886,11416,1,1330
3496,11996,11166,1,1330
3497,10212,11655,1,1330
3498,10139,10844,1,1330
3499,10237,10849,1,1330
3500,11597,11307,1,1330
3501,10306,10393,1,1330
3502,10583,11516,1,1330
3503,10303,11246,1,1330
3504,10906,10560,1,1330
3505,11883,11836,1,1330
3506,12070,10862,1,1330
3507,11153,11813,1,1330
3508,11044,10439,1,1330
3509,10962,10535,1,1330
3510,11852,11327,1,1330
3511,10217,10653,1,1330
3512,14026,12641,1,1355
3513,13878,13751,1,1355
3514,13374,12782,1,1355
3515,12636,13142,1,1355
3516,13802,12707,1,1355
3517,12940,12423,1,1355
3518,13379,13364,1,1355
3519,12728,12633,1,1355
3520,13347,13414,1,1355
3521,13915,12465,1,1355
3522,12639,13184,1,1355
3523,12545,12795,1,1355
3524,13941,12337,1,1355
3525,12740,13998,1,1355
3526,12386,13548,1,1355
3527,12818,12552,1,1355
3528,12371,12625,1,1355
3529,12311,12214,1,1355
3530,13033,13061,1,1355
3531,12190,13804,1,1355
3532,13222,12599,1,1355
3533,13940,12498,1,1355
3534,13169,12155,1,1355
3535,13085,13791,1,1355
3536,12614,14003,1,1355
3537,12671,13470,1,1355
3538,12153,13795,1,1355
3539,12235,13276,1,1355
3540,12976,12508,1,1355
3541,13755,12283,1,1355
3542,13536,13788,1,1355
3543,13485,12700,1,1355
3544,12084,12727,1,1355
3545,12806,13583,1,1355
3546,12870,12330,1,1355
3547,13036,13576,1,1355
3548,13886,13678,1,1355
3549,13304,13291,1,1355
3550,12319,12653,1,1355
3551,13614,12127,1,1355
3552,12322,13605,1,1355
3553,13624,12869,1,1355
3554,13760,12644,1,1355
3555,12603,12659,1,1355
3556,12206,13090,1,1355
3557,12934,13255,1,1355
3558,13952,12984,1,1355
3559,12227,12350,1,1355
3560,12502,12660,1,1355
3561,13382,12617,1,1355
3562,12734,13665,1,1355
3563,14012,12606,1,1355
3564,12834,13917,1,1355
3565,13232,13381,1,1355
3566,12113,12162,1,1355
3567,13253,13646,1,1355
3568,13891,12757,1,1355
3569,12489,12972,1,1355
3570,12279,13011,1,1355
3571,13677,13821,1,1355
3572,14011,12702,1,1355
3573,13805,13060,1,1355
3574,12260,13084,1,1355
3575,13859,13595,1,1355
3576,12213,13601,1,1355
3577,12839,13212,1,1355
3578,12722,12093,1,1355
3579,13192,13844,1,1355
3580,12560,12947,1,1355
3581,12930,13466,1,1355
3582,12483,13951,1,1355
3583,13010,12793,1,1355
3584,12821,13722,1,1355
3585,13000,12896,1,1355
3586,13660,12651,1,1355
3587,12876,12178,1,1355
3588,13754,13988,1,1355
3589,13450,13015,1,1355
3590,13782,12528,1,1355
3591,12158,12884,1,1355
3592,13781,13757,1,1355
3593,13218,12169,1,1355
3594,12756,12430,1,1355
3595,13808,13716,1,1355
3596,12124,13215,1,1355
3597,12892,13409,1,1355
3598,13974,12790,1,1355
3599,12228,13864,1,1355
3600,13072,12570,1,1355
3601,13579,12121,1,1355
3602,12468,12129,1,1355
3603,12954,12663,1,1355
3604,13712,12589,1,1355
3605,13746,13435,1,1355
3606,13477,12796,1,1355
3607,14034,13426,1,1355
3608,14013,12612,1,1355
3609,12766,12966,1,1355
3610,12246,13504,1,1355
3611,14042,13405,1,1355
3612,13420,13926,1,1355
3613,13088,14040,1,1355
3614,14051,12128,1,1355
3615,13686,12331,1,1355
3616,12563,13561,1,1355
3617,12908,13080,1,1355
3618,12363,13489,1,1355
3619,12211,13301,1,1355
3620,13069,13407,1,1355
3621,13944,13287,1,1355
3622,12763,12309,1,1355
3623,14020,12315,1,1355
3624,12210,13610,1,1355
3625,13123,12116,1,1355
3626,13645,12179,1,1355
3627,13059,13560,1,1355
3628,13856,13619,1,1355
3629,12200,13228,1,1355
3630,13244,12406,1,1355
3631,12425,13830,1,1355
3632,12755,12857,1,1355
3633,13353,12689,1,1355
3634,12675,13274,1,1355
3635,13907,13008,1,1355
3636,12244,13836,1,1355
3637,13927,12087,1,1355
3638,12658,13101,1,1355
3639,13818,12277,1,1355
3640,12739,12960,1,1355
3641,12314,12481,1,1355
3642,12882,12921,1,1355
3643,12540,13147,1,1355
3644,13887,13894,1,1355
3645,13300,14027,1,1355
3646,12944,12475,1,1355
3647,12985,12950,1,1355
3648,12844,12588,1,1355
3649,13694,12219,1,1355
3650,13502,12196,1,1355
3651,12936,12394,1,1355
3652,13923,13248,1,1355
3653,12173,12404,1,1355
3654,12541,13459,1,1355
3655,13328,13984,1,1355
3656,13127,13322,1,1355
3657,13570,12875,1,1355
3658,12459,13983,1,1355
3659,12955,13956,1,1355
3660,13126,12922,1,1355
3661,12925,13596,1,1355
3662,13611,13832,1,1355
3663,13108,13109,1,1355
3664,13160,12098,1,1355
3665,12682,13634,1,1355
3666,12596,12533,1,1355
3667,13661,12275,1,1355
3668,12342,13629,1,1355
3669,13737,12753,1,1355
3670,12910,13258,1,1355
3671,13691,12380,1,1355
3672,12399,12078,1,1355
3673,13939,13295,1,1355
3674,13361,12313,1,1355
3675,13514,12915,1,1355
3676,13546,13299,1,1355
3677,13443,13759,1,1355
3678,13121,13413,1,1355
3679,14009,12472,1,1355
3680,12942,13604,1,1355
3681,13910,12988,1,1355
3682,13980,12836,1,1355
3683,12532,13628,1,1355
3684,13598,13880,1,1355
3685,12938,12289,1,1355
3686,12261,12248,1,1355
3687,12996,13352,1,1355
3688,12607,12152,1,1355
3689,12383,13269,1,1355
3690,13966,12820,1,1355
3691,12927,14053,1,1355
3692,12553,12725,1,1355
3693,12270,13685,1,1355
3694,12402,12450,1,1355
3695,13929,13730,1,1355
3696,12110,12747,1,1355
3697,13198,12075,1,1355
3698,13835,13837,1,1355
3699,13728,13346,1,1355
3700,13501,12381,1,1355
3701,13210,12251,1,1355
3702,13733,13468,1,1355
3703,13799,13758,1,1355
3704,13103,13827,1,1355
3705,12484,12512,1,1355
3706,12669,13003,1,1355
3707,13318,12349,1,1355
3708,12849,12677,1,1355
3709,13089,13146,1,1355
3710,13869,13130,1,1355
3711,13241,12891,1,1355
3712,12881,13313,1,1355
3713,13418,13112,1,1355
3714,13180,13530,1,1355
3715,12670,12781,1,1355
3716,13766,13693,1,1355
3717,12760,13423,1,1355
3718,12537,13159,1,1355
3719,12161,13994,1,1355
3720,13724,12812,1,1355
3721,13841,13559,1,1355
3722,12369,12108,1,1355
3723,12341,12692,1,1355
3724,12357,13736,1,1355
3725,12572,13066,1,1355
3726,13695,13965,1,1355
3727,13314,12187,1,1355
3728,13743,13252,1,1355
3729,13453,12310,1,1355
3730,13438,12987,1,1355
3731,13699,13025,1,1355
3732,12542,13054,1,1355
3733,12544,12250,1,1355
3734,12340,13750,1,1355
3735,12536,13500,1,1355
3736,13380,13136,1,1355
3737,13794,12899,1,1355
3738,13777,12301,1,1355
3739,13779,13063,1,1355
3740,13463,12631,1,1355
3741,12079,12254,1,1355
3742,12951,12688,1,1355
3743,12156,12748,1,1355
3744,13778,13077,1,1355
3745,12305,13171,1,1355
3746,14024,12145,1,1355
3747,12931,12142,1,1355
3748,12395,13883,1,1355
3749,12285,12654,1,1355
3750,13002,12434,1,1355
3751,12800,12076,1,1355
3752,12792,12847,1,1355
3753,14006,13992,1,1355
3754,12438,13071,1,1355
3755,13839,13796,1,1355
3756,13211,13141,1,1355
3757,12585,12718,1,1355
3758,13669,13815,1,1355
3759,13648,13393,1,1355
3760,13572,13189,1,1355
3761,12637,12366,1,1355
3762,14007,12546,1,1355
3763,13847,13616,1,1355
3764,13584,13653,1,1355
3765,12503,13398,1,1355
3766,13551,13807,1,1355
3767,12555,13356,1,1355
3768,13019,12594,1,1355
3769,13337,13280,1,1355
3770,13872,12215,1,1355
3771,13659,13515,1,1355
3772,12469,13396,1,1355
3773,12858,13711,1,1355
3774,13881,13216,1,1355
3775,13095,13990,1,1355
3776,13358,13032,1,1355
3777,12443,12888,1,1355
3778,13692,13978,1,1355
3779,13092,13747,1,1355
3780,13448,12461,1,1355
3781,12648,13813,1,1355
3782,13378,12854,1,1355
3783,12998,12547,1,1355
3784,12939,12937,1,1355
3785,13394,12496,1,1355
3786,13920,12264,1,1355
3787,12803,13826,1,1355
3788,13658,13370,1,1355
3789,13806,13721,1,1355
3790,13800,13119,1,1355
3791,12238,13285,1,1355
3792,12880,12696,1,1355
3793,13687,13400,1,1355
3794,12435,13970,1,1355
3795,13913,13044,1,1355
3796,12410,13753,1,1355
3797,13962,12557,1,1355
3798,13525,13948,1,1355
3799,12543,13573,1,1355
3800,12531,13372,1,1355
3801,12221,12203,1,1355
3802,12562,13985,1,1355
3803,12302,13513,1,1355
3804,13631,12096,1,1355
3805,13563,12838,1,1355
3806,13506,13230,1,1355
3807,13227,13208,1,1355
3808,13168,13148,1,1355
3809,12995,13490,1,1355
3810,12811,12826,1,1355
3811,13801,12099,1,1355
3812,12978,13157,1,1355
3813,13932,14033,1,1355
3814,13143,12717,1,1355
3815,12356,13862,1,1355
3816,13465,13067,1,1355
3817,12109,12456,1,1355
3818,13586,12447,1,1355
3819,12736,13928,1,1355
3820,12973,13144,1,1355
3821,13729,13384,1,1355
3822,14049,13612,1,1355
3823,12267,13613,1,1355
3824,12189,13741,1,1355
3825,12992,13581,1,1355
3826,13732,12226,1,1355
3827,12862,12080,1,1355
3828,12816,14019,1,1355
3829,13675,13464,1,1355
3830,13296,13972,1,1355
3831,13125,13518,1,1355
3832,13333,12679,1,1355
3833,13918,12604,1,1355
3834,13921,12709,1,1355
3835,13460,14045,1,1355
3836,13294,12204,1,1355
3837,12874,13245,1,1355
3838,13091,13947,1,1355
3839,14002,13392,1,1355
3840,12751,14039,1,1355
3841,12413,13254,1,1355
3842,13671,12455,1,1355
3843,12362,12601,1,1355
3844,13099,13981,1,1355
3845,12449,13780,1,1355
3846,12268,13893,1,1355
3847,12102,12935,1,1355
3848,12990,13925,1,1355
3849,12551,13726,1,1355
3850,12690,13383,1,1355
3851,12255,12842,1,1355
3852,13786,13021,1,1355
3853,14004,12974,1,1355
3854,12295,13161,1,1355
3855,12814,12149,1,1355
3856,12623,13194,1,1355
3857,13953,13233,1,1355
3858,13503,12647,1,1355
3859,13068,13325,1,1355
3860,14035,12467,1,1355
3861,12393,13868,1,1355
3862,13135,13679,1,1355
3863,12652,12365,1,1355
3864,12526,12683,1,1355
3865,12873,12989,1,1355
3866,13185,12477,1,1355
3867,12133,13557,1,1355
3868,12500,13618,1,1355
3869,12577,13765,1,1355
3870,14008,12714,1,1355
3871,13562,13114,1,1355
3872,12409,12578,1,1355
3873,12232,12333,1,1355
3874,12900,13704,1,1355
3875,12241,12579,1,1355
3876,12620,13845,1,1355
3877,13024,12316,1,1355
3878,13153,12895,1,1355
3879,13822,12629,1,1355
3880,12358,13936,1,1355
3881,12396,13752,1,1355
3882,13914,13052,1,1355
3883,12949,13030,1,1355
3884,12878,13897,1,1355
3885,13231,13433,1,1355
3886,13633,13131,1,1355
3887,12486,13582,1,1355
3888,13507,12126,1,1355
3889,12458,12516,1,1355
3890,13110,13630,1,1355
3891,12956,12902,1,1355
3892,12492,13492,1,1355
3893,12284,13798,1,1355
3894,12776,13706,1,1355
3895,13860,12883,1,1355
3896,13626,12538,1,1355
3897,12184,13331,1,1355
3898,13682,13842,1,1355
3899,12290,12328,1,1355
3900,12457,12372,1,1355
3901,12165,13606,1,1355
3902,13129,12554,1,1355
3903,13087,12726,1,1355
3904,13828,12759,1,1355
3905,12909,13290,1,1355
3906,13789,13888,1,1355
3907,13014,12912,1,1355
3908,12164,13365,1,1355
3909,13846,13224,1,1355
3910,12359,13599,1,1355
3911,13221,12224,1,1355
3912,13705,13535,1,1355
3913,13497,13261,1,1355
3914,12833,12742,1,1355
3915,12505,13001,1,1355
3916,13911,13820,1,1355
3917,13326,12668,1,1355
3918,12864,13848,1,1355
3919,13152,13968,1,1355
3920,12566,13017,1,1355
3921,13774,13122,1,1355
3922,13946,12905,1,1355
3923,12439,12405,1,1355
3924,12592,14044,1,1355
3925,13034,13892,1,1355
3926,13761,12338,1,1355
3927,13719,12433,1,1355
3928,13053,13442,1,1355
3929,12273,13204,1,1355
3930,13219,13195,1,1355
3931,12377,12293,1,1355
3932,12151,13223,1,1355
3933,12416,12548,1,1355
3934,12397,12308,1,1355
3935,13529,13050,1,1355
3936,13332,12667,1,1355
3937,13650,12859,1,1355
3938,12407,13273,1,1355
3939,12698,13187,1,1355
3940,13047,13016,1,1355
3941,12212,13330,1,1355
3942,13934,12419,1,1355
3943,13899,12731,1,1355
3944,12861,12083,1,1355
3945,14047,12441,1,1355
3946,13279,12917,1,1355
3947,12506,13853,1,1355
3948,13642,12894,1,1355
3949,13991,13556,1,1355
3950,12831,13207,1,1355
3951,12476,13647,1,1355
3952,13235,13340,1,1355
3953,12132,12170,1,1355
3954,13723,12276,1,1355
3955,12529,12970,1,1355
3956,13901,13537,1,1355
3957,12072,13727,1,1355
3958,13181,13587,1,1355
3959,12824,13638,1,1355
3960,13905,12783,1,1355
3961,13093,13371,1,1355
3962,13688,12841,1,1355
3963,12453,13558,1,1355
3964,12081,13012,1,1355
3965,13509,13531,1,1355
3966,12220,13462,1,1355
3967,12253,12916,1,1355
3968,13865,13149,1,1355
3969,12650,12632,1,1355
3970,12088,12379,1,1355
3971,12411,13718,1,1355
3972,12298,13422,1,1355
3973,12598,13467,1,1355
3974,13996,12703,1,1355
3975,12495,12186,1,1355
3976,13311,12120,1,1355
3977,12638,13874,1,1355
3978,13445,13074,1,1355
3979,13096,12737,1,1355
3980,12304,13359,1,1355
3981,13703,12398,1,1355
3982,12872,12092,1,1355
3983,13680,13749,1,1355
3984,13734,12201,1,1355
3985,13004,13097,1,1355
3986,13040,13348,1,1355
3987,12242,13128,1,1355
3988,13341,12167,1,1355
3989,13912,13246,1,1355
3990,14023,12649,1,1355
3991,12303,12634,1,1355
3992,13511,12278,1,1355
3993,13039,12143,1,1355
3994,13173,13289,1,1355
3995,12517,12428,1,1355
3996,12446,13690,1,1355
3997,12205,12918,1,1355
3998,12889,12138,1,1355
3999,12967,12802,1,1355
4000,13534,13510,1,1355
4001,12422,12666,1,1355
4002,12403,12657,1,1355
4003,13270,13064,1,1355
4004,13651,12568,1,1355
4005,12959,12387,1,1355
4006,12415,12780,1,1355
4007,13105,13580,1,1355
4008,12424,13388,1,1355
4009,12320,13191,1,1355
4010,12482,13151,1,1355
4011,12903,13038,1,1355
4012,14618,15476,1,1380
4013,15721,14435,1,1380
4014,15005,14555,1,1380
4015,14180,14313,1,1380
4016,15000,15941,1,1380
4017,15351,14820,1,1380
4018,14446,14665,1,1380
4019,15552,15443,1,1380
4020,15500,14403,1,1380
4021,15149,15103,1,1380
4022,15102,15566,1,1380
4023,15822,15031,1,1380
4024,15033,15455,1,1380
4025,15604,15923,1,1380
4026,15402,15723,1,1380
4027,15179,14104,1,1380
4028,14929,15919,1,1380
4029,15710,15364,1,1380
4030,14713,14526,1,1380
4031,14579,15738,1,1380
4032,15479,15153,1,1380
4033,15976,14340,1,1380
4034,15494,15823,1,1380
4035,14377,15254,1,1380
4036,14475,15802,1,1380
4037,16035,14069,1,1380
4038,15831,14905,1,1380
4039,14645,15308,1,1380
4040,15449,15067,1,1380
4041,14442,14166,1,1380
4042,15317,15385,1,1380
4043,14471,16043,1,1380
4044,15350,15042,1,1380
4045,14387,15779,1,1380
4046,14740,14550,1,1380
4047,14912,14515,1,1380
4048,15670,15211,1,1380
4049,15366,14152,1,1380
4050,14994,15450,1,1380
4051,14782,15814,1,1380
4052,14057,14354,1,1380
4053,14353,14320,1,1380
4054,14569,15546,1,1380
4055,15588,14620,1,1380
4056,14775,14996,1,1380
4057,14811,16038,1,1380
4058,15331,15417,1,1380
4059,14065,14279,1,1380
4060,14271,14922,1,1380
4061,15692,15574,1,1380
4062,14401,14272,1,1380
4063,15169,14582,1,1380
4064,14086,14480,1,1380
4065,15156,15168,1,1380
4066,15789,14648,1,1380
4067,14085,15502,1,1380
4068,14414,14508,1,1380
4069,14502,15206,1,1380
4070,14542,14178,1,1380
4071,14966,14517,1,1380
4072,14457,15026,1,1380
4073,15329,14461,1,1380
4074,14762,15275,1,1380
4075,14624,14407,1,1380
4076,14132,15183,1,1380
4077,15985,14270,1,1380
4078,15170,15001,1,1380
4079,14892,15511,1,1380
4080,15073,14426,1,1380
4081,15286,14710,1,1380
4082,15205,14504,1,1380
4083,15632,15080,1,1380
4084,14255,16027,1,1380
4085,15429,15575,1,1380
4086,15178,14343,1,1380
4087,14565,15269,1,1380
4088,15517,14906,1,1380
4089,14564,15783,1,1380
4090,14432,14633,1,1380
4091,15544,15044,1,1380
4092,15233,14124,1,1380
4093,14691,15487,1,1380
4094,15290,14724,1,1380
4095,14679,14801,1,1380
4096,15028,15538,1,1380
4097,15844,15972,1,1380
4098,15172,14453,1,1380
4099,15607,14552,1,1380
4100,14262,14248,1,1380
4101,14489,15126,1,1380
4102,15930,14738,1,1380
4103,15647,14148,1,1380
4104,14992,15969,1,1380
4105,15668,15931,1,1380
4106,14351,14840,1,1380
4107,15086,14123,1,1380
4108,15144,15132,1,1380
4109,15270,14911,1,1380
4110,15569,15229,1,1380
4111,14719,14427,1,1380
4112,14161,15735,1,1380
4113,14969,15784,1,1380
4114,15466,15068,1,1380
4115,14741,15970,1,1380
4116,15462,15478,1,1380
4117,14416,16054,1,1380
4118,15397,15887,1,1380
4119,15973,15194,1,1380
4120,15303,15616,1,1380
4121,14690,15029,1,1380
4122,15152,14250,1,1380
4123,15982,14374,1,1380
4124,15393,15361,1,1380
4125,14376,15334,1,1380
4126,14726,14257,1,1380
4127,15654,14608,1,1380
4128,15782,14119,1,1380
4129,14838,15489,1,1380
4130,14952,15943,1,1380
4131,14723,15579,1,1380
4132,15936,15525,1,1380
4133,15958,14694,1,1380
4134,14309,14751,1,1380
4135,14260,15201,1,1380
4136,15006,15673,1,1380
4137,14497,15060,1,1380
4138,14861,14748,1,1380
4139,16003,14954,1,1380
4140,16034,15873,1,1380
4141,14159,14364,1,1380
4142,15661,15202,1,1380
4143,14755,15695,1,1380
4144,15023,14615,1,1380
4145,14983,14626,1,1380
4146,14292,15143,1,1380
4147,14639,14621,1,1380
4148,16058,15007,1,1380
4149,15965,14684,1,1380
4150,15849,14322,1,1380
4151,15834,14864,1,1380
4152,14943,14850,1,1380
4153,15571,15441,1,1380
4154,14281,14305,1,1380
4155,15165,14215,1,1380
4156,14058,14419,1,1380
4157,15491,15326,1,1380
4158,14635,14879,1,1380
4159,15209,15618,1,1380
4160,14429,14651,1,1380
4161,14143,15386,1,1380
4162,15860,15845,1,1380
4163,14217,15323,1,1380
4164,14476,14600,1,1380
4165,15767,15745,1,1380
4166,15564,14757,1,1380
4167,15857,14149,1,1380
4168,14532,14545,1,1380
4169,15881,14169,1,1380
4170,14999,15461,1,1380
4171,14265,15556,1,1380
4172,15702,14982,1,1380
4173,14066,14778,1,1380
4174,15186,15324,1,1380
4175,15446,15095,1,1380
4176,15488,15056,1,1380
4177,14285,15410,1,1380
4178,15900,15990,1,1380
4179,15271,15157,1,1380
4180,14133,14277,1,1380
4181,14244,15975,1,1380
4182,14919,15820,1,1380
4183,15105,14109,1,1380
4184,14813,15433,1,1380
4185,14955,15507,1,1380
4186,14974,14760,1,1380
4187,14176,14998,1,1380
4188,14789,14212,1,1380
4189,15378,14454,1,1380
4190,14594,14970,1,1380
4191,15312,15547,1,1380
4192,14328,15232,1,1380
4193,15866,14767,1,1380
4194,14947,15979,1,1380
4195,14872,15894,1,1380
4196,15436,15367,1,1380
4197,15280,15864,1,1380
4198,15994,15549,1,1380
4199,15705,15115,1,1380
4200,14596,14652,1,1380
4201,15565,15526,1,1380
4202,15902,14831,1,1380
4203,15130,15803,1,1380
4204,15239,15726,1,1380
4205,15408,15070,1,1380
4206,14464,14677,1,1380
4207,15295,15562,1,1380
4208,14189,15123,1,1380
4209,15903,14246,1,1380
4210,15863,14909,1,1380
4211,14664,15034,1,1380
4212,14076,15788,1,1380
4213,15444,14335,1,1380
4214,14345,14675,1,1380
4215,15297,15934,1,1380
4216,15345,16009,1,1380
4217,15243,14881,1,1380
4218,15688,15836,1,1380
4219,15495,15891,1,1380
4220,15810,15355,1,1380
4221,15045,14825,1,1380
4222,14466,15079,1,1380
4223,15785,14055,1,1380
4224,15011,15055,1,1380
4225,14399,15879,1,1380
4226,15313,14886,1,1380
4227,14589,15957,1,1380
4228,14817,14588,1,1380
4229,14674,15407,1,1380
4230,14390,14968,1,1380
4231,14211,15711,1,1380
4232,14114,15337,1,1380
4233,14650,14222,1,1380
4234,15935,15151,1,1380
4235,15483,14201,1,1380
4236,14338,14768,1,1380
4237,14363,15791,1,1380
4238,14560,15108,1,1380
4239,14865,14329,1,1380
4240,15601,15426,1,1380
4241,15666,15411,1,1380
4242,15916,14111,1,1380
4243,14836,14063,1,1380
4244,15850,15794,1,1380
4245,15736,15993,1,1380
4246,15642,14339,1,1380
4247,14559,14490,1,1380
4248,15744,15221,1,1380
4249,15427,14896,1,1380
4250,15543,14607,1,1380
4251,14361,14809,1,1380
4252,15753,14531,1,1380
4253,14064,15320,1,1380
4254,14704,15203,1,1380
4255,15043,14296,1,1380
4256,15438,15761,1,1380
4257,14455,14438,1,1380
4258,15452,15644,1,1380
4259,14539,14130,1,1380
4260,14670,15790,1,1380
4261,14553,14828,1,1380
4262,15890,15467,1,1380
4263,15832,15288,1,1380
4264,14566,15619,1,1380
4265,14793,15717,1,1380
4266,14412,14897,1,1380
4267,15354,15046,1,1380
4268,14224,15821,1,1380
4269,15808,14993,1,1380
4270,15448,15484,1,1380
4271,14744,14703,1,1380
4272,15748,15861,1,1380
4273,15698,15762,1,1380
4274,14603,15226,1,1380
4275,15518,15639,1,1380
4276,14597,15669,1,1380
4277,14308,15577,1,1380
4278,15384,14806,1,1380
4279,16005,15181,1,1380
4280,15952,15840,1,1380
4281,14151,15376,1,1380
4282,14436,15693,1,1380
4283,14715,15950,1,1380
4284,15406,14945,1,1380
4285,15256,14592,1,1380
4286,15807,14658,1,1380
4287,14302,15119,1,1380
4288,15061,15627,1,1380
4289,15138,15223,1,1380
4290,14230,14883,1,1380
4291,15937,15971,1,1380
4292,15786,15148,1,1380
4293,15053,16061,1,1380
4294,14742,15424,1,1380
4295,15653,15418,1,1380
4296,15470,15475,1,1380
4297,15681,14923,1,1380
4298,14708,14977,1,1380
4299,14995,15482,1,1380
4300,14100,14140,1,1380
4301,14183,14405,1,1380
4302,15540,14238,1,1380
4303,15706,14746,1,1380
4304,15805,16007,1,1380
4305,15022,15041,1,1380
4306,15716,14240,1,1380
4307,14126,14659,1,1380
4308,15591,15016,1,1380
4309,14902,14622,1,1380
4310,14165,14138,1,1380
4311,14473,15369,1,1380
4312,14584,15161,1,1380
4313,14852,15301,1,1380
4314,14094,15146,1,1380
4315,14254,15719,1,1380
4316,16048,15050,1,1380
4317,14891,15002,1,1380
4318,14118,15995,1,1380
4319,15536,14325,1,1380
4320,14769,14660,1,1380
4321,14157,14430,1,1380
4322,14758,15914,1,1380
4323,14185,15097,1,1380
4324,15913,15010,1,1380
4325,14382,14583,1,1380
4326,14637,14460,1,1380
4327,14141,14946,1,1380
4328,15743,14162,1,1380
4329,14845,15154,1,1380
4330,14598,14759,1,1380
4331,14522,15610,1,1380
4332,15387,14505,1,1380
4333,15058,14965,1,1380
4334,14406,15038,1,1380
4335,14409,15811,1,1380
4336,15252,16030,1,1380
4337,14991,16046,1,1380
4338,14774,14521,1,1380
4339,15493,14683,1,1380
4340,14805,14498,1,1380
4341,15276,15940,1,1380
4342,14644,15135,1,1380
4343,14581,15682,1,1380
4344,15527,14632,1,1380
4345,15853,15089,1,1380
4346,15009,14711,1,1380
4347,16045,14803,1,1380
4348,15477,14625,1,1380
4349,15530,14781,1,1380
4350,14808,14963,1,1380
4351,15257,15962,1,1380
4352,14640,14200,1,1380
4353,15599,15781,1,1380
4354,14122,15100,1,1380
4355,14585,14117,1,1380
4356,14061,14107,1,1380
4357,16052,15874,1,1380
4358,14171,14785,1,1380
4359,15272,14295,1,1380
4360,14202,15583,1,1380
4361,15938,15709,1,1380
4362,14259,14958,1,1380
4363,15686,14337,1,1380
4364,14177,14491,1,1380
4365,14631,14197,1,1380
4366,14706,15694,1,1380
4367,15512,14853,1,1380
4368,16021,15189,1,1380
4369,15764,15589,1,1380
4370,15926,14696,1,1380
4371,14393,15113,1,1380
4372,14121,16047,1,1380
4373,14282,15680,1,1380
4374,15024,15537,1,1380
4375,15665,14470,1,1380
4376,15984,15708,1,1380
4377,14663,14479,1,1380
4378,16010,14233,1,1380
4379,14087,15142,1,1380
4380,14795,14231,1,1380
4381,14437,15766,1,1380
4382,14797,15284,1,1380
4383,14829,14443,1,1380
4384,15193,14511,1,1380
4385,15030,15707,1,1380
4386,15198,15469,1,1380
4387,15075,14321,1,1380
4388,15306,14263,1,1380
4389,15447,14315,1,1380
4390,15696,15336,1,1380
4391,14761,14548,1,1380
4392,14336,14469,1,1380
4393,14190,16055,1,1380
4394,14289,14134,1,1380
4395,14463,15238,1,1380
4396,14525,15739,1,1380
4397,15875,14529,1,1380
4398,15755,15628,1,1380
4399,15687,15504,1,1380
4400,14960,15595,1,1380
4401,14718,15057,1,1380
4402,16050,14889,1,1380
4403,15548,15816,1,1380
4404,15187,14142,1,1380
4405,14687,14323,1,1380
4406,15459,15862,1,1380
4407,15282,14599,1,1380
4408,14413,15274,1,1380
4409,14871,14203,1,1380
4410,15652,15428,1,1380
4411,15908,15437,1,1380
4412,15401,15236,1,1380
4413,15265,14375,1,1380
4414,14068,14172,1,1380
4415,15049,15592,1,1380
4416,14606,14686,1,1380
4417,14510,16024,1,1380
4418,14601,15768,1,1380
4419,15877,14301,1,1380
4420,15471,15529,1,1380
4421,14218,15071,1,1380
4422,14299,14546,1,1380
4423,14792,15085,1,1380
4424,14370,14737,1,1380
4425,16012,14349,1,1380
4426,15196,15082,1,1380
4427,15798,16036,1,1380
4428,15077,15747,1,1380
4429,14573,15835,1,1380
4430,14144,14520,1,1380
4431,15624,14612,1,1380
4432,15658,14519,1,1380
4433,15858,14804,1,1380
4434,15948,14297,1,1380
4435,15403,15806,1,1380
4436,15553,15885,1,1380
4437,14967,15847,1,1380
4438,15496,14699,1,1380
4439,14869,14275,1,1380
4440,14283,15118,1,1380
4441,14735,16001,1,1380
4442,14485,15859,1,1380
4443,14824,15635,1,1380
4444,15625,14398,1,1380
4445,15379,14695,1,1380
4446,14331,14396,1,1380
4447,14128,15090,1,1380
4448,14098,14907,1,1380
4449,15136,15906,1,1380
4450,14628,16016,1,1380
4451,14294,15724,1,1380
4452,14386,14654,1,1380
4453,15649,15843,1,1380
4454,16017,14766,1,1380
4455,14714,15907,1,1380
4456,14790,14110,1,1380
4457,15383,15629,1,1380
4458,15230,14721,1,1380
4459,14988,15713,1,1380
4460,15499,16018,1,1380
4461,16029,15809,1,1380
4462,15896,14818,1,1380
4463,14800,14732,1,1380
4464,15983,14074,1,1380
4465,15277,15480,1,1380
4466,15241,14578,1,1380
4467,14196,15846,1,1380
4468,15667,14920,1,1380
4469,15758,15827,1,1380
4470,14092,15219,1,1380
4471,14306,14523,1,1380
4472,15988,14477,1,1380
4473,14236,14528,1,1380
4474,14106,14685,1,1380
4475,15081,15292,1,1380
4476,15264,14833,1,1380
4477,14334,14720,1,1380
4478,15309,15025,1,1380
4479,14173,14985,1,1380
4480,14483,14662,1,1380
4481,14380,14868,1,1380
4482,15763,15646,1,1380
4483,15356,15775,1,1380
4484,14268,15892,1,1380
4485,14692,15212,1,1380
4486,14729,14226,1,1380
4487,14602,15340,1,1380
4488,14207,15088,1,1380
4489,14997,14193,1,1380
4490,14327,15622,1,1380
4491,15506,15939,1,1380
4492,14080,15163,1,1380
4493,15235,15225,1,1380
4494,14572,14079,1,1380
4495,15714,14506,1,1380
4496,14910,14856,1,1380
4497,15294,14192,1,1380
4498,14368,15289,1,1380
4499,15749,15617,1,1380
4500,15285,15400,1,1380
4501,15657,14636,1,1380
4502,14830,14951,1,1380
4503,15742,15012,1,1380
4504,15818,14198,1,1380
4505,15954,14120,1,1380
4506,15333,14524,1,1380
4507,14734,14609,1,1380
4508,16032,14287,1,1380
4509,14834,15003,1,1380
4510,15520,15889,1,1380
4511,15614,15234,1,1380
4512,16978,16114,1,1405
4513,16252,17737,1,1405
4514,16751,17610,1,1405
4515,17599,16288,1,1405
4516,17462,17762,1,1405
4517,16156,17327,1,1405
4518,16440,17496,1,1405
4519,16902,16991,1,1405
4520,16102,17020,1,1405
4521,17760,16955,1,1405
4522,16970,17586,1,1405
4523,17368,17967,1,1405
4524,16843,17421,1,1405
4525,17805,17040,1,1405
4526,16150,16257,1,1405
4527,17505,16571,1,1405
4528,16346,17408,1,1405
4529,16170,16814,1,1405
4530,16612,16762,1,1405
4531,16276,16575,1,1405
4532,17863,16605,1,1405
4533,18014,16929,1,1405
4534,17266,18003,1,1405
4535,16177,17635,1,1405
4536,16464,17888,1,1405
4537,16665,16116,1,1405
4538,16120,17326,1,1405
4539,16092,16270,1,1405
4540,17324,16730,1,1405
4541,17577,17066,1,1405
4542,17318,16708,1,1405
4543,17089,16064,1,1405
4544,17183,16131,1,1405
4545,17321,17726,1,1405
4546,16358,17441,1,1405
4547,17595,16507,1,1405
4548,16617,16529,1,1405
4549,17508,16805,1,1405
4550,17650,16247,1,1405
4551,17041,17938,1,1405
4552,16832,17910,1,1405
4553,17898,16997,1,1405
4554,17494,17519,1,1405
4555,17371,16121,1,1405
4556,17951,16431,1,1405
4557,16884,17923,1,1405
4558,16550,17436,1,1405
4559,16672,16557,1,1405
4560,17033,17693,1,1405
4561,16598,16209,1,1405
4562,17257,16935,1,1405
4563,17725,16136,1,1405
4564,17794,17389,1,1405
4565,17425,17497,1,1405
4566,17683,17924,1,1405
4567,17714,17747,1,1405
4568,17137,17037,1,1405
4569,17349,17580,1,1405
4570,17428,16485,1,1405
4571,16231,17116,1,1405
4572,17434,16668,1,1405
4573,16159,17877,1,1405
4574,16976,17740,1,1405
4575,16634,18015,1,1405
4576,16130,16651,1,1405
4577,17164,17241,1,1405
4578,16542,17074,1,1405
4579,17733,17830,1,1405
4580,17894,17118,1,1405
4581,16697,17337,1,1405
4582,17052,17892,1,1405
4583,16794,16192,1,1405
4584,17035,16741,1,1405
4585,17589,16357,1,1405
4586,17597,16920,1,1405
4587,17264,16579,1,1405
4588,16850,16866,1,1405
4589,16534,17308,1,1405
4590,17590,16859,1,1405
4591,16784,17329,1,1405
4592,16861,16645,1,1405
4593,18013,16101,1,1405
4594,17879,17817,1,1405
4595,17828,17168,1,1405
4596,17745,17764,1,1405
4597,17732,17044,1,1405
4598,16446,17632,1,1405
4599,17986,17976,1,1405
4600,17305,17953,1,1405
4601,17237,16666,1,1405
4602,16083,16086,1,1405
4603,17223,16310,1,1405
4604,16313,16210,1,1405
4605,17795,17002,1,1405
4606,16602,17414,1,1405
4607,16822,17789,1,1405
4608,17369,17236,1,1405
4609,17488,17272,1,1405
4610,16339,16721,1,1405
4611,17963,16435,1,1405
4612,17280,17545,1,1405
4613,17850,17504,1,1405
4614,17797,17604,1,1405
4615,17594,17516,1,1405
4616,16281,16567,1,1405
4617,17769,17297,1,1405
4618,16545,17313,1,1405
4619,17806,16314,1,1405
4620,17298,16214,1,1405
4621,17643,16564,1,1405
4622,16385,16332,1,1405
4623,17783,17207,1,1405
4624,17370,17491,1,1405
4625,16126,17945,1,1405
4626,17039,17575,1,1405
4627,16753,16764,1,1405
4628,17395,17240,1,1405
4629,17022,17382,1,1405
4630,17351,17802,1,1405
4631,16905,18016,1,1405
4632,16460,17765,1,1405
4633,16642,17260,1,1405
4634,16470,17186,1,1405
4635,17916,17560,1,1405
4636,17948,17946,1,1405
4637,16889,16490,1,1405
4638,16372,17344,1,1405
4639,16522,16761,1,1405
4640,16918,17673,1,1405
4641,17188,17678,1,1405
4642,17502,16857,1,1405
4643,16655,16503,1,1405
4644,17965,16631,1,1405
4645,17532,16759,1,1405
4646,17474,17674,1,1405
4647,17096,16553,1,1405
4648,17359,17728,1,1405
4649,17159,17306,1,1405
4650,17738,17653,1,1405
4651,17330,16316,1,1405
4652,17358,16835,1,1405
4653,16107,17534,1,1405
4654,17793,17746,1,1405
4655,17844,16103,1,1405
4656,17700,17157,1,1405
4657,16901,17753,1,1405
4658,17629,16127,1,1405
4659,17021,17730,1,1405
4660,17814,17353,1,1405
4661,17342,17540,1,1405
4662,16581,17498,1,1405
4663,16090,16914,1,1405
4664,17548,16506,1,1405
4665,16450,17499,1,1405
4666,16533,17961,1,1405
4667,16643,17829,1,1405
4668,16752,17960,1,1405
4669,17912,17978,1,1405
4670,16926,17437,1,1405
4671,17202,16965,1,1405
4672,16788,16203,1,1405
4673,16234,17406,1,1405
4674,17999,17432,1,1405
4675,17495,17663,1,1405
4676,16420,17841,1,1405
4677,17208,16417,1,1405
4678,17518,17696,1,1405
4679,16927,16874,1,1405
4680,17311,16630,1,1405
4681,17477,17098,1,1405
4682,16959,17613,1,1405
4683,17174,16246,1,1405
4684,16082,16559,1,1405
4685,16734,16979,1,1405
4686,17562,16222,1,1405
4687,17749,16755,1,1405
4688,16615,17531,1,1405
4689,17005,17934,1,1405
4690,17233,16757,1,1405
4691,17165,16330,1,1405
4692,17754,17723,1,1405
4693,17348,17440,1,1405
4694,16964,17246,1,1405
4695,16146,16160,1,1405
4696,16475,17640,1,1405
4697,17120,17378,1,1405
4698,17069,17767,1,1405
4699,17029,17026,1,1405
4700,17062,16549,1,1405
4701,17199,16793,1,1405
4702,16904,16948,1,1405
4703,17591,16847,1,1405
4704,17409,16600,1,1405
4705,16682,17680,1,1405
4706,16907,16880,1,1405
4707,17281,16179,1,1405
4708,17834,17131,1,1405
4709,17304,17343,1,1405
4710,17478,16845,1,1405
4711,17032,17824,1,1405
4712,16808,16319,1,1405
4713,17985,16423,1,1405
4714,16173,17522,1,1405
4715,17489,18000,1,1405
4716,17651,17008,1,1405
4717,16492,16397,1,1405
4718,16659,16499,1,1405
4719,17070,17526,1,1405
4720,16167,17867,1,1405
4721,17826,17050,1,1405
4722,17065,17426,1,1405
4723,16992,17461,1,1405
4724,17908,17250,1,1405
4725,17027,16362,1,1405
4726,17085,16487,1,1405
4727,16777,16095,1,1405
4728,16671,17486,1,1405
4729,16413,17876,1,1405
4730,16343,17195,1,1405
4731,17579,17317,1,1405
4732,17424,17937,1,1405
4733,17265,16344,1,1405
4734,17274,16448,1,1405
4735,16151,17143,1,1405
4736,17581,17530,1,1405
4737,17871,16691,1,1405
4738,16782,16432,1,1405
4739,17679,16863,1,1405
4740,16604,16180,1,1405
4741,17573,16360,1,1405
4742,17810,16688,1,1405
4743,17484,16618,1,1405
4744,17203,16265,1,1405
4745,16379,16143,1,1405
4746,17980,16774,1,1405
4747,16100,17374,1,1405
4748,16864,17261,1,1405
4749,17285,17616,1,1405
4750,17990,17935,1,1405
4751,16841,16321,1,1405
4752,17439,17607,1,1405
4753,16830,16096,1,1405
4754,16484,16139,1,1405
4755,17915,17852,1,1405
4756,16563,16501,1,1405
4757,16966,17968,1,1405
4758,16474,17608,1,1405
4759,16900,16433,1,1405
4760,17360,17232,1,1405
4761,17857,17287,1,1405
4762,17563,16687,1,1405
4763,16416,16796,1,1405
4764,17355,16071,1,1405
4765,17193,17055,1,1405
4766,16689,16924,1,1405
4767,16766,17739,1,1405
4768,16196,16912,1,1405
4769,16648,16732,1,1405
4770,17104,17278,1,1405
4771,16510,16199,1,1405
4772,17347,16462,1,1405
4773,17535,16207,1,1405
4774,17179,16243,1,1405
4775,17076,17127,1,1405
4776,16967,16537,1,1405
4777,17512,17334,1,1405
4778,17154,17239,1,1405
4779,17731,17275,1,1405
4780,16677,16452,1,1405
4781,16913,17687,1,1405
4782,16725,16895,1,1405
4783,16232,17614,1,1405
4784,16994,16264,1,1405
4785,17918,16282,1,1405
4786,16897,16305,1,1405
4787,17533,16638,1,1405
4788,16943,16958,1,1405
4789,17314,17966,1,1405
4790,16191,17187,1,1405
4791,17666,16886,1,1405
4792,17559,17124,1,1405
4793,16263,17854,1,1405
4794,17419,16415,1,1405
4795,17375,16801,1,1405
4796,17644,16760,1,1405
4797,17277,17376,1,1405
4798,16390,17652,1,1405
4799,17525,16124,1,1405
4800,16436,16221,1,1405
4801,17998,17015,1,1405
4802,17392,16658,1,1405
4803,17920,17840,1,1405
4804,17465,16220,1,1405
4805,16950,17126,1,1405
4806,16166,17900,1,1405
4807,17365,16783,1,1405
4808,16825,16607,1,1405
4809,17785,17294,1,1405
4810,17984,17685,1,1405
4811,16582,17290,1,1405
4812,16566,17893,1,1405
4813,17878,17231,1,1405
4814,16592,16381,1,1405
4815,16371,16769,1,1405
4816,17401,16865,1,1405
4817,16652,17405,1,1405
4818,17736,16565,1,1405
4819,16670,17930,1,1405
4820,16922,16269,1,1405
4821,17113,16228,1,1405
4822,16365,17701,1,1405
4823,16683,17080,1,1405
4824,16595,16244,1,1405
4825,16606,16176,1,1405
4826,16186,16676,1,1405
4827,17399,17570,1,1405
4828,16226,17448,1,1405
4829,16249,16427,1,1405
4830,17843,17721,1,1405
4831,16789,17618,1,1405
4832,16084,16653,1,1405
4833,17299,16576,1,1405
4834,16827,17615,1,1405
4835,17152,16067,1,1405
4836,17768,17123,1,1405
4837,16399,17866,1,1405
4838,16806,17941,1,1405
4839,17537,17973,1,1405
4840,16973,16851,1,1405
4841,16377,16802,1,1405
4842,16081,17970,1,1405
4843,16445,17741,1,1405
4844,16369,16350,1,1405
4845,16588,17457,1,1405
4846,17429,16932,1,1405
4847,17637,16356,1,1405
4848,17234,16621,1,1405
4849,16854,17859,1,1405
4850,17446,17988,1,1405
4851,17547,16087,1,1405
4852,16773,17520,1,1405
4853,16193,16215,1,1405
4854,16750,17292,1,1405
4855,16593,17868,1,1405
4856,17571,16849,1,1405
4857,17842,16580,1,1405
4858,17256,16307,1,1405
4859,16447,16999,1,1405
4860,16632,16349,1,1405
4861,17517,16690,1,1405
4862,16953,16613,1,1405
4863,16636,17363,1,1405
4864,17000,16457,1,1405
4865,16198,17340,1,1405
4866,17420,17837,1,1405
4867,16303,17759,1,1405
4868,17078,16278,1,1405
4869,16716,17645,1,1405
4870,16366,17144,1,1405
4871,16088,16359,1,1405
4872,16458,16971,1,1405
4873,16527,16174,1,1405
4874,17626,16495,1,1405
4875,16984,17605,1,1405
4876,16072,17667,1,1405
4877,17845,17881,1,1405
4878,17372,17849,1,1405
4879,16201,17468,1,1405
4880,16229,16115,1,1405
4881,17995,16838,1,1405
4882,17090,16093,1,1405
4883,17230,16469,1,1405
4884,17136,16626,1,1405
4885,17686,17592,1,1405
4886,16744,17775,1,1405
4887,16535,17209,1,1405
4888,16709,17377,1,1405
4889,17620,17706,1,1405
4890,17906,17538,1,1405
4891,16608,16380,1,1405
4892,16299,16890,1,1405
4893,17870,17880,1,1405
4894,17045,17782,1,1405
4895,16583,17962,1,1405
4896,16737,16685,1,1405
4897,17786,16855,1,1405
4898,16085,16459,1,1405
4899,16629,17286,1,1405
4900,17724,16238,1,1405
4901,16800,17269,1,1405
4902,16405,16144,1,1405
4903,17270,17940,1,1405
4904,16518,16154,1,1405
4905,16516,17803,1,1405
4906,17669,17333,1,1405
4907,17720,16253,1,1405
4908,17357,16424,1,1405
4909,17784,16411,1,1405
4910,16425,16237,1,1405
4911,16430,17112,1,1405
4912,17254,16129,1,1405
4913,16817,16551,1,1405
4914,16230,16915,1,1405
4915,16079,17396,1,1405
4916,17490,17523,1,1405
4917,17388,16772,1,1405
4918,17099,16616,1,1405
4919,17309,16317,1,1405
4920,17451,17067,1,1405
4921,16184,16834,1,1405
4922,17936,16334,1,1405
4923,16562,16223,1,1405
4924,17804,17642,1,1405
4925,16797,17779,1,1405
4926,18007,17043,1,1405
4927,16387,17704,1,1405
4928,17833,17048,1,1405
4929,17422,17972,1,1405
4930,16735,16925,1,1405
4931,16467,16853,1,1405
4932,16354,16569,1,1405
4933,16933,17056,1,1405
4934,16248,18011,1,1405
4935,16894,17506,1,1405
4936,16352,16807,1,1405
4937,17452,16584,1,1405
4938,17864,17331,1,1405
4939,17633,17766,1,1405
4940,16152,17156,1,1405
4941,17774,17402,1,1405
4942,17110,16074,1,1405
4943,16141,18021,1,1405
4944,17100,16868,1,1405
4945,16911,17600,1,1405
4946,16491,16363,1,1405
4947,17611,17228,1,1405
4948,16291,16646,1,1405
4949,17142,16539,1,1405
4950,17115,16284,1,1405
4951,16698,17480,1,1405
4952,16876,17447,1,1405
4953,17003,16261,1,1405
4954,16739,17858,1,1405
4955,16541,17639,1,1405
4956,16852,17341,1,1405
4957,17051,17812,1,1405
4958,17717,17177,1,1405
4959,17400,16839,1,1405
4960,16641,16610,1,1405
4961,16837,16960,1,1405
4962,17544,16923,1,1405
4963,16525,16823,1,1405
4964,17710,16382,1,1405
4965,17955,16903,1,1405
4966,17316,16620,1,1405
4967,17483,16355,1,1405
4968,16627,16504,1,1405
4969,17220,16707,1,1405
4970,16947,16227,1,1405
4971,17561,16091,1,1405
4972,17268,16353,1,1405
4973,17708,17084,1,1405
4974,16224,17778,1,1405
4975,17885,16218,1,1405
4976,17711,16259,1,1405
4977,17148,16403,1,1405
4978,16117,16419,1,1405
4979,17672,17057,1,1405
4980,16944,16578,1,1405
4981,16308,17800,1,1405
4982,16758,16951,1,1405
4983,16558,16826,1,1405
4984,17947,16785,1,1405
4985,17086,17007,1,1405
4986,16543,16635,1,1405
4987,17068,16622,1,1405
4988,17820,17293,1,1405
4989,16828,17956,1,1405
4990,18022,17453,1,1405
4991,17770,16795,1,1405
4992,16977,16937,1,1405
4993,17058,17675,1,1405
4994,17688,16483,1,1405
4995,16637,17210,1,1405
4996,16133,16957,1,1405
4997,17636,17267,1,1405
4998,16211,16271,1,1405
4999,17665,16695,1,1405
5000,17471,16609,1,1405
5001,17752,17141,1,1405
5002,16986,16816,1,1405
5003,17521,18020,1,1405
5004,16585,16240,1,1405
5005,16293,17773,1,1405
5006,16212,16189,1,1405
5007,16798,17117,1,1405
5008,16768,16454,1,1405
5009,16771,16705,1,1405
5010,16938,17959,1,1405
5011,17273,17175,1,1405
5012,18642,18036,1,1430
5013,19715,18929,1,1430
5014,19586,18703,1,1430
5015,19427,19795,1,1430
5016,18809,19325,1,1430
5017,19930,18850,1,1430
5018,19071,19198,1,1430
5019,18316,19034,1,1430
5020,19148,18166,1,1430
5021,18395,18570,1,1430
5022,19122,18428,1,1430
5023,19368,18160,1,1430
5024,18741,18807,1,1430
5025,19135,19428,1,1430
5026,18884,19972,1,1430
5027,19323,19802,1,1430
5028,18041,19923,1,1430
5029,19642,18414,1,1430
5030,18674,18764,1,1430
5031,19188,18462,1,1430
5032,19163,19406,1,1430
5033,18186,18666,1,1430
5034,18266,19786,1,1430
5035,18396,19981,1,1430
5036,19526,18998,1,1430
5037,19690,19393,1,1430
5038,18919,18516,1,1430
5039,18626,19107,1,1430
5040,18525,19927,1,1430
5041,19953,18174,1,1430
5042,19499,18675,1,1430
5043,18928,18184,1,1430
5044,18341,19245,1,1430
5045,18209,19687,1,1430
5046,19100,18339,1,1430
5047,19097,18599,1,1430
5048,18495,18676,1,1430
5049,18279,19729,1,1430
5050,18725,18729,1,1430
5051,18297,18803,1,1430
5052,19219,19453,1,1430
5053,19326,19796,1,1430
5054,18172,18777,1,1430
5055,18839,18437,1,1430
5056,18473,18403,1,1430
5057,19748,19435,1,1430
5058,18684,18953,1,1430
5059,18937,19836,1,1430
5060,18375,18490,1,1430
5061,19334,19494,1,1430
5062,18239,19894,1,1430
5063,18681,19458,1,1430
5064,18439,18302,1,1430
5065,19230,19842,1,1430
5066,18268,18113,1,1430
5067,18098,18272,1,1430
5068,18203,19906,1,1430
5069,19280,19837,1,1430
5070,19535,19081,1,1430
5071,19234,18257,1,1430
5072,18340,19460,1,1430
5073,18774,19801,1,1430
5074,19767,18849,1,1430
5075,18883,18871,1,1430
5076,18831,18987,1,1430
5077,18842,19436,1,1430
5078,18966,19739,1,1430
5079,19209,18526,1,1430
5080,19773,19777,1,1430
5081,19115,18554,1,1430
5082,19474,19041,1,1430
5083,18062,18622,1,1430
5084,18190,19676,1,1430
5085,19179,18906,1,1430
5086,18121,19833,1,1430
5087,18744,18367,1,1430
5088,18644,18932,1,1430
5089,19277,19201,1,1430
5090,18482,18467,1,1430
5091,18284,19559,1,1430
5092,19189,19139,1,1430
5093,18231,18276,1,1430
5094,18965,18978,1,1430
5095,18959,19238,1,1430
5096,18484,18353,1,1430
5097,18427,19949,1,1430
5098,18454,18323,1,1430
5099,19396,18256,1,1430
5100,19310,18588,1,1430
5101,18984,18173,1,1430
5102,18679,18898,1,1430
5103,19874,19723,1,1430
5104,19649,19359,1,1430
5105,18894,18393,1,1430
5106,18633,19244,1,1430
5107,18143,18282,1,1430
5108,19251,18145,1,1430
5109,19822,19957,1,1430
5110,19531,18903,1,1430
5111,18592,19114,1,1430
5112,18941,18616,1,1430
5113,18990,18988,1,1430
5114,19661,19825,1,1430
5115,19515,18578,1,1430
5116,18638,18390,1,1430
5117,18333,18478,1,1430
5118,19074,19574,1,1430
5119,18091,18076,1,1430
5120,19322,18939,1,1430
5121,18760,19195,1,1430
5122,18527,18964,1,1430
5123,18199,19184,1,1430
5124,18568,19465,1,1430
5125,18915,18379,1,1430
5126,19152,18144,1,1430
5127,19688,18874,1,1430
5128,18542,19644,1,1430
5129,19607,19162,1,1430
5130,18544,19501,1,1430
5131,18132,19079,1,1430
5132,19357,18754,1,1430
5133,18177,18947,1,1430
5134,19429,18523,1,1430
5135,18337,19006,1,1430
5136,18031,18450,1,1430
5137,19331,18509,1,1430
5138,18275,18534,1,1430
5139,18045,18069,1,1430
5140,18628,18614,1,1430
5141,18520,19994,1,1430
5142,19821,18288,1,1430
5143,19438,18243,1,1430
5144,18972,18841,1,1430
5145,19240,19854,1,1430
5146,19218,19200,1,1430
5147,19978,18325,1,1430
5148,18217,19144,1,1430
5149,19704,18185,1,1430
5150,18344,18072,1,1430
5151,18739,19712,1,1430
5152,19037,18408,1,1430
5153,18260,18518,1,1430
5154,18637,19150,1,1430
5155,18504,18927,1,1430
5156,19514,19498,1,1430
5157,18238,19049,1,1430
5158,19362,19450,1,1430
5159,19694,19401,1,1430
5160,19484,19185,1,1430
5161,18863,18195,1,1430
5162,19754,19023,1,1430
5163,18911,18378,1,1430
5164,19612,18561,1,1430
5165,18768,18472,1,1430
5166,19001,19638,1,1430
5167,19591,19761,1,1430
5168,19749,18303,1,1430
5169,19793,19342,1,1430
5170,19121,18360,1,1430
5171,18586,19969,1,1430
5172,19582,19670,1,1430
5173,19637,18457,1,1430
5174,19892,19035,1,1430
5175,18115,19512,1,1430
5176,18956,18715,1,1430
5177,19861,19829,1,1430
5178,18825,19157,1,1430
5179,19491,19386,1,1430
5180,19807,18618,1,1430
5181,19250,19448,1,1430
5182,18085,19010,1,1430
5183,19224,18406,1,1430
5184,18607,19954,1,1430
5185,18227,19686,1,1430
5186,18317,19454,1,1430
5187,19367,19493,1,1430
5188,19274,18583,1,1430
5189,19629,18300,1,1430
5190,18755,18519,1,1430
5191,18528,18354,1,1430
5192,19463,18861,1,1430
5193,19278,19986,1,1430
5194,19096,19744,1,1430
5195,19658,18310,1,1430
5196,19568,19592,1,1430
5197,18936,18120,1,1430
5198,19141,18782,1,1430
5199,18404,18817,1,1430
5200,19911,19351,1,1430
5201,18140,19550,1,1430
5202,18104,18793,1,1430
5203,19542,19024,1,1430
5204,18419,19959,1,1430
5205,18030,18706,1,1430
5206,18407,18902,1,1430
5207,19300,19677,1,1430
5208,18838,19727,1,1430
5209,18364,19133,1,1430
5210,18267,19606,1,1430
5211,18702,18776,1,1430
5212,18649,18643,1,1430
5213,18857,18686,1,1430
5214,18635,19616,1,1430
5215,18057,18560,1,1430
5216,18801,18912,1,1430
5217,19355,18180,1,1430
5218,18025,18811,1,1430
5219,18952,19187,1,1430
5220,18155,19394,1,1430
5221,19870,19964,1,1430
5222,18530,18595,1,1430
5223,19270,18689,1,1430
5224,19358,18557,1,1430
5225,18957,19087,1,1430
5226,19820,18787,1,1430
5227,19899,19416,1,1430
5228,18954,19847,1,1430
5229,18107,19648,1,1430
5230,19812,19485,1,1430
5231,19099,18869,1,1430
5232,19818,18129,1,1430
5233,18236,18374,1,1430
5234,18280,18388,1,1430
5235,18709,18079,1,1430
5236,19487,18629,1,1430
5237,19303,19047,1,1430
5238,18584,18720,1,1430
5239,19581,19378,1,1430
5240,18577,18335,1,1430
5241,19431,18053,1,1430
5242,18647,19709,1,1430
5243,18551,19361,1,1430
5244,18228,18571,1,1430
5245,19620,18854,1,1430
5246,19657,19095,1,1430
5247,19214,18576,1,1430
5248,18119,19170,1,1430
5249,19042,19955,1,1430
5250,19863,18352,1,1430
5251,18485,18907,1,1430
5252,19549,19975,1,1430
5253,19510,19456,1,1430
5254,18960,18611,1,1430
5255,18154,18082,1,1430
5256,19147,18961,1,1430
5257,19851,18286,1,1430
5258,18975,19990,1,1430
5259,18309,18093,1,1430
5260,19040,18794,1,1430
5261,19169,18175,1,1430
5262,19222,19353,1,1430
5263,19199,18466,1,1430
5264,18585,18673,1,1430
5265,19062,18161,1,1430
5266,18033,19651,1,1430
5267,18380,19324,1,1430
5268,19743,19469,1,1430
5269,18133,19067,1,1430
5270,18073,18092,1,1430
5271,19337,19770,1,1430
5272,18114,18786,1,1430
5273,19149,19038,1,1430
5274,19933,18775,1,1430
5275,18623,19698,1,1430
5276,19373,19480,1,1430
5277,19659,18550,1,1430
5278,18459,18918,1,1430
5279,18598,19734,1,1430
5280,18497,18910,1,1430
5281,18687,19315,1,1430
5282,18579,18210,1,1430
5283,18468,19898,1,1430
5284,19320,19161,1,1430
5285,18096,19948,1,1430
5286,19298,18250,1,1430
5287,19701,18562,1,1430
5288,18924,18245,1,1430
5289,18332,18986,1,1430
5290,19525,18305,1,1430
5291,19674,18356,1,1430
5292,18081,18277,1,1430
5293,18770,19211,1,1430
5294,18131,19032,1,1430
5295,18735,19116,1,1430
5296,19409,18475,1,1430
5297,19865,19938,1,1430
5298,19939,19496,1,1430
5299,18362,19564,1,1430
5300,19852,18075,1,1430
5301,19682,18153,1,1430
5302,18913,19314,1,1430
5303,18281,19628,1,1430
5304,19936,19931,1,1430
5305,18105,18370,1,1430
5306,18547,18905,1,1430
5307,18933,19711,1,1430
5308,19689,18400,1,1430
5309,19391,18100,1,1430
5310,18440,18225,1,1430
5311,19215,18470,1,1430
5312,18295,18875,1,1430
5313,19039,18430,1,1430
5314,18244,18391,1,1430
5315,18648,19138,1,1430
5316,19738,18278,1,1430
5317,18892,19486,1,1430
5318,18773,18038,1,1430
5319,19286,19384,1,1430
5320,18540,18494,1,1430
5321,18285,19992,1,1430
5322,19604,19879,1,1430
5323,18505,18084,1,1430
5324,18205,19853,1,1430
5325,18630,18443,1,1430
5326,18233,19577,1,1430
5327,19596,19844,1,1430
5328,19479,18942,1,1430
5329,18426,19667,1,1430
5330,18653,19283,1,1430
5331,19759,18048,1,1430
5332,18051,19573,1,1430
5333,19268,18349,1,1430
5334,18512,18102,1,1430
5335,18453,19167,1,1430
5336,19835,18690,1,1430
5337,18460,19086,1,1430
5338,19886,19341,1,1430
5339,18130,18993,1,1430
5340,19699,19790,1,1430
5341,18541,18980,1,1430
5342,19232,19619,1,1430
5343,19611,19078,1,1430
5344,18126,18685,1,1430
5345,19605,19007,1,1430
5346,18343,18039,1,1430
5347,18539,18669,1,1430
5348,18555,19110,1,1430
5349,18602,18157,1,1430
5350,18749,19462,1,1430
5351,18879,19102,1,1430
5352,18751,18951,1,1430
5353,18792,19272,1,1430
5354,19841,19656,1,1430
5355,18399,18436,1,1430
5356,19036,19984,1,1430
5357,19311,19741,1,1430
5358,18824,19464,1,1430
5359,19683,19924,1,1430
5360,18718,18382,1,1430
5361,19482,18909,1,1430
5362,19781,18095,1,1430
5363,18024,19569,1,1430
5364,19048,19382,1,1430
5365,19665,19719,1,1430
5366,19919,19623,1,1430
5367,18151,19742,1,1430
5368,19181,19963,1,1430
5369,19379,18823,1,1430
5370,18503,19443,1,1430
5371,19197,19816,1,1430
5372,18833,18682,1,1430
5373,19206,18163,1,1430
5374,19217,19505,1,1430
5375,18636,18109,1,1430
5376,18778,19246,1,1430
5377,18211,18247,1,1430
5378,19452,18612,1,1430
5379,19281,18513,1,1430
5380,19426,18346,1,1430
5381,19473,19547,1,1430
5382,19471,19044,1,1430
5383,19702,19669,1,1430
5384,19080,18103,1,1430
5385,19228,18945,1,1430
5386,19249,19902,1,1430
5387,19128,18197,1,1430
5388,18158,19059,1,1430
5389,19803,18097,1,1430
5390,19987,19563,1,1430
5391,18985,18240,1,1430
5392,18973,18254,1,1430
5393,19412,19330,1,1430
5394,19236,18056,1,1430
5395,18805,19349,1,1430
5396,19405,18226,1,1430
5397,19466,18606,1,1430
5398,18037,18293,1,1430
5399,19540,19789,1,1430
5400,19156,19885,1,1430
5401,19318,18865,1,1430
5402,18756,19410,1,1430
5403,19372,19960,1,1430
5404,19503,18418,1,1430
5405,19263,19089,1,1430
5406,18779,19557,1,1430
5407,18830,18032,1,1430
5408,19570,18296,1,1430
5409,18569,19476,1,1430
5410,18274,18624,1,1430
5411,19771,19583,1,1430
5412,19920,19775,1,1430
5413,19538,18301,1,1430
5414,19528,19597,1,1430
5415,19889,19481,1,1430
5416,18621,19788,1,1430
5417,19647,19111,1,1430
5418,19279,19588,1,1430
5419,18696,19375,1,1430
5420,18262,18321,1,1430
5421,19490,19763,1,1430
5422,18307,18646,1,1430
5423,19668,19309,1,1430
5424,19018,19253,1,1430
5425,19950,19932,1,1430
5426,18659,18424,1,1430
5427,18834,18365,1,1430
5428,18567,19160,1,1430
5429,19983,18634,1,1430
5430,19523,18176,1,1430
5431,19572,19905,1,1430
5432,18552,18139,1,1430
5433,19210,18710,1,1430
5434,18619,18065,1,1430
5435,19610,19681,1,1430
5436,19112,19027,1,1430
5437,19335,18338,1,1430
5438,19752,19912,1,1430
5439,18477,18605,1,1430
5440,19098,19545,1,1430
5441,19617,19971,1,1430
5442,19420,18094,1,1430
5443,18853,19980,1,1430
5444,19205,19791,1,1430
5445,19860,18581,1,1430
5446,19524,19797,1,1430
5447,18722,19266,1,1430
5448,18974,19916,1,1430
5449,19828,18981,1,1430
5450,18312,19958,1,1430
5451,19779,18815,1,1430
5452,19132,18289,1,1430
5453,18632,18050,1,1430
5454,18168,19798,1,1430
5455,18035,19151,1,1430
5456,19543,18748,1,1430
5457,18524,18881,1,1430
5458,19675,18591,1,1430
5459,19261,19858,1,1430
5460,19408,19447,1,1430
5461,18740,18372,1,1430
5462,18989,18660,1,1430
5463,18409,18813,1,1430
5464,18202,19061,1,1430
5465,19600,18765,1,1430
5466,18708,18563,1,1430
5467,18488,18948,1,1430
5468,19517,18138,1,1430
5469,19765,19269,1,1430
5470,18156,19533,1,1430
5471,19444,18232,1,1430
5472,18856,19819,1,1430
5473,19650,18822,1,1430
5474,18179,18089,1,1430
5475,18347,18818,1,1430
5476,19585,19016,1,1430
5477,18034,18759,1,1430
5478,18969,18868,1,1430
5479,19395,18515,1,1430
5480,19671,18455,1,1430
5481,19757,18950,1,1430
5482,19012,19850,1,1430
5483,19527,19973,1,1430
5484,18342,19753,1,1430
5485,18608,18170,1,1430
5486,19800,19291,1,1430
5487,19871,18726,1,1430
5488,19297,19755,1,1430
5489,18522,19799,1,1430
5490,18698,18150,1,1430
5491,19769,18814,1,1430
5492,18192,18070,1,1430
5493,18645,19050,1,1430
5494,18963,18661,1,1430
5495,18241,18785,1,1430
5496,18110,18596,1,1430
5497,18780,19208,1,1430
5498,18064,19304,1,1430
5499,19118,19371,1,1430
5500,19255,18862,1,1430
5501,19175,19117,1,1430
5502,18052,19190,1,1430
5503,18444,19053,1,1430
5504,18078,18221,1,1430
5505,18383,18609,1,1430
5506,19714,18136,1,1430
5507,19700,18694,1,1430
5508,19576,19961,1,1430
5509,18546,18727,1,1430
5510,18750,18877,1,1430
5511,18995,18982,1,1430
5512,21728,21832,1,1455
5513,21730,20924,1,1455
5514,20855,20638,1,1455
5515,21949,20733,1,1455
5516,21851,21773,1,1455
5517,20389,20316,1,1455
5518,21890,20913,1,1455
5519,21806,21743,1,1455
5520,19998,20403,1,1455
5521,21411,20192,1,1455
5522,20345,20210,1,1455
5523,21292,21176,1,1455
5524,20001,21784,1,1455
5525,21991,20226,1,1455
5526,20496,20253,1,1455
5527,21499,20705,1,1455
5528,20672,21592,1,1455
5529,20423,21922,1,1455
5530,20675,20664,1,1455
5531,21559,21253,1,1455
5532,21691,21278,1,1455
5533,20873,20078,1,1455
5534,21971,21861,1,1455
5535,21565,21917,1,1455
5536,20421,20603,1,1455
5537,20749,21319,1,1455
5538,21616,21966,1,1455
5539,21415,20444,1,1455
5540,20861,20544,1,1455
5541,20537,21580,1,1455
5542,21527,20954,1,1455
5543,20408,21548,1,1455
5544,20490,21764,1,1455
5545,20482,20100,1,1455
5546,21006,20110,1,1455
5547,20673,21234,1,1455
5548,20771,21373,1,1455
5549,20217,20920,1,1455
5550,21530,21607,1,1455
5551,20221,21235,1,1455
5552,20579,21113,1,1455
5553,21837,20808,1,1455
5554,20582,20967,1,1455
5555,20005,21003,1,1455
5556,20298,21431,1,1455
5557,21645,20111,1,1455
5558,21824,21782,1,1455
5559,21299,20609,1,1455
5560,21925,20962,1,1455
5561,20655,21191,1,1455
5562,21843,20916,1,1455
5563,20645,21551,1,1455
5564,21838,21617,1,1455
5565,21738,20193,1,1455
5566,20669,20165,1,1455
5567,21704,20096,1,1455
5568,21388,21460,1,1455
5569,21673,21125,1,1455
5570,20420,21709,1,1455
5571,20109,21172,1,1455
5572,21753,21101,1,1455
5573,21554,20182,1,1455
5574,21286,21266,1,1455
5575,20948,20341,1,1455
5576,21187,21447,1,1455
5577,21518,20585,1,1455
5578,20726,21181,1,1455
5579,20311,20699,1,1455
5580,20411,20422,1,1455
5581,20689,20968,1,1455
5582,20261,20197,1,1455
5583,20563,21361,1,1455
5584,20501,21375,1,1455
5585,20947,20215,1,1455
5586,20424,21264,1,1455
5587,20486,21129,1,1455
5588,21016,21252,1,1455
5589,21503,20863,1,1455
5590,20780,21549,1,1455
5591,21511,20988,1,1455
5592,20976,20717,1,1455
5593,20229,20076,1,1455
5594,21344,20866,1,1455
5595,20584,21100,1,1455
5596,21854,20620,1,1455
5597,20667,21178,1,1455
5598,20082,20694,1,1455
5599,20227,21470,1,1455
5600,21905,20945,1,1455
5601,21399,20369,1,1455
5602,21578,20480,1,1455
5603,21342,20516,1,1455
5604,20980,20271,1,1455
5605,20499,21731,1,1455
5606,21486,21224,1,1455
5607,21002,20203,1,1455
5608,21289,20075,1,1455
5609,20713,21918,1,1455
5610,20908,20413,1,1455
5611,20125,20148,1,1455
5612,20643,21255,1,1455
5613,20286,20776,1,1455
5614,20621,21351,1,1455
5615,21593,20739,1,1455
5616,20902,21992,1,1455
5617,20707,21690,1,1455
5618,20824,21271,1,1455
5619,21871,20331,1,1455
5620,21201,20971,1,1455
5621,20955,20510,1,1455
5622,20296,21177,1,1455
5623,21621,21609,1,1455
5624,21937,21602,1,1455
5625,20767,20856,1,1455
5626,20379,21065,1,1455
5627,20886,21961,1,1455
5628,21783,21524,1,1455
5629,20591,21881,1,1455
5630,21729,20439,1,1455
5631,20323,21171,1,1455
5632,20935,21174,1,1455
5633,20037,21744,1,1455
5634,20514,21972,1,1455
5635,20483,21940,1,1455
5636,21237,20054,1,1455
5637,21526,21312,1,1455
5638,21906,21659,1,1455
5639,20605,21745,1,1455
5640,21362,20497,1,1455
5641,20366,20800,1,1455
5642,21619,21667,1,1455
5643,21152,20360,1,1455
5644,20640,20985,1,1455
5645,20997,20274,1,1455
5646,21910,20000,1,1455
5647,20156,21300,1,1455
5648,21063,21203,1,1455
5649,20728,21604,1,1455
5650,20890,20425,1,1455
5651,20932,20171,1,1455
5652,21396,20349,1,1455
5653,20526,20107,1,1455
5654,20042,20520,1,1455
5655,20960,21099,1,1455
5656,21343,21982,1,1455
5657,20834,21367,1,1455
5658,21433,21188,1,1455
5659,20064,21532,1,1455
5660,20965,21791,1,1455
5661,21233,20485,1,1455
5662,20882,20081,1,1455
5663,20276,20051,1,1455
5664,20477,21586,1,1455
5665,20617,21498,1,1455
5666,21909,20568,1,1455
5667,21748,20803,1,1455
5668,20418,20431,1,1455
5669,21899,20453,1,1455
5670,21687,20899,1,1455
5671,20551,20974,1,1455
5672,21117,20068,1,1455
5673,21450,20233,1,1455
5674,21194,20777,1,1455
5675,20879,21675,1,1455
5676,21769,20145,1,1455
5677,21436,20412,1,1455
5678,20983,20994,1,1455
5679,21154,20628,1,1455
5680,21635,20391,1,1455
5681,21939,21379,1,1455
5682,21852,21277,1,1455
5683,20241,20858,1,1455
5684,20032,20143,1,1455
5685,21340,20722,1,1455
5686,20020,21270,1,1455
5687,21242,21000,1,1455
5688,20859,20131,1,1455
5689,20089,21001,1,1455
5690,20567,20045,1,1455
5691,21328,20207,1,1455
5692,20606,21739,1,1455
5693,21229,20820,1,1455
5694,20009,21156,1,1455
5695,20106,20350,1,1455
5696,21019,21149,1,1455
5697,21216,20822,1,1455
5698,20622,21162,1,1455
5699,20088,21360,1,1455
5700,20273,21397,1,1455
5701,20601,20590,1,1455
5702,21452,20043,1,1455
5703,21681,21944,1,1455
5704,20355,21801,1,1455
5705,20903,21938,1,1455
5706,20892,20321,1,1455
5707,21496,20589,1,1455
5708,20047,21507,1,1455
5709,21572,21810,1,1455
5710,20632,20124,1,1455
5711,21211,20683,1,1455
5712,21475,21555,1,1455
5713,21959,21775,1,1455
5714,21231,21828,1,1455
5715,21269,21845,1,1455
5716,20336,20142,1,1455
5717,21802,21749,1,1455
5718,21466,20023,1,1455
5719,21682,20122,1,1455
5720,20487,20772,1,1455
5721,21637,20002,1,1455
5722,21651,21091,1,1455
5723,21752,20829,1,1455
5724,21658,21464,1,1455
5725,20206,21703,1,1455
5726,21448,20597,1,1455
5727,21322,20162,1,1455
5728,20383,21537,1,1455
5729,21370,21025,1,1455
5730,20718,20515,1,1455
5731,20865,21736,1,1455
5732,20236,21115,1,1455
5733,21631,21927,1,1455
5734,21662,20959,1,1455
5735,20048,21079,1,1455
5736,21756,21590,1,1455
5737,20827,20334,1,1455
5738,21969,21534,1,1455
5739,20027,20649,1,1455
5740,20267,21914,1,1455
5741,20435,20536,1,1455
5742,21525,21200,1,1455
5743,21813,20751,1,1455
5744,20653,21304,1,1455
5745,21385,20295,1,1455
5746,21640,20399,1,1455
5747,21766,20460,1,1455
5748,20975,21445,1,1455
5749,20979,20144,1,1455
5750,21384,21320,1,1455
5751,20113,21010,1,1455
5752,21058,21205,1,1455
5753,21642,21805,1,1455
5754,20103,20637,1,1455
5755,20761,21868,1,1455
5756,20811,21778,1,1455
5757,20700,21446,1,1455
5758,21309,21964,1,1455
5759,21567,20982,1,1455
5760,20791,20278,1,1455
5761,21290,21168,1,1455
5762,21811,20928,1,1455
5763,21004,21407,1,1455
5764,21432,20604,1,1455
5765,21031,21212,1,1455
5766,20030,21821,1,1455
5767,21622,21563,1,1455
5768,20842,20527,1,1455
5769,20810,20630,1,1455
5770,20459,20240,1,1455
5771,20731,21298,1,1455
5772,20931,21677,1,1455
5773,20684,20862,1,1455
5774,20209,20419,1,1455
5775,21660,20265,1,1455
5776,20794,20417,1,1455
5777,20370,20721,1,1455
5778,20249,20385,1,1455
5779,20769,20781,1,1455
5780,20293,20763,1,1455
5781,21796,20445,1,1455
5782,20524,20101,1,1455
5783,21463,21395,1,1455
5784,21920,20789,1,1455
5785,20823,21815,1,1455
5786,20542,21975,1,1455
5787,21087,20488,1,1455
5788,21812,21305,1,1455
5789,20415,20807,1,1455
5790,20409,20387,1,1455
5791,20004,20237,1,1455
5792,20035,21041,1,1455
5793,21872,20682,1,1455
5794,21334,20201,1,1455
5795,21763,21714,1,1455
5796,21989,21494,1,1455
5797,21575,21510,1,1455
5798,21331,21962,1,1455
5799,21085,21652,1,1455
5800,20058,21114,1,1455
5801,21136,20518,1,1455
5802,20599,20212,1,1455
5803,21284,20513,1,1455
5804,20543,21169,1,1455
5805,21485,20545,1,1455
5806,20195,20814,1,1455
5807,20502,21679,1,1455
5808,20319,21795,1,1455
5809,20573,21391,1,1455
5810,21596,20255,1,1455
5811,20146,21356,1,1455
5812,21056,21301,1,1455
5813,21884,21094,1,1455
5814,20758,21535,1,1455
5815,20191,20452,1,1455
5816,20685,20130,1,1455
5817,20306,20553,1,1455
5818,20755,21867,1,1455
5819,20857,20456,1,1455
5820,20505,21366,1,1455
5821,20533,21051,1,1455
5822,20353,21618,1,1455
5823,21281,21883,1,1455
5824,21986,21629,1,1455
5825,21634,21509,1,1455
5826,20688,21321,1,1455
5827,21891,20284,1,1455
5828,21359,21591,1,1455
5829,21413,21497,1,1455
5830,20405,20571,1,1455
5831,21886,21262,1,1455
5832,20831,21755,1,1455
5833,20083,21820,1,1455
5834,21146,20642,1,1455
5835,21878,20647,1,1455
5836,21186,20018,1,1455
5837,20149,21163,1,1455
5838,21337,20802,1,1455
5839,21550,21225,1,1455
5840,21523,21089,1,1455
5841,20194,21418,1,1455
5842,21850,20141,1,1455
5843,21803,21421,1,1455
5844,21798,21501,1,1455
5845,20011,20280,1,1455
5846,20854,21219,1,1455
5847,21339,21118,1,1455
5848,21120,21823,1,1455
5849,20821,20219,1,1455
5850,21383,21747,1,1455
5851,21296,21140,1,1455
5852,20430,21935,1,1455
5853,21354,21787,1,1455
5854,20268,21381,1,1455
5855,20608,20695,1,1455
5856,21656,20560,1,1455
5857,20457,20616,1,1455
5858,20671,20455,1,1455
5859,21934,20812,1,1455
5860,20397,20123,1,1455
5861,20806,20232,1,1455
5862,20017,20727,1,1455
5863,21579,20680,1,1455
5864,21260,21695,1,1455
5865,20504,20410,1,1455
5866,21349,21606,1,1455
5867,21840,20251,1,1455
5868,20907,21111,1,1455
5869,20211,21054,1,1455
5870,21204,20160,1,1455
5871,20539,20147,1,1455
5872,20281,20738,1,1455
5873,21104,21833,1,1455
5874,21257,20346,1,1455
5875,21232,21950,1,1455
5876,21684,21538,1,1455
5877,21459,21327,1,1455
5878,20307,20272,1,1455
5879,21577,21765,1,1455
5880,20312,21799,1,1455
5881,21012,20070,1,1455
5882,20650,20529,1,1455
5883,21951,20187,1,1455
5884,20759,21197,1,1455
5885,20361,21625,1,1455
5886,20925,21661,1,1455
5887,21350,20797,1,1455
5888,20292,21847,1,1455
5889,20627,21480,1,1455
5890,20332,20041,1,1455
5891,21202,21794,1,1455
5892,21472,21066,1,1455
5893,21164,20881,1,1455
5894,20745,21239,1,1455
5895,21636,20117,1,1455
5896,20723,21693,1,1455
5897,21110,21663,1,1455
5898,21228,20900,1,1455
5899,21294,20242,1,1455
5900,21390,21155,1,1455
5901,21741,21422,1,1455
5902,20765,21887,1,1455
5903,21772,20847,1,1455
5904,20092,20742,1,1455
5905,20828,20214,1,1455
5906,21029,21707,1,1455
5907,21646,20231,1,1455
5908,21516,20790,1,1455
5909,21654,20046,1,1455
5910,21632,21135,1,1455
5911,20813,20860,1,1455
5912,20414,20936,1,1455
5913,20773,20112,1,1455
5914,21423,21377,1,1455
5915,21276,21468,1,1455
5916,21072,20552,1,1455
5917,21781,21919,1,1455
5918,21478,20583,1,1455
5919,20115,20724,1,1455
5920,20548,20631,1,1455
5921,20521,21931,1,1455
5922,21576,21907,1,1455
5923,20623,21147,1,1455
5924,21846,21706,1,1455
5925,21889,21520,1,1455
5926,21983,21956,1,1455
5927,21398,20966,1,1455
5928,20815,21426,1,1455
5929,21217,20466,1,1455
5930,21067,21083,1,1455
5931,21293,20977,1,1455
5932,21218,20484,1,1455
5933,21341,20766,1,1455
5934,21603,20648,1,1455
5935,20040,21963,1,1455
5936,21086,21556,1,1455
5937,21119,20396,1,1455
5938,21825,20177,1,1455
5939,21130,20665,1,1455
5940,20778,21519,1,1455
5941,21566,21220,1,1455
5942,21680,21223,1,1455
5943,20380,21686,1,1455
5944,21073,20559,1,1455
5945,21282,21048,1,1455
5946,21022,21378,1,1455
5947,20757,21893,1,1455
5948,21241,20063,1,1455
5949,20779,21469,1,1455
5950,21892,20986,1,1455
5951,21249,21206,1,1455
5952,20065,20775,1,1455
5953,21401,21314,1,1455
5954,21483,20507,1,1455
5955,21612,20528,1,1455
5956,20388,20697,1,1455
5957,21053,20768,1,1455
5958,21564,21746,1,1455
5959,21936,20607,1,1455
5960,21034,20049,1,1455
5961,21816,21754,1,1455
5962,21718,21960,1,1455
5963,20126,21170,1,1455
5964,21250,21179,1,1455
5965,21416,21952,1,1455
5966,20541,20639,1,1455
5967,21839,20324,1,1455
5968,20120,19997,1,1455
5969,21267,20578,1,1455
5970,20394,21514,1,1455
5971,21488,20288,1,1455
5972,21717,21615,1,1455
5973,20550,21451,1,1455
5974,20436,20942,1,1455
5975,21792,20549,1,1455
5976,21283,21316,1,1455
5977,21685,20878,1,1455
5978,21776,20059,1,1455
5979,21683,21864,1,1455
5980,21912,20218,1,1455
5981,21023,20492,1,1455
5982,21039,20428,1,1455
5983,20223,21243,1,1455
5984,21835,20038,1,1455
5985,20169,21387,1,1455
5986,21908,21902,1,1455
5987,21044,21725,1,1455
5988,21329,20401,1,1455
5989,20893,20204,1,1455
5990,20367,21236,1,1455
5991,20024,20875,1,1455
5992,20493,20440,1,1455
5993,21473,20450,1,1455
5994,21777,20933,1,1455
5995,20114,21393,1,1455
5996,20897,20235,1,1455
5997,21587,21482,1,1455
5998,20407,21138,1,1455
5999,20884,20750,1,1455
6000,20270,21955,1,1455
6001,21701,20845,1,1455
6002,21568,20091,1,1455
6003,21474,20668,1,1455
6004,20885,20657,1,1455
6005,20796,21310,1,1455
6006,20895,21916,1,1455
6007,20531,20949,1,1455
6008,21750,21405,1,1455
6009,20876,20327,1,1455
6010,20442,21026,1,1455
6011,21585,21128,1,1455
6012,22801,23667,1,1480
6013,23615,22042,1,1480
6014,23782,23046,1,1480
6015,21995,22562,1,1480
6016,22826,23703,1,1480
6017,23274,22853,1,1480
6018,23664,22236,1,1480
6019,22394,22904,1,1480
6020,22821,23080,1,1480
6021,22862,22035,1,1480
6022,22825,23487,1,1480
6023,23616,22160,1,1480
6024,23513,23151,1,1480
6025,22702,23048,1,1480
6026,23659,23502,1,1480
6027,23475,22820,1,1480
6028,22164,23869,1,1480
6029,22961,23054,1,1480
6030,22420,23922,1,1480
6031,22539,23591,1,1480
6032,23062,22145,1,1480
6033,22114,22278,1,1480
6034,23119,23445,1,1480
6035,23290,23246,1,1480
6036,22388,23021,1,1480
6037,23676,22887,1,1480
6038,23735,23780,1,1480
6039,22271,22148,1,1480
6040,22542,23068,1,1480
6041,22290,23116,1,1480
6042,22951,23127,1,1480
6043,23626,23477,1,1480
6044,22446,22041,1,1480
6045,23166,23316,1,1480
6046,23161,22093,1,1480
6047,22156,23838,1,1480
6048,22777,23216,1,1480
6049,23629,22249,1,1480
6050,23385,22620,1,1480
6051,22886,22362,1,1480
6052,22254,22380,1,1480
6053,23135,22429,1,1480
6054,23519,23350,1,1480
6055,23101,23636,1,1480
6056,23269,23364,1,1480
6057,22314,22958,1,1480
6058,23593,23129,1,1480
6059,23094,23222,1,1480
6060,23814,22036,1,1480
6061,22808,22405,1,1480
6062,23253,22057,1,1480
6063,23201,23176,1,1480
6064,23853,23550,1,1480
6065,22972,22396,1,1480
6066,22671,23671,1,1480
6067,23453,22585,1,1480
6068,23571,23407,1,1480
6069,22304,22658,1,1480
6070,22832,23460,1,1480
6071,23934,23509,1,1480
6072,22173,23709,1,1480
6073,23469,23564,1,1480
6074,23232,23753,1,1480
6075,22589,23073,1,1480
6076,22742,22406,1,1480
6077,22307,22963,1,1480
6078,22321,23015,1,1480
6079,23406,22355,1,1480
6080,22026,22128,1,1480
6081,22437,22233,1,1480
6082,23056,22559,1,1480
6083,22167,23706,1,1480
6084,23153,22000,1,1480
6085,23945,22028,1,1480
6086,23608,22999,1,1480
6087,23206,22186,1,1480
6088,23642,22401,1,1480
6089,23081,23178,1,1480
6090,23307,22216,1,1480
6091,22080,23993,1,1480
6092,22030,23016,1,1480
6093,22621,22908,1,1480
6094,23137,23951,1,1480
6095,23560,23577,1,1480
6096,23971,23937,1,1480
6097,22946,22494,1,1480
6098,23242,23619,1,1480
6099,23870,23516,1,1480
6100,22939,23157,1,1480
6101,22952,23597,1,1480
6102,23841,22596,1,1480
6103,22179,23834,1,1480
6104,22581,23427,1,1480
6105,22663,22090,1,1480
6106,23020,22850,1,1480
6107,22846,23788,1,1480
6108,22347,23494,1,1480
6109,23603,23717,1,1480
6110,23044,23527,1,1480
6111,22213,23816,1,1480
6112,22340,22159,1,1480
6113,23772,22356,1,1480
6114,23529,22662,1,1480
6115,23150,23538,1,1480
6116,23718,22912,1,1480
6117,22123,22017,1,1480
6118,23432,23526,1,1480
6119,22873,23220,1,1480
6120,22885,22627,1,1480
6121,23223,23300,1,1480
6122,22204,22673,1,1480
6123,22358,22631,1,1480
6124,22642,22214,1,1480
6125,22729,23233,1,1480
6126,22686,22807,1,1480
6127,23310,23624,1,1480
6128,22819,22653,1,1480
6129,22603,22261,1,1480
6130,22047,22664,1,1480
6131,23114,22141,1,1480
6132,22579,23517,1,1480
6133,23328,23451,1,1480
6134,22104,23181,1,1480
6135,23006,22510,1,1480
6136,22639,22871,1,1480
6137,23439,23424,1,1480
6138,23774,23858,1,1480
6139,22149,22275,1,1480
6140,22161,22327,1,1480
6141,22436,22786,1,1480
6142,22305,22297,1,1480
6143,23661,22251,1,1480
6144,23688,23096,1,1480
6145,22105,23029,1,1480
6146,22119,23058,1,1480
6147,23721,22181,1,1480
6148,22224,23403,1,1480
6149,22277,23165,1,1480
6150,22753,23535,1,1480
6151,22576,23152,1,1480
6152,23594,22013,1,1480
6153,22768,23797,1,1480
6154,22782,23574,1,1480
6155,23498,23746,1,1480
6156,23382,23416,1,1480
6157,23665,22079,1,1480
6158,23845,22087,1,1480
6159,23155,23558,1,1480
6160,23466,22760,1,1480
6161,22949,23710,1,1480
6162,23312,22483,1,1480
6163,23251,23875,1,1480
6164,22062,22391,1,1480
6165,22011,22495,1,1480
6166,22070,23748,1,1480
6167,22455,22858,1,1480
6168,22966,22863,1,1480
6169,23061,22877,1,1480
6170,23804,23921,1,1480
6171,22094,23420,1,1480
6172,23379,23686,1,1480
6173,23244,22082,1,1480
6174,22185,23931,1,1480
6175,23386,23051,1,1480
6176,22803,23147,1,1480
6177,22823,22127,1,1480
6178,23576,22280,1,1480
6179,23587,22878,1,1480
6180,23907,22097,1,1480
6181,22817,22519,1,1480
6182,23679,22427,1,1480
6183,23488,22991,1,1480
6184,22165,22403,1,1480
6185,23341,22520,1,1480
6186,22536,22945,1,1480
6187,23183,23666,1,1480
6188,22696,23239,1,1480
6189,22975,22472,1,1480
6190,22492,23196,1,1480
6191,22264,22971,1,1480
6192,23037,23545,1,1480
6193,22905,22883,1,1480
6194,22744,23447,1,1480
6195,22072,22637,1,1480
6196,22540,22960,1,1480
6197,22789,22674,1,1480
6198,22318,22177,1,1480
6199,22006,23142,1,1480
6200,23459,23257,1,1480
6201,22555,23324,1,1480
6202,22600,23001,1,1480
6203,22888,23275,1,1480
6204,22770,22317,1,1480
6205,23334,23117,1,1480
6206,23455,22868,1,1480
6207,23846,23743,1,1480
6208,22719,23705,1,1480
6209,23342,22300,1,1480
6210,22831,23640,1,1480
6211,22587,22092,1,1480
6212,22283,22670,1,1480
6213,23321,23461,1,1480
6214,23254,23990,1,1480
6215,23195,23621,1,1480
6216,22481,23008,1,1480
6217,22328,22551,1,1480
6218,23864,22098,1,1480
6219,22131,22796,1,1480
6220,23076,22613,1,1480
6221,22629,23682,1,1480
6222,22504,22151,1,1480
6223,22902,23829,1,1480
6224,23435,23548,1,1480
6225,23660,22075,1,1480
6226,22244,22667,1,1480
6227,23915,22892,1,1480
6228,22469,22463,1,1480
6229,23352,23899,1,1480
6230,22582,22513,1,1480
6231,23225,23728,1,1480
6232,23351,23200,1,1480
6233,22810,23358,1,1480
6234,23047,22776,1,1480
6235,23158,22592,1,1480
6236,22970,23053,1,1480
6237,23503,23750,1,1480
6238,22069,23283,1,1480
6239,23186,23672,1,1480
6240,22586,23927,1,1480
6241,23957,22345,1,1480
6242,23429,23205,1,1480
6243,22064,23198,1,1480
6244,22906,22872,1,1480
6245,23786,22466,1,1480
6246,22816,23077,1,1480
6247,23143,23267,1,1480
6248,23500,22487,1,1480
6249,23371,23484,1,1480
6250,22414,22050,1,1480
6251,23441,23724,1,1480
6252,23458,23662,1,1480
6253,23506,23409,1,1480
6254,23243,23086,1,1480
6255,23882,23840,1,1480
6256,23514,23716,1,1480
6257,22835,23404,1,1480
6258,23586,22171,1,1480
6259,22553,23291,1,1480
6260,23425,22859,1,1480
6261,22552,22229,1,1480
6262,22741,23247,1,1480
6263,22117,22987,1,1480
6264,22412,23547,1,1480
6265,23996,23581,1,1480
6266,23729,22246,1,1480
6267,23778,23817,1,1480
6268,23798,23004,1,1480
6269,23932,23540,1,1480
6270,23730,23234,1,1480
6271,23113,22837,1,1480
6272,23938,22071,1,1480
6273,23070,22230,1,1480
6274,23172,23613,1,1480
6275,22779,22258,1,1480
6276,23650,22800,1,1480
6277,22424,22189,1,1480
6278,23977,23211,1,1480
6279,23428,23338,1,1480
6280,23325,22268,1,1480
6281,22895,22124,1,1480
6282,22029,23887,1,1480
6283,22443,23714,1,1480
6284,22695,23248,1,1480
6285,22787,23490,1,1480
6286,22516,22365,1,1480
6287,22993,22563,1,1480
6288,23289,23097,1,1480
6289,23303,22523,1,1480
6290,23314,23381,1,1480
6291,23926,22773,1,1480
6292,22176,23288,1,1480
6293,22726,23693,1,1480
6294,23895,23738,1,1480
6295,22891,23436,1,1480
6296,22669,22433,1,1480
6297,22005,22383,1,1480
6298,23373,22484,1,1480
6299,22980,22543,1,1480
6300,23105,22155,1,1480
6301,23655,22644,1,1480
6302,23330,21994,1,1480
6303,22781,22573,1,1480
6304,22929,22223,1,1480
6305,23588,22044,1,1480
6306,23252,23699,1,1480
6307,22409,23491,1,1480
6308,23476,23913,1,1480
6309,23764,22541,1,1480
6310,22086,23779,1,1480
6311,22755,22031,1,1480
6312,23610,23149,1,1480
6313,23585,22532,1,1480
6314,22058,23141,1,1480
6315,23282,23802,1,1480
6316,23962,23331,1,1480
6317,22453,23568,1,1480
6318,22015,22812,1,1480
6319,23668,22320,1,1480
6320,23890,22416,1,1480
6321,22610,21999,1,1480
6322,22953,23687,1,1480
6323,22988,22922,1,1480
6324,23306,22196,1,1480
6325,22584,23112,1,1480
6326,22221,22468,1,1480
6327,22169,22783,1,1480
6328,22751,22367,1,1480
6329,22791,23767,1,1480
6330,23138,23811,1,1480
6331,23378,23950,1,1480
6332,23478,23954,1,1480
6333,22286,22728,1,1480
6334,22198,23486,1,1480
6335,23646,22996,1,1480
6336,22914,22471,1,1480
6337,23000,22491,1,1480
6338,23677,22375,1,1480
6339,22840,22292,1,1480
6340,23221,23674,1,1480
6341,22706,23179,1,1480
6342,22910,22235,1,1480
6343,23348,23939,1,1480
6344,23663,23508,1,1480
6345,22535,22652,1,1480
6346,23033,22921,1,1480
6347,23766,23272,1,1480
6348,23450,22976,1,1480
6349,22121,22881,1,1480
6350,22638,22485,1,1480
6351,22765,23607,1,1480
6352,22707,23690,1,1480
6353,23741,23354,1,1480
6354,23042,23493,1,1480
6355,23707,22721,1,1480
6356,23224,22009,1,1480
6357,22704,23387,1,1480
6358,22411,22144,1,1480
6359,23673,22135,1,1480
6360,22361,23426,1,1480
6361,22924,22188,1,1480
6362,22083,22774,1,1480
6363,22754,23795,1,1480
6364,22665,22497,1,1480
6365,22302,22547,1,1480
6366,22714,22032,1,1480
6367,23359,23651,1,1480
6368,22095,23822,1,1480
6369,22780,23489,1,1480
6370,22524,23082,1,1480
6371,22419,23556,1,1480
6372,23551,23805,1,1480
6373,23543,22102,1,1480
6374,23983,23599,1,1480
6375,23087,22336,1,1480
6376,22884,23025,1,1480
6377,23258,22295,1,1480
6378,23831,23544,1,1480
6379,23470,22274,1,1480
6380,22567,23136,1,1480
6381,23991,22727,1,1480
6382,23627,22675,1,1480
6383,23708,22759,1,1480
6384,22865,23792,1,1480
6385,22393,22641,1,1480
6386,22725,23492,1,1480
6387,22757,23419,1,1480
6388,22915,23879,1,1480
6389,23443,23848,1,1480
6390,23032,23017,1,1480
6391,23810,23377,1,1480
6392,23820,22055,1,1480
6393,22479,23942,1,1480
6394,23463,23648,1,1480
6395,22293,22426,1,1480
6396,22623,23197,1,1480
6397,22916,22750,1,1480
6398,23344,22217,1,1480
6399,23063,22465,1,1480
6400,22232,22614,1,1480
6401,22267,23987,1,1480
6402,23611,22630,1,1480
6403,23301,23039,1,1480
6404,22797,23278,1,1480
6405,22678,22931,1,1480
6406,23944,23245,1,1480
6407,23713,23719,1,1480
6408,22089,23192,1,1480
6409,22645,22377,1,1480
6410,23390,23271,1,1480
6411,22529,22016,1,1480
6412,22183,22239,1,1480
6413,23936,22764,1,1480
6414,22795,23104,1,1480
6415,22560,23189,1,1480
6416,23893,23520,1,1480
6417,23219,23773,1,1480
6418,23947,22784,1,1480
6419,23552,23038,1,1480
6420,23356,22698,1,1480
6421,22747,22715,1,1480
6422,22997,23528,1,1480
6423,23744,23213,1,1480
6424,23362,23018,1,1480
6425,23813,22498,1,1480
6426,22308,22477,1,1480
6427,23601,22657,1,1480
6428,23692,22109,1,1480
6429,22421,22060,1,1480
6430,23335,22677,1,1480
6431,23582,22583,1,1480
6432,23106,22889,1,1480
6433,23010,22838,1,1480
6434,23302,23255,1,1480
6435,22311,23521,1,1480
6436,22298,23286,1,1480
6437,22749,22769,1,1480
6438,23542,23501,1,1480
6439,23657,23122,1,1480
6440,22234,23231,1,1480
6441,23402,22110,1,1480
6442,22700,23524,1,1480
6443,23562,23982,1,1480
6444,22709,22566,1,1480
6445,22203,23584,1,1480
6446,23131,23030,1,1480
6447,23966,22601,1,1480
6448,23434,22210,1,1480
6449,23760,23825,1,1480
6450,22501,22799,1,1480
6451,22940,22106,1,1480
6452,22190,22085,1,1480
6453,22701,23194,1,1480
6454,22556,23125,1,1480
6455,23479,23546,1,1480
6456,22024,22354,1,1480
6457,23850,22184,1,1480
6458,22191,22549,1,1480
6459,22384,22470,1,1480
6460,22618,23332,1,1480
6461,23861,21998,1,1480
6462,22880,23412,1,1480
6463,22116,23100,1,1480
6464,22194,23495,1,1480
6465,23355,22724,1,1480
6466,22333,22363,1,1480
6467,23532,23326,1,1480
6468,23961,23809,1,1480
6469,22397,23304,1,1480
6470,23754,23592,1,1480
6471,23437,23946,1,1480
6472,23878,22187,1,1480
6473,22381,22624,1,1480
6474,22168,23019,1,1480
6475,22936,23641,1,1480
6476,23761,22195,1,1480
6477,23943,23906,1,1480
6478,23024,22107,1,1480
6479,22648,23433,1,1480
6480,23553,23118,1,1480
6481,23164,22460,1,1480
6482,22178,22965,1,1480
6483,23293,23184,1,1480
6484,22882,23512,1,1480
6485,22478,23191,1,1480
6486,23078,22153,1,1480
6487,23123,23279,1,1480
6488,22756,22364,1,1480
6489,23580,23408,1,1480
6490,22253,22731,1,1480
6491,22371,22942,1,1480
6492,22489,22231,1,1480
6493,22634,23066,1,1480
6494,23099,22954,1,1480
6495,23647,23903,1,1480
6496,23871,22578,1,1480
6497,23678,22018,1,1480
6498,23084,22530,1,1480
6499,23294,22219,1,1480
6500,22503,22130,1,1480
6501,22408,22004,1,1480
6502,22607,23874,1,1480
6503,23462,22957,1,1480
6504,23700,23994,1,1480
6505,23522,22322,1,1480
6506,22870,23935,1,1480
6507,23109,22449,1,1480
6508,22342,22282,1,1480
6509,22404,22615,1,1480
6510,23043,22978,1,1480
6511,23914,23976,1,1480
6512,24157,24564,1,1505
6513,24170,24771,1,1505
6514,24371,25086,1,1505
6515,25531,24545,1,1505
6516,25378,25382,1,1505
6517,24335,24092,1,1505
6518,25739,24448,1,1505
6519,25081,25129,1,1505
6520,25326,24450,1,1505
6521,25748,25455,1,1505
6522,25582,25870,1,1505
6523,25512,25839,1,1505
6524,25472,25727,1,1505
6525,25480,24936,1,1505
6526,25234,24986,1,1505
6527,24935,24885,1,1505
6528,24083,24137,1,1505
6529,25761,24394,1,1505
6530,24638,24319,1,1505
6531,24035,25429,1,1505
6532,25766,25827,1,1505
6533,25521,25701,1,1505
6534,24366,24378,1,1505
6535,25254,24976,1,1505
6536,25292,24865,1,1505
6537,25361,25011,1,1505
6538,25726,25716,1,1505
6539,24913,25644,1,1505
6540,24373,24635,1,1505
6541,25619,24972,1,1505
6542,24121,25226,1,1505
6543,25120,25423,1,1505
6544,24311,24825,1,1505
6545,24023,24555,1,1505
6546,24203,25902,1,1505
6547,24117,25454,1,1505
6548,25031,24808,1,1505
6549,25628,24041,1,1505
6550,25124,24667,1,1505
6551,24208,24820,1,1505
6552,25685,24474,1,1505
6553,25903,24858,1,1505
6554,24490,25386,1,1505
6555,24735,25084,1,1505
6556,25217,25237,1,1505
6557,25633,24133,1,1505
6558,24997,25893,1,1505
6559,25757,24285,1,1505
6560,24961,24981,1,1505
6561,25486,24552,1,1505
6562,25067,24680,1,1505
6563,25173,25484,1,1505
6564,25719,25972,1,1505
6565,25235,24612,1,1505
6566,25088,24833,1,1505
6567,24761,24021,1,1505
6568,25279,25553,1,1505
6569,25712,25126,1,1505
6570,24353,24587,1,1505
6571,25927,25447,1,1505
6572,24481,25674,1,1505
6573,25747,25626,1,1505
6574,24987,25558,1,1505
6575,25215,24141,1,1505
6576,25450,25159,1,1505
6577,24826,25834,1,1505
6578,24390,24440,1,1505
6579,25686,24022,1,1505
6580,24678,24268,1,1505
6581,25805,24686,1,1505
6582,24948,24123,1,1505
6583,25777,25390,1,1505
6584,24411,24392,1,1505
6585,25568,25445,1,1505
6586,25533,24361,1,1505
6587,25111,25504,1,1505
6588,24214,24293,1,1505
6589,24283,25083,1,1505
6590,24782,24278,1,1505
6591,24705,25772,1,1505
6592,24086,24433,1,1505
6593,24068,24290,1,1505
6594,25388,25438,1,1505
6595,24864,25963,1,1505
6596,25263,25758,1,1505
6597,25847,25426,1,1505
6598,24200,24272,1,1505
6599,25890,24326,1,1505
6600,25421,25412,1,1505
6601,24300,24615,1,1505
6602,25367,24421,1,1505
6603,24054,25962,1,1505
6604,24668,25387,1,1505
6605,24113,24302,1,1505
6606,25503,25783,1,1505
6607,24634,24069,1,1505
6608,24794,25264,1,1505
6609,24236,24281,1,1505
6610,25555,25959,1,1505
6611,24886,24056,1,1505
6612,24467,24781,1,1505
6613,25353,24167,1,1505
6614,25201,25038,1,1505
6615,24694,24804,1,1505
6616,25225,25269,1,1505
6617,25629,24774,1,1505
6618,24270,25603,1,1505
6619,24095,24747,1,1505
6620,25608,25932,1,1505
6621,24241,25007,1,1505
6622,24177,25140,1,1505
6623,25164,25422,1,1505
6624,24348,24788,1,1505
6625,24963,25267,1,1505
6626,24559,25248,1,1505
6627,24692,24000,1,1505
6628,25188,25627,1,1505
6629,25697,25340,1,1505
6630,24401,25004,1,1505
6631,24011,24492,1,1505
6632,25023,24908,1,1505
6633,24476,25915,1,1505
6634,25331,24909,1,1505
6635,24925,25578,1,1505
6636,24835,25462,1,1505
6637,25396,24455,1,1505
6638,25947,24998,1,1505
6639,25272,24512,1,1505
6640,25520,25592,1,1505
6641,25659,25676,1,1505
6642,25061,24790,1,1505
6643,25211,24138,1,1505
6644,24292,25247,1,1505
6645,25499,25013,1,1505
6646,24653,25441,1,1505
6647,24596,25866,1,1505
6648,25908,25925,1,1505
6649,25495,24506,1,1505
6650,25781,25150,1,1505
6651,24246,24267,1,1505
6652,25239,25437,1,1505
6653,25567,25415,1,1505
6654,24874,25738,1,1505
6655,25714,25624,1,1505
6656,25547,24062,1,1505
6657,24364,25044,1,1505
6658,25380,24294,1,1505
6659,25684,25496,1,1505
6660,24529,24496,1,1505
6661,24511,24884,1,1505
6662,24685,25308,1,1505
6663,25000,25637,1,1505
6664,25166,24578,1,1505
6665,24814,24840,1,1505
6666,25059,25731,1,1505
6667,24606,24127,1,1505
6668,25274,25110,1,1505
6669,24312,24878,1,1505
6670,25672,24389,1,1505
6671,24449,24896,1,1505
6672,25409,25594,1,1505
6673,25861,25488,1,1505
6674,24452,25526,1,1505
6675,25785,25357,1,1505
6676,25401,24354,1,1505
6677,24164,25920,1,1505
6678,25122,24126,1,1505
6679,25534,25103,1,1505
6680,25613,25640,1,1505
6681,24165,25346,1,1505
6682,24197,25136,1,1505
6683,24405,24533,1,1505
6684,24989,25625,1,1505
6685,24867,25403,1,1505
6686,24593,25144,1,1505
6687,24379,24744,1,1505
6688,24162,24674,1,1505
6689,25418,25801,1,1505
6690,24403,25539,1,1505
6691,25093,25506,1,1505
6692,25544,25347,1,1505
6693,25679,24243,1,1505
6694,25153,24857,1,1505
6695,25065,24030,1,1505
6696,24125,24451,1,1505
6697,25541,24015,1,1505
6698,24766,24386,1,1505
6699,24309,25329,1,1505
6700,24762,25566,1,1505
6701,25464,25906,1,1505
6702,25138,24118,1,1505
6703,25171,25062,1,1505
6704,25922,25494,1,1505
6705,25562,24854,1,1505
6706,24146,25037,1,1505
6707,24059,25729,1,1505
6708,24622,24899,1,1505
6709,25649,25032,1,1505
6710,24099,24898,1,1505
6711,24346,24934,1,1505
6712,24704,25276,1,1505
6713,25395,24799,1,1505
6714,24551,25199,1,1505
6715,25100,25132,1,1505
6716,25845,24579,1,1505
6717,24755,24927,1,1505
6718,25517,24498,1,1505
6719,24280,25909,1,1505
6720,24727,25733,1,1505
6721,25693,25406,1,1505
6722,25645,24032,1,1505
6723,24233,25312,1,1505
6724,25191,25830,1,1505
6725,25813,25806,1,1505
6726,25522,25282,1,1505
6727,25821,25393,1,1505
6728,24193,24088,1,1505
6729,24072,24888,1,1505
6730,25846,25812,1,1505
6731,25687,24075,1,1505
6732,24502,24327,1,1505
6733,24586,25525,1,1505
6734,24277,25443,1,1505
6735,25189,24960,1,1505
6736,25475,25756,1,1505
6737,24915,24554,1,1505
6738,24966,25010,1,1505
6739,25856,25916,1,1505
6740,24860,24750,1,1505
6741,24570,24834,1,1505
6742,24741,25647,1,1505
6743,24323,25764,1,1505
6744,24424,25152,1,1505
6745,25871,24408,1,1505
6746,25546,24372,1,1505
6747,25240,24607,1,1505
6748,25815,25898,1,1505
6749,24470,25295,1,1505
6750,24306,25466,1,1505
6751,24216,24067,1,1505
6752,25293,25184,1,1505
6753,25123,25654,1,1505
6754,24443,24590,1,1505
6755,25583,24723,1,1505
6756,24662,24053,1,1505
6757,25008,25875,1,1505
6758,25892,25658,1,1505
6759,25165,24084,1,1505
6760,24651,24509,1,1505
6761,25167,25814,1,1505
6762,25034,25114,1,1505
6763,25251,25710,1,1505
6764,25139,24221,1,1505
6765,25835,24932,1,1505
6766,24916,24802,1,1505
6767,25033,24793,1,1505
6768,24882,25745,1,1505
6769,25283,25147,1,1505
6770,24879,24775,1,1505
6771,25154,24051,1,1505
6772,24128,25304,1,1505
6773,25556,25699,1,1505
6774,25569,25698,1,1505
6775,24719,25841,1,1505
6776,24876,25260,1,1505
6777,25950,24230,1,1505
6778,25482,25528,1,1505
6779,25500,24077,1,1505
6780,24924,25878,1,1505
6781,24073,24517,1,1505
6782,24994,25829,1,1505
6783,24291,25448,1,1505
6784,25435,24996,1,1505
6785,24019,24020,1,1505
6786,24014,25863,1,1505
6787,25427,24491,1,1505
6788,25942,25597,1,1505
6789,25257,24295,1,1505
6790,25243,25116,1,1505
6791,24792,24444,1,1505
6792,25419,24887,1,1505
6793,25321,25174,1,1505
6794,24883,25258,1,1505
6795,25753,24975,1,1505
6796,24122,25692,1,1505
6797,24682,24139,1,1505
6798,25837,24955,1,1505
6799,25006,25107,1,1505
6800,24999,25799,1,1505
6801,25479,24970,1,1505
6802,24339,24190,1,1505
6803,25650,24338,1,1505
6804,24124,24572,1,1505
6805,24460,24993,1,1505
6806,24720,25576,1,1505
6807,25811,25498,1,1505
6808,24033,24795,1,1505
6809,24265,25826,1,1505
6810,25228,25816,1,1505
6811,24877,24787,1,1505
6812,25210,25022,1,1505
6813,25914,24484,1,1505
6814,25970,24332,1,1505
6815,25561,25250,1,1505
6816,24370,24261,1,1505
6817,24550,25302,1,1505
6818,25170,25414,1,1505
6819,24082,25101,1,1505
6820,24258,25919,1,1505
6821,24187,24454,1,1505
6822,25238,25112,1,1505
6823,25523,24797,1,1505
6824,25180,24210,1,1505
6825,25219,24074,1,1505
6826,24417,25532,1,1505
6827,24665,24523,1,1505
6828,25471,24748,1,1505
6829,25364,24880,1,1505
6830,25483,25742,1,1505
6831,25289,25844,1,1505
6832,24025,25233,1,1505
6833,25009,24381,1,1505
6834,24464,24413,1,1505
6835,24796,25003,1,1505
6836,25755,25551,1,1505
6837,24859,24351,1,1505
6838,25974,24901,1,1505
6839,24679,25717,1,1505
6840,24581,24305,1,1505
6841,25019,24144,1,1505
6842,25042,25615,1,1505
6843,24697,24568,1,1505
6844,25297,25428,1,1505
6845,24558,24320,1,1505
6846,24626,25205,1,1505
6847,25867,24437,1,1505
6848,24169,25819,1,1505
6849,25158,24582,1,1505
6850,25281,24965,1,1505
6851,25182,24132,1,1505
6852,24928,25907,1,1505
6853,24671,24844,1,1505
6854,24676,24374,1,1505
6855,24566,24036,1,1505
6856,24435,25473,1,1505
6857,25336,24176,1,1505
6858,25735,24847,1,1505
6859,25330,25046,1,1505
6860,25356,24556,1,1505
6861,24096,25342,1,1505
6862,25012,24699,1,1505
6863,24823,24542,1,1505
6864,24538,24080,1,1505
6865,24737,24869,1,1505
6866,24962,25574,1,1505
6867,25099,25595,1,1505
6868,25431,24756,1,1505
6869,25218,24939,1,1505
6870,25808,25491,1,1505
6871,24514,24977,1,1505
6872,24806,24959,1,1505
6873,25246,24106,1,1505
6874,25571,24037,1,1505
6875,25172,24648,1,1505
6876,25673,25795,1,1505
6877,25092,24837,1,1505
6878,24743,25779,1,1505
6879,25039,24188,1,1505
6880,25936,24734,1,1505
6881,25948,24104,1,1505
6882,24585,25087,1,1505
6883,25333,24063,1,1505
6884,25134,25177,1,1505
6885,25175,24767,1,1505
6886,25047,25080,1,1505
6887,25433,25490,1,1505
6888,25493,24060,1,1505
6889,25027,25643,1,1505
6890,24414,25216,1,1505
6891,25045,25873,1,1505
6892,24907,25407,1,1505
6893,25940,24689,1,1505
6894,25967,25137,1,1505
6895,24065,24584,1,1505
6896,24079,24209,1,1505
6897,25554,24330,1,1505
6898,24131,25068,1,1505
6899,25689,25245,1,1505
6900,25146,25451,1,1505
6901,25510,24317,1,1505
6902,25636,25652,1,1505
6903,25793,25465,1,1505
6904,25683,25179,1,1505
6905,24342,25133,1,1505
6906,25667,25368,1,1505
6907,25021,25530,1,1505
6908,24273,25343,1,1505
6909,24633,24119,1,1505
6910,25359,24746,1,1505
6911,25142,25398,1,1505
6912,24658,25740,1,1505
6913,25005,25327,1,1505
6914,24201,25085,1,1505
6915,25675,24154,1,1505
6916,25744,24245,1,1505
6917,25411,25271,1,1505
6918,25725,25838,1,1505
6919,25718,25502,1,1505
6920,25790,25579,1,1505
6921,24691,24001,1,1505
6922,25519,24352,1,1505
6923,24595,24895,1,1505
6924,25929,25405,1,1505
6925,25537,25200,1,1505
6926,25966,24185,1,1505
6927,24462,25591,1,1505
6928,24871,25655,1,1505
6929,24029,24173,1,1505
6930,24527,25223,1,1505
6931,24198,25843,1,1505
6932,24227,24930,1,1505
6933,24225,24358,1,1505
6934,24235,24530,1,1505
6935,24253,25325,1,1505
6936,25399,24605,1,1505
6937,24739,24629,1,1505
6938,25852,25323,1,1505
6939,25186,24153,1,1505
6940,25786,25690,1,1505
6941,24387,24950,1,1505
6942,25840,25971,1,1505
6943,24412,25310,1,1505
6944,25934,25688,1,1505
6945,25518,24789,1,1505
6946,24616,24307,1,1505
6947,25928,24340,1,1505
6948,24427,24515,1,1505
6949,25192,24693,1,1505
6950,24967,25315,1,1505
6951,24722,25041,1,1505
6952,24005,25931,1,1505
6953,25910,25545,1,1505
6954,24988,24904,1,1505
6955,24661,25850,1,1505
6956,24166,24565,1,1505
6957,25860,24299,1,1505
6958,25702,25513,1,1505
6959,25408,24917,1,1505
6960,25570,25018,1,1505
6961,25145,24974,1,1505
6962,24161,25651,1,1505
6963,25350,24666,1,1505
6964,25509,24709,1,1505
6965,25187,25707,1,1505
6966,25394,24728,1,1505
6967,25832,24914,1,1505
6968,25976,24091,1,1505
6969,25858,24423,1,1505
6970,25306,24143,1,1505
6971,24838,24941,1,1505
6972,24211,25825,1,1505
6973,25549,25737,1,1505
6974,25262,25299,1,1505
6975,24461,24624,1,1505
6976,25590,25599,1,1505
6977,24315,24222,1,1505
6978,25497,25208,1,1505
6979,24508,25026,1,1505
6980,24212,25115,1,1505
6981,25722,24250,1,1505
6982,25951,24497,1,1505
6983,25794,24701,1,1505
6984,24045,25880,1,1505
6985,25896,25446,1,1505
6986,25363,24688,1,1505
6987,24815,24769,1,1505
6988,25185,24664,1,1505
6989,25833,25220,1,1505
6990,25094,25883,1,1505
6991,24954,24951,1,1505
6992,24853,24103,1,1505
6993,24733,25711,1,1505
6994,25538,24237,1,1505
6995,25371,24944,1,1505
6996,25961,24805,1,1505
6997,24613,24399,1,1505
6998,24101,25197,1,1505
6999,24199,24900,1,1505
7000,24776,24592,1,1505
7001,25529,25404,1,1505
7002,24135,24753,1,1505
7003,25118,25605,1,1505
7004,24016,24768,1,1505
7005,25097,25366,1,1505
7006,25351,24367,1,1505
7007,25983,24535,1,1505
7008,24947,25969,1,1505
7009,24499,24716,1,1505
7010,25621,24430,1,1505
7011,24990,25213,1,1505
7012,27135,26859,1,1530
7013,26176,27535,1,1530
7014,27096,28009,1,1530
7015,26059,27803,1,1530
7016,27435,27006,1,1530
7017,26457,26624,1,1530
7018,27158,26033,1,1530
7019,27929,27451,1,1530
7020,26201,27156,1,1530
7021,27330,27848,1,1530
7022,26262,27011,1,1530
7023,26132,27280,1,1530
7024,27971,27787,1,1530
7025,27190,27338,1,1530
7026,26383,26579,1,1530
7027,26634,27735,1,1530
7028,26005,26610,1,1530
7029,27640,26694,1,1530
7030,27759,26867,1,1530
7031,26156,26770,1,1530
7032,27601,26391,1,1530
7033,26406,26351,1,1530
7034,26040,27947,1,1530
7035,27208,27044,1,1530
7036,27417,27099,1,1530
7037,27939,27318,1,1530
7038,27267,26358,1,1530
7039,27922,27998,1,1530
7040,26117,26935,1,1530
7041,27378,27606,1,1530
7042,26451,27565,1,1530
7043,26139,26992,1,1530
7044,27748,26668,1,1530
7045,27136,27749,1,1530
7046,27573,26362,1,1530
7047,26908,26588,1,1530
7048,27857,26128,1,1530
7049,27234,26546,1,1530
7050,27966,26037,1,1530
7051,26655,27446,1,1530
7052,27863,27897,1,1530
7053,26458,27299,1,1530
7054,26522,26822,1,1530
7055,27144,27076,1,1530
7056,27114,26735,1,1530
7057,27307,27243,1,1530
7058,27329,27926,1,1530
7059,27147,26696,1,1530
7060,26763,26159,1,1530
7061,27935,27632,1,1530
7062,26677,27161,1,1530
7063,26387,27570,1,1530
7064,27457,27743,1,1530
7065,26807,27687,1,1530
7066,27055,27381,1,1530
7067,26470,27487,1,1530
7068,27955,26318,1,1530
7069,26235,26300,1,1530
7070,27213,27789,1,1530
7071,26061,27689,1,1530
7072,26107,27647,1,1530
7073,26361,27802,1,1530
7074,27092,26433,1,1530
7075,27555,26514,1,1530
7076,26571,27098,1,1530
7077,27214,25990,1,1530
7078,27104,26791,1,1530
7079,26434,27356,1,1530
7080,27972,26315,1,1530
7081,26140,26819,1,1530
7082,27884,27209,1,1530
7083,26740,26478,1,1530
7084,26939,27603,1,1530
7085,27670,26899,1,1530
7086,27492,26943,1,1530
7087,26376,26363,1,1530
7088,27240,27181,1,1530
7089,26019,27914,1,1530
7090,26172,27807,1,1530
7091,26113,26970,1,1530
7092,27131,26298,1,1530
7093,26895,27579,1,1530
7094,27983,27095,1,1530
7095,27040,27654,1,1530
7096,26747,27016,1,1530
7097,26818,26249,1,1530
7098,27265,26888,1,1530
7099,27085,27274,1,1530
7100,26811,26856,1,1530
7101,26549,27454,1,1530
7102,27552,27760,1,1530
7103,27608,27837,1,1530
7104,26968,27707,1,1530
7105,26179,26773,1,1530
7106,27593,26603,1,1530
7107,26036,27619,1,1530
7108,27224,26531,1,1530
7109,26558,26255,1,1530
7110,26861,26454,1,1530
7111,26206,26748,1,1530
7112,26204,26609,1,1530
7113,27761,27567,1,1530
7114,26761,27413,1,1530
7115,27737,26236,1,1530
7116,27840,26710,1,1530
7117,27513,27425,1,1530
7118,26909,26043,1,1530
7119,27316,27071,1,1530
7120,27445,27758,1,1530
7121,27861,26232,1,1530
7122,27073,26898,1,1530
7123,27271,27566,1,1530
7124,26751,26418,1,1530
7125,26141,26279,1,1530
7126,26515,27419,1,1530
7127,27015,27376,1,1530
7128,26493,27910,1,1530
7129,27119,26736,1,1530
7130,27903,26670,1,1530
7131,26399,26829,1,1530
7132,27010,27491,1,1530
7133,26360,27600,1,1530
7134,27079,26124,1,1530
7135,26203,26321,1,1530
7136,26902,26946,1,1530
7137,27397,26427,1,1530
7138,27730,26260,1,1530
7139,25994,26764,1,1530
7140,26012,27964,1,1530
7141,26305,27337,1,1530
7142,26001,27494,1,1530
7143,27353,26495,1,1530
7144,28003,27646,1,1530
7145,27979,27447,1,1530
7146,27211,27726,1,1530
7147,26652,28008,1,1530
7148,27790,27475,1,1530
7149,26366,27778,1,1530
7150,26977,27484,1,1530
7151,27666,27064,1,1530
7152,26842,26728,1,1530
7153,27976,27118,1,1530
7154,26076,27149,1,1530
7155,27830,27937,1,1530
7156,26441,27977,1,1530
7157,26092,27486,1,1530
7158,26705,26734,1,1530
7159,26645,26138,1,1530
7160,26617,26414,1,1530
7161,26046,27679,1,1530
7162,26148,26727,1,1530
7163,26675,27143,1,1530
7164,26766,26100,1,1530
7165,26068,27820,1,1530
7166,26347,26065,1,1530
7167,26131,26845,1,1530
7168,26750,25989,1,1530
7169,27948,26554,1,1530
7170,26708,27526,1,1530
7171,27345,26455,1,1530
7172,27672,27805,1,1530
7173,27791,26595,1,1530
7174,27233,27461,1,1530
7175,26523,27166,1,1530
7176,27115,27968,1,1530
7177,27874,27170,1,1530
7178,26534,27686,1,1530
7179,27340,27344,1,1530
7180,27728,26169,1,1530
7181,26926,26536,1,1530
7182,26604,26793,1,1530
7183,26214,26122,1,1530
7184,27703,26839,1,1530
7185,27538,27729,1,1530
7186,27754,26737,1,1530
7187,26994,26118,1,1530
7188,26416,26643,1,1530
7189,26924,26833,1,1530
7190,26322,27804,1,1530
7191,27430,27808,1,1530
7192,27362,26154,1,1530
7193,27709,26021,1,1530
7194,26015,26098,1,1530
7195,27124,27859,1,1530
7196,27739,26817,1,1530
7197,27720,26197,1,1530
7198,27965,27992,1,1530
7199,27925,26163,1,1530
7200,26397,26048,1,1530
7201,26614,26559,1,1530
7202,26782,26259,1,1530
7203,26142,26038,1,1530
7204,26835,27259,1,1530
7205,26556,26752,1,1530
7206,27260,27946,1,1530
7207,26306,27305,1,1530
7208,26700,25992,1,1530
7209,27550,26533,1,1530
7210,26795,27460,1,1530
7211,26465,26190,1,1530
7212,27082,26630,1,1530
7213,27450,26768,1,1530
7214,27003,26729,1,1530
7215,27508,26202,1,1530
7216,28005,27217,1,1530
7217,27854,26572,1,1530
7218,26500,27589,1,1530
7219,26798,27083,1,1530
7220,26615,27610,1,1530
7221,26378,26296,1,1530
7222,26053,26029,1,1530
7223,27668,26268,1,1530
7224,27973,26370,1,1530
7225,27693,26173,1,1530
7226,27414,27572,1,1530
7227,27420,27141,1,1530
7228,26525,26114,1,1530
7229,27479,26057,1,1530
7230,26258,27696,1,1530
7231,26945,26896,1,1530
7232,26388,27591,1,1530
7233,26044,27057,1,1530
7234,27614,26317,1,1530
7235,27031,26452,1,1530
7236,26663,27384,1,1530
7237,27656,26703,1,1530
7238,28007,26910,1,1530
7239,27257,27930,1,1530
7240,26103,27358,1,1530
7241,27130,27625,1,1530
7242,26348,26261,1,1530
7243,26739,26564,1,1530
7244,26353,26276,1,1530
7245,26097,27465,1,1530
7246,25993,27463,1,1530
7247,26646,27891,1,1530
7248,26789,27063,1,1530
7249,27377,27725,1,1530
7250,26283,27128,1,1530
7251,26084,27273,1,1530
7252,27103,26430,1,1530
7253,27575,26475,1,1530
7254,27207,26518,1,1530
7255,27342,26463,1,1530
7256,26120,27134,1,1530
7257,27385,26482,1,1530
7258,26816,26906,1,1530
7259,27183,27380,1,1530
7260,27245,27025,1,1530
7261,26799,27824,1,1530
7262,27137,27436,1,1530
7263,27293,27400,1,1530
7264,27186,27333,1,1530
7265,26701,27176,1,1530
7266,26893,26170,1,1530
7267,27517,26394,1,1530
7268,27262,27794,1,1530
7269,26007,27048,1,1530
7270,26797,27768,1,1530
7271,27864,27896,1,1530
7272,26553,26102,1,1530
7273,26843,27020,1,1530
7274,26834,26732,1,1530
7275,26070,27849,1,1530
7276,26127,26975,1,1530
7277,27411,27404,1,1530
7278,27041,27546,1,1530
7279,26928,27539,1,1530
7280,27065,26213,1,1530
7281,27602,26695,1,1530
7282,26971,27036,1,1530
7283,27618,26575,1,1530
7284,27042,26891,1,1530
7285,27490,27595,1,1530
7286,26031,27390,1,1530
7287,27438,27110,1,1530
7288,27762,26311,1,1530
7289,26494,26448,1,1530
7290,26218,27288,1,1530
7291,27898,27496,1,1530
7292,26024,27059,1,1530
7293,26066,27169,1,1530
7294,27231,26608,1,1530
7295,27429,27551,1,1530
7296,26184,26951,1,1530
7297,26929,26273,1,1530
7298,27987,26336,1,1530
7299,26918,26758,1,1530
7300,27311,26431,1,1530
7301,27782,26000,1,1530
7302,27879,26330,1,1530
7303,26612,27196,1,1530
7304,25995,26008,1,1530
7305,27680,26467,1,1530
7306,27560,26285,1,1530
7307,27643,26492,1,1530
7308,26973,27070,1,1530
7309,26809,27407,1,1530
7310,26396,27051,1,1530
7311,26633,26291,1,1530
7312,27060,27792,1,1530
7313,26034,26345,1,1530
7314,26754,27204,1,1530
7315,26535,27596,1,1530
7316,27940,26294,1,1530
7317,27952,27117,1,1530
7318,26219,26720,1,1530
7319,26183,27472,1,1530
7320,26088,26714,1,1530
7321,26074,26266,1,1530
7322,27090,27023,1,1530
7323,26865,27277,1,1530
7324,27509,26698,1,1530
7325,26180,26438,1,1530
7326,27220,26026,1,1530
7327,27291,27747,1,1530
7328,27769,26682,1,1530
7329,26983,26555,1,1530
7330,26331,26020,1,1530
7331,27893,27009,1,1530
7332,27102,27624,1,1530
7333,26776,26167,1,1530
7334,27179,27488,1,1530
7335,27174,27736,1,1530
7336,27527,26852,1,1530
7337,26166,27750,1,1530
7338,27793,27180,1,1530
7339,26310,27019,1,1530
7340,27635,27745,1,1530
7341,27349,26940,1,1530
7342,26354,27994,1,1530
7343,27692,27901,1,1530
7344,27801,26651,1,1530
7345,26185,26234,1,1530
7346,26813,26757,1,1530
7347,26350,27433,1,1530
7348,27814,26693,1,1530
7349,26116,26637,1,1530
7350,26850,27894,1,1530
7351,26831,27470,1,1530
7352,27452,27524,1,1530
7353,27499,27835,1,1530
7354,26942,27564,1,1530
7355,26657,26686,1,1530
7356,27507,27605,1,1530
7357,27421,26067,1,1530
7358,27242,27528,1,1530
7359,27536,27427,1,1530
7360,26659,26486,1,1530
7361,27129,26382,1,1530
7362,27408,26832,1,1530
7363,26937,28004,1,1530
7364,27949,27319,1,1530
7365,26404,27219,1,1530
7366,26853,26771,1,1530
7367,27026,27272,1,1530
7368,26003,27902,1,1530
7369,27583,27335,1,1530
7370,27833,27229,1,1530
7371,26530,27612,1,1530
7372,26851,27980,1,1530
7373,27598,27007,1,1530
7374,27482,27061,1,1530
7375,27777,27631,1,1530
7376,26245,27905,1,1530
7377,26741,27742,1,1530
7378,27811,26871,1,1530
7379,26660,26506,1,1530
7380,27251,25998,1,1530
7381,27904,27106,1,1530
7382,27823,26984,1,1530
7383,27221,27918,1,1530
7384,26838,27201,1,1530
7385,27530,27798,1,1530
7386,27568,26606,1,1530
7387,27218,27867,1,1530
7388,26155,26808,1,1530
7389,27738,26878,1,1530
7390,27585,27112,1,1530
7391,27772,27355,1,1530
7392,27991,26254,1,1530
7393,27480,27911,1,1530
7394,27300,27232,1,1530
7395,26222,26917,1,1530
7396,27607,26440,1,1530
7397,27588,26004,1,1530
7398,26619,26723,1,1530
7399,27202,27718,1,1530
7400,25999,26323,1,1530
7401,26886,27826,1,1530
7402,26374,26599,1,1530
7403,27597,26237,1,1530
7404,26344,27332,1,1530
7405,27843,27122,1,1530
7406,26334,26075,1,1530
7407,26055,26297,1,1530
7408,26540,26625,1,1530
7409,26085,27985,1,1530
7410,27708,27516,1,1530
7411,27334,26805,1,1530
7412,26987,27468,1,1530
7413,27889,26045,1,1530
7414,27652,26228,1,1530
7415,26882,26147,1,1530
7416,27839,27164,1,1530
7417,26069,26410,1,1530
7418,25988,26111,1,1530
7419,27163,27915,1,1530
7420,26709,26002,1,1530
7421,26484,26623,1,1530
7422,27781,26794,1,1530
7423,27532,27195,1,1530
7424,27189,27386,1,1530
7425,27797,26446,1,1530
7426,27294,26594,1,1530
7427,26772,27177,1,1530
7428,26919,26869,1,1530
7429,27954,26592,1,1530
7430,26613,27483,1,1530
7431,27415,27806,1,1530
7432,27825,26715,1,1530
7433,26312,26243,1,1530
7434,27138,27292,1,1530
7435,26510,27402,1,1530
7436,27744,27771,1,1530
7437,27544,26755,1,1530
7438,27796,27173,1,1530
7439,27075,26903,1,1530
7440,27723,26980,1,1530
7441,26582,26981,1,1530
7442,26904,27695,1,1530
7443,26460,27715,1,1530
7444,26267,26231,1,1530
7445,27927,27641,1,1530
7446,26569,27951,1,1530
7447,26292,27942,1,1530
7448,26229,27198,1,1530
7449,26580,27030,1,1530
7450,26901,26490,1,1530
7451,26472,27401,1,1530
7452,27659,26827,1,1530
7453,27368,26959,1,1530
7454,27140,27371,1,1530
7455,26996,27512,1,1530
7456,27832,27228,1,1530
7457,26105,27328,1,1530
7458,26072,27395,1,1530
7459,26447,26889,1,1530
7460,26405,26803,1,1530
7461,26978,27644,1,1530
7462,26844,26671,1,1530
7463,26407,26600,1,1530
7464,27923,26056,1,1530
7465,26854,26605,1,1530
7466,27383,27989,1,1530
7467,27394,26436,1,1530
7468,26384,26790,1,1530
7469,26225,26256,1,1530
7470,26412,26665,1,1530
7471,27369,26186,1,1530
7472,27108,27074,1,1530
7473,27581,26196,1,1530
7474,27194,27916,1,1530
7475,25985,26200,1,1530
7476,27571,26062,1,1530
7477,27817,26930,1,1530
7478,27959,27974,1,1530
7479,27248,26461,1,1530
7480,26032,27881,1,1530
7481,27388,26726,1,1530
7482,26810,26216,1,1530
7483,26635,27409,1,1530
7484,27717,26355,1,1530
7485,26480,26921,1,1530
7486,26697,27285,1,1530
7487,27434,27086,1,1530
7488,28006,27630,1,1530
7489,27906,26724,1,1530
7490,27331,26226,1,1530
7491,26101,27313,1,1530
7492,26339,27428,1,1530
7493,26557,27191,1,1530
7494,26473,27052,1,1530
7495,27431,27932,1,1530
7496,26327,27113,1,1530
7497,26897,27815,1,1530
7498,27534,26210,1,1530
7499,26093,27511,1,1530
7500,26335,26286,1,1530
7501,27862,26425,1,1530
7502,26876,26890,1,1530
7503,26164,26369,1,1530
7504,27366,27997,1,1530
7505,26762,27990,1,1530
7506,26119,26738,1,1530
7507,26343,27592,1,1530
7508,27154,27523,1,1530
7509,27784,27920,1,1530
7510,27253,27077,1,1530
7511,27691,26880,1,1530
7512,28196,28994,1,1555
7513,29253,28227,1,1555
7514,28013,29312,1,1555
7515,28090,28439,1,1555
7516,28073,29135,1,1555
7517,28362,29075,1,1555
7518,28056,28985,1,1555
7519,28512,29613,1,1555
7520,28425,29992,1,1555
7521,29630,29397,1,1555
7522,28209,28928,1,1555
7523,28965,28935,1,1555
7524,29579,29355,1,1555
7525,29872,28654,1,1555
7526,28558,28655,1,1555
7527,28634,29728,1,1555
7528,29988,28669,1,1555
7529,29196,29305,1,1555
7530,28169,28401,1,1555
7531,29960,28710,1,1555
7532,28150,29112,1,1555
7533,29534,28958,1,1555
7534,28207,28092,1,1555
7535,29287,28658,1,1555
7536,29874,28084,1,1555
7537,29922,29675,1,1555
7538,28119,29677,1,1555
7539,28779,28998,1,1555
7540,28885,28990,1,1555
7541,28043,29671,1,1555
7542,29706,29932,1,1555
7543,29502,28737,1,1555
7544,28457,28848,1,1555
7545,29991,28821,1,1555
7546,29003,29202,1,1555
7547,28419,29402,1,1555
7548,28777,29426,1,1555
7549,29523,28422,1,1555
7550,28571,28453,1,1555
7551,29096,28871,1,1555
7552,28749,28495,1,1555
7553,28694,29553,1,1555
7554,29819,28464,1,1555
7555,29981,28079,1,1555
7556,28176,28898,1,1555
7557,28602,28690,1,1555
7558,28516,28879,1,1555
7559,29576,29463,1,1555
7560,29873,28360,1,1555
7561,29699,29730,1,1555
7562,29308,29737,1,1555
7563,28060,28661,1,1555
7564,28880,28944,1,1555
7565,29492,28761,1,1555
7566,29656,28139,1,1555
7567,28143,28386,1,1555
7568,29043,29269,1,1555
7569,29461,29995,1,1555
7570,28379,29274,1,1555
7571,28678,29863,1,1555
7572,29491,29377,1,1555
7573,28672,28894,1,1555
7574,28972,28631,1,1555
7575,28867,28346,1,1555
7576,28876,29301,1,1555
7577,29813,28982,1,1555
7578,29447,29723,1,1555
7579,29002,28211,1,1555
7580,28676,29626,1,1555
7581,29067,28149,1,1555
7582,28203,29539,1,1555
7583,29425,28280,1,1555
7584,29510,29471,1,1555
7585,28499,28977,1,1555
7586,28523,28967,1,1555
7587,29065,28819,1,1555
7588,29395,29600,1,1555
7589,28786,28460,1,1555
7590,28778,29427,1,1555
7591,28241,28278,1,1555
7592,29215,29552,1,1555
7593,28498,28828,1,1555
7594,28372,28099,1,1555
7595,28042,28186,1,1555
7596,29384,28159,1,1555
7597,28496,28767,1,1555
7598,28267,28519,1,1555
7599,28208,28607,1,1555
7600,29621,28442,1,1555
7601,29666,28693,1,1555
7602,28479,29264,1,1555
7603,28247,28440,1,1555
7604,28063,28297,1,1555
7605,28550,28615,1,1555
7606,29031,28952,1,1555
7607,29316,28620,1,1555
7608,28806,28424,1,1555
7609,28539,28481,1,1555
7610,28854,29165,1,1555
7611,28394,29182,1,1555
7612,28334,28273,1,1555
7613,29478,29875,1,1555
7614,29443,28074,1,1555
7615,29211,28078,1,1555
7616,28683,28783,1,1555
7617,29885,29324,1,1555
7618,28504,29042,1,1555
7619,29465,29898,1,1555
7620,29369,29935,1,1555
7621,28740,28358,1,1555
7622,28108,28171,1,1555
7623,29711,29157,1,1555
7624,29121,28641,1,1555
7625,28033,28591,1,1555
7626,28342,28097,1,1555
7627,29407,28184,1,1555
7628,28695,29418,1,1555
7629,29381,29420,1,1555
7630,28692,28206,1,1555
7631,29969,29409,1,1555
7632,28895,29588,1,1555
7633,29767,29853,1,1555
7634,29570,29762,1,1555
7635,29458,28507,1,1555
7636,28860,28471,1,1555
7637,29566,29173,1,1555
7638,29505,29028,1,1555
7639,28312,29607,1,1555
7640,28584,28753,1,1555
7641,28731,28703,1,1555
7642,29790,28817,1,1555
7643,28114,28434,1,1555
7644,29144,28964,1,1555
7645,29072,28124,1,1555
7646,29721,28393,1,1555
7647,28514,28436,1,1555
7648,28588,29574,1,1555
7649,28540,28833,1,1555
7650,29241,28356,1,1555
7651,28652,28581,1,1555
7652,28180,29100,1,1555
7653,28257,28398,1,1555
7654,28600,29734,1,1555
7655,29137,29116,1,1555
7656,28338,28811,1,1555
7657,28191,29977,1,1555
7658,29555,29565,1,1555
7659,28565,28903,1,1555
7660,29990,28127,1,1555
7661,29110,29921,1,1555
7662,28142,28020,1,1555
7663,29930,29494,1,1555
7664,29499,28704,1,1555
7665,28762,28285,1,1555
7666,29470,28123,1,1555
7667,28354,28911,1,1555
7668,29104,28238,1,1555
7669,29383,29162,1,1555
7670,29313,28407,1,1555
7671,29989,29522,1,1555
7672,28901,28081,1,1555
7673,29044,29071,1,1555
7674,28881,29246,1,1555
7675,29088,28083,1,1555
7676,28474,29203,1,1555
7677,29485,29755,1,1555
7678,29074,29858,1,1555
7679,29605,29855,1,1555
7680,29927,29456,1,1555
7681,28691,28256,1,1555
7682,29503,29527,1,1555
7683,29589,29544,1,1555
7684,29477,28630,1,1555
7685,28939,28064,1,1555
7686,29289,28289,1,1555
7687,28101,28859,1,1555
7688,29784,28210,1,1555
7689,29024,29859,1,1555
7690,29535,28941,1,1555
7691,29844,29663,1,1555
7692,29967,29818,1,1555
7693,28845,28545,1,1555
7694,29780,29761,1,1555
7695,28546,29050,1,1555
7696,28554,28075,1,1555
7697,29285,29338,1,1555
7698,29294,29674,1,1555
7699,29517,29168,1,1555
7700,28445,28218,1,1555
7701,28914,28170,1,1555
7702,29890,29801,1,1555
7703,28853,28921,1,1555
7704,28566,29934,1,1555
7705,28475,29741,1,1555
7706,29799,28448,1,1555
7707,28429,28286,1,1555
7708,28413,28931,1,1555
7709,28103,28021,1,1555
7710,29598,28682,1,1555
7711,28347,29432,1,1555
7712,29140,28179,1,1555
7713,28307,28714,1,1555
7714,28364,28534,1,1555
7715,29191,28113,1,1555
7716,28166,30005,1,1555
7717,29594,28956,1,1555
7718,29609,29639,1,1555
7719,28190,29448,1,1555
7720,28543,28542,1,1555
7721,28573,29582,1,1555
7722,29720,28094,1,1555
7723,29902,28551,1,1555
7724,28483,29314,1,1555
7725,29887,28840,1,1555
7726,29201,29914,1,1555
7727,29340,28757,1,1555
7728,28708,29453,1,1555
7729,28315,29138,1,1555
7730,29430,28311,1,1555
7731,28849,29231,1,1555
7732,28949,29059,1,1555
7733,29615,28816,1,1555
7734,29048,28807,1,1555
7735,28925,29476,1,1555
7736,28861,29611,1,1555
7737,28810,29573,1,1555
7738,29877,29132,1,1555
7739,29919,29019,1,1555
7740,29401,28868,1,1555
7741,29213,28175,1,1555
7742,29205,29658,1,1555
7743,28947,29389,1,1555
7744,29948,28050,1,1555
7745,28531,28182,1,1555
7746,28059,29908,1,1555
7747,28451,28476,1,1555
7748,28328,28950,1,1555
7749,28426,28491,1,1555
7750,29222,28818,1,1555
7751,29891,29800,1,1555
7752,29595,29195,1,1555
7753,29290,29661,1,1555
7754,29713,29360,1,1555
7755,29391,29286,1,1555
7756,28613,28037,1,1555
7757,28984,28423,1,1555
7758,28351,29978,1,1555
7759,28789,29092,1,1555
7760,29252,28823,1,1555
7761,28763,28019,1,1555
7762,29685,29236,1,1555
7763,28884,28836,1,1555
7764,28282,28125,1,1555
7765,28718,29184,1,1555
7766,28780,29486,1,1555
7767,28888,28396,1,1555
7768,28248,28302,1,1555
7769,29010,29966,1,1555
7770,28405,28721,1,1555
7771,29131,29388,1,1555
7772,28161,28805,1,1555
7773,29829,29968,1,1555
7774,28389,28688,1,1555
7775,28490,28022,1,1555
7776,29180,28193,1,1555
7777,29662,28292,1,1555
7778,29841,28765,1,1555
7779,28120,29714,1,1555
7780,28138,28299,1,1555
7781,29378,29572,1,1555
7782,29883,29337,1,1555
7783,28301,28024,1,1555
7784,28920,29321,1,1555
7785,28687,29045,1,1555
7786,29750,28983,1,1555
7787,29804,28987,1,1555
7788,28160,29386,1,1555
7789,29833,28317,1,1555
7790,28851,28844,1,1555
7791,29776,29736,1,1555
7792,28032,29145,1,1555
7793,29147,28071,1,1555
7794,29141,28482,1,1555
7795,29806,29160,1,1555
7796,28035,28629,1,1555
7797,29146,29379,1,1555
7798,28252,29956,1,1555
7799,29894,29373,1,1555
7800,29396,28112,1,1555
7801,29511,29584,1,1555
7802,28963,29403,1,1555
7803,29156,29032,1,1555
7804,29705,28760,1,1555
7805,29722,29915,1,1555
7806,29489,28397,1,1555
7807,28070,30004,1,1555
7808,29330,28715,1,1555
7809,28130,29189,1,1555
7810,29942,28104,1,1555
7811,29834,29399,1,1555
7812,28145,29441,1,1555
7813,28732,28284,1,1555
7814,29365,29123,1,1555
7815,29638,28723,1,1555
7816,29257,28744,1,1555
7817,28601,29087,1,1555
7818,28804,28793,1,1555
7819,29645,28626,1,1555
7820,28305,29325,1,1555
7821,29214,28711,1,1555
7822,28962,28432,1,1555
7823,29884,28618,1,1555
7824,28870,28509,1,1555
7825,29199,29020,1,1555
7826,29585,29648,1,1555
7827,29515,29400,1,1555
7828,28508,28489,1,1555
7829,29649,29659,1,1555
7830,28675,28684,1,1555
7831,29445,29311,1,1555
7832,29029,28538,1,1555
7833,28785,29742,1,1555
7834,28639,28850,1,1555
7835,29200,29917,1,1555
7836,28784,28087,1,1555
7837,28575,29284,1,1555
7838,28187,29653,1,1555
7839,28892,28730,1,1555
7840,29916,28459,1,1555
7841,29410,29247,1,1555
7842,29687,29825,1,1555
7843,28847,28583,1,1555
7844,29668,29342,1,1555
7845,29669,29836,1,1555
7846,28314,29606,1,1555
7847,29692,29766,1,1555
7848,28330,28443,1,1555
7849,28415,30003,1,1555
7850,29158,28109,1,1555
7851,29599,29786,1,1555
7852,28102,29531,1,1555
7853,28937,29769,1,1555
7854,29433,29169,1,1555
7855,29192,28988,1,1555
7856,29085,28621,1,1555
7857,29756,28846,1,1555
7858,29627,28541,1,1555
7859,29940,29635,1,1555
7860,29442,28308,1,1555
7861,28068,29496,1,1555
7862,29640,28781,1,1555
7863,29562,28239,1,1555
7864,28564,29857,1,1555
7865,28344,29027,1,1555
7866,28164,29038,1,1555
7867,28375,28712,1,1555
7868,29339,28469,1,1555
7869,28595,28748,1,1555
7870,28792,29643,1,1555
7871,29209,28739,1,1555
7872,29143,29190,1,1555
7873,29847,28585,1,1555
7874,28976,29070,1,1555
7875,28628,28026,1,1555
7876,29879,29080,1,1555
7877,29331,28369,1,1555
7878,29998,29035,1,1555
7879,29358,28263,1,1555
7880,29748,29861,1,1555
7881,29571,28759,1,1555
7882,29782,28341,1,1555
7883,29234,28053,1,1555
7884,28133,29530,1,1555
7885,29113,29986,1,1555
7886,29206,28802,1,1555
7887,28896,28772,1,1555
7888,29392,28841,1,1555
7889,29387,28387,1,1555
7890,29636,29652,1,1555
7891,28919,28973,1,1555
7892,29474,28411,1,1555
7893,28477,28702,1,1555
7894,28943,28866,1,1555
7895,29198,29744,1,1555
7896,29014,28077,1,1555
7897,29731,29423,1,1555
7898,28815,29451,1,1555
7899,29577,29899,1,1555
7900,28136,28796,1,1555
7901,29591,28981,1,1555
7902,29057,29006,1,1555
7903,29047,29683,1,1555
7904,29708,28696,1,1555
7905,28472,28594,1,1555
7906,28223,28371,1,1555
7907,28955,28610,1,1555
7908,29610,28163,1,1555
7909,29945,29049,1,1555
7910,29271,28905,1,1555
7911,29124,29250,1,1555
7912,29101,29843,1,1555
7913,28725,29672,1,1555
7914,29980,29095,1,1555
7915,28377,28254,1,1555
7916,29025,28975,1,1555
7917,29306,28948,1,1555
7918,29419,28012,1,1555
7919,28367,29567,1,1555
7920,28747,29739,1,1555
7921,29079,30002,1,1555
7922,29896,28306,1,1555
7923,28582,28857,1,1555
7924,29197,29417,1,1555
7925,28659,28916,1,1555
7926,29504,29939,1,1555
7927,28900,29303,1,1555
7928,29985,28067,1,1555
7929,29317,28517,1,1555
7930,29296,28535,1,1555
7931,28100,29228,1,1555
7932,28627,28698,1,1555
7933,28197,29037,1,1555
7934,28719,29764,1,1555
7935,29540,28177,1,1555
7936,29114,28773,1,1555
7937,28970,28653,1,1555
7938,29022,29333,1,1555
7939,29208,28769,1,1555
7940,29336,28580,1,1555
7941,28843,28660,1,1555
7942,29760,28525,1,1555
7943,29644,29724,1,1555
7944,29725,28665,1,1555
7945,28025,29654,1,1555
7946,29655,29077,1,1555
7947,28674,28623,1,1555
7948,29457,29362,1,1555
7949,29126,28065,1,1555
7950,28758,29150,1,1555
7951,29295,29789,1,1555
7952,29543,29291,1,1555
7953,29319,29060,1,1555
7954,28181,28349,1,1555
7955,28458,29186,1,1555
7956,28492,28266,1,1555
7957,29224,29971,1,1555
7958,28727,29745,1,1555
7959,29754,29735,1,1555
7960,28085,29248,1,1555
7961,29957,29673,1,1555
7962,29549,28044,1,1555
7963,28839,29923,1,1555
7964,29541,29851,1,1555
7965,28887,29356,1,1555
7966,28520,28409,1,1555
7967,29322,28791,1,1555
7968,29794,29473,1,1555
7969,28040,29495,1,1555
7970,29746,28016,1,1555
7971,29900,29984,1,1555
7972,29694,28381,1,1555
7973,28521,28361,1,1555
7974,29310,29281,1,1555
7975,29678,28271,1,1555
7976,29770,28202,1,1555
7977,29424,28310,1,1555
7978,29334,28578,1,1555
7979,29536,28942,1,1555
7980,28363,29385,1,1555
7981,29972,29854,1,1555
7982,29997,29375,1,1555
7983,28336,29512,1,1555
7984,29946,28473,1,1555
7985,29415,29820,1,1555
7986,29242,29593,1,1555
7987,29062,29848,1,1555
7988,28140,29207,1,1555
7989,29288,29519,1,1555
7990,28329,28927,1,1555
7991,29817,29350,1,1555
7992,29982,28709,1,1555
7993,29026,29700,1,1555
7994,29787,30001,1,1555
7995,28189,29390,1,1555
7996,29791,29107,1,1555
7997,28701,28221,1,1555
7998,29352,28771,1,1555
7999,29016,29905,1,1555
8000,29901,29954,1,1555
8001,29846,28910,1,1555
8002,28640,29869,1,1555
8003,29001,28559,1,1555
8004,29440,28038,1,1555
8005,29807,28754,1,1555
8006,29017,28954,1,1555
8007,29354,28018,1,1555
8008,29012,29827,1,1555
8009,28926,29490,1,1555
8010,28736,28131,1,1555
8011,28553,28882,1,1555
8012,31243,30170,1,1580
8013,31615,31338,1,1580
8014,30359,30242,1,1580
8015,30064,31652,1,1580
8016,30231,30353,1,1580
8017,31055,30604,1,1580
8018,30310,31366,1,1580
8019,30471,30708,1,1580
8020,30514,30360,1,1580
8021,30536,31235,1,1580
8022,30454,30876,1,1580
8023,30819,31689,1,1580
8024,31814,31548,1,1580
8025,30552,30838,1,1580
8026,30179,31717,1,1580
8027,31554,31578,1,1580
8028,31364,31543,1,1580
8029,30317,31376,1,1580
8030,30195,30159,1,1580
8031,31867,30562,1,1580
8032,30510,31956,1,1580
8033,30840,31038,1,1580
8034,31271,30957,1,1580
8035,31044,31352,1,1580
8036,31355,30410,1,1580
8037,31096,31324,1,1580
8038,30319,30411,1,1580
8039,31460,30726,1,1580
8040,31270,30104,1,1580
8041,31288,30485,1,1580
8042,31714,30767,1,1580
8043,31395,31187,1,1580
8044,31497,30892,1,1580
8045,30052,30897,1,1580
8046,30431,31799,1,1580
8047,30947,31653,1,1580
8048,31900,31895,1,1580
8049,30134,31326,1,1580
8050,31732,30437,1,1580
8051,31487,31980,1,1580
8052,31646,30877,1,1580
8053,31111,30120,1,1580
8054,30157,31189,1,1580
8055,31752,31442,1,1580
8056,30197,31007,1,1580
8057,31673,30911,1,1580
8058,31142,30697,1,1580
8059,31373,31029,1,1580
8060,30606,31503,1,1580
8061,31098,31255,1,1580
8062,31012,31920,1,1580
8063,30843,30982,1,1580
8064,31830,31730,1,1580
8065,31139,31119,1,1580
8066,30955,31308,1,1580
8067,31683,31169,1,1580
8068,31426,31472,1,1580
8069,30036,30029,1,1580
8070,30664,30515,1,1580
8071,30526,30297,1,1580
8072,30636,30236,1,1580
8073,30988,31702,1,1580
8074,31610,30277,1,1580
8075,31051,31527,1,1580
8076,30443,31943,1,1580
8077,31744,31648,1,1580
8078,31285,31565,1,1580
8079,31152,31760,1,1580
8080,31070,30772,1,1580
8081,30185,31819,1,1580
8082,31026,31179,1,1580
8083,30156,31407,1,1580
8084,30500,31463,1,1580
8085,30257,31005,1,1580
8086,31186,30681,1,1580
8087,30435,31914,1,1580
8088,31630,31813,1,1580
8089,30299,31736,1,1580
8090,30253,31253,1,1580
8091,30504,30042,1,1580
8092,31272,30425,1,1580
8093,31349,31126,1,1580
8094,30101,30895,1,1580
8095,30930,30807,1,1580
8096,31870,30316,1,1580
8097,30332,30153,1,1580
8098,31258,30117,1,1580
8099,31617,30183,1,1580
8100,30984,31129,1,1580
8101,30771,30293,1,1580
8102,30178,30616,1,1580
8103,30072,30374,1,1580
8104,31103,31917,1,1580
8105,31049,30232,1,1580
8106,31804,31421,1,1580
8107,30835,30913,1,1580
8108,30706,31808,1,1580
8109,31645,31078,1,1580
8110,30505,31620,1,1580
8111,30751,31798,1,1580
8112,31668,30030,1,1580
8113,30115,31069,1,1580
8114,31204,31359,1,1580
8115,30386,30086,1,1580
8116,30615,30479,1,1580
8117,30211,31269,1,1580
8118,31629,30602,1,1580
8119,31837,30931,1,1580
8120,31423,31236,1,1580
8121,31606,31505,1,1580
8122,30630,30092,1,1580
8123,30509,30090,1,1580
8124,30834,30488,1,1580
8125,30543,31314,1,1580
8126,30412,31228,1,1580
8127,31558,31128,1,1580
8128,30088,30866,1,1580
8129,30246,31863,1,1580
8130,31723,30799,1,1580
8131,30109,31086,1,1580
8132,31041,30227,1,1580
8133,30612,31571,1,1580
8134,30436,30645,1,1580
8135,31009,31941,1,1580
8136,31886,30594,1,1580
8137,30694,30309,1,1580
8138,31083,31380,1,1580
8139,31323,31249,1,1580
8140,30657,31915,1,1580
8141,30447,30217,1,1580
8142,31946,31035,1,1580
8143,30306,30663,1,1580
8144,30722,30490,1,1580
8145,31840,31827,1,1580
8146,31318,30420,1,1580
8147,30691,30542,1,1580
8148,31368,30760,1,1580
8149,30719,31296,1,1580
8150,31392,30554,1,1580
8151,31919,30600,1,1580
8152,31091,30158,1,1580
8153,30329,31969,1,1580
8154,30910,31136,1,1580
8155,30118,30339,1,1580
8156,30024,31071,1,1580
8157,30914,30371,1,1580
8158,30049,31510,1,1580
8159,30495,30961,1,1580
8160,30421,31474,1,1580
8161,31757,31924,1,1580
8162,31486,31743,1,1580
8163,31988,30541,1,1580
8164,31537,31286,1,1580
8165,31196,30281,1,1580
8166,30863,31457,1,1580
8167,30165,30385,1,1580
8168,30614,30952,1,1580
8169,31854,31520,1,1580
8170,30054,30476,1,1580
8171,30781,30021,1,1580
8172,30467,30820,1,1580
8173,30150,30062,1,1580
8174,31449,30268,1,1580
8175,30585,31504,1,1580
8176,30313,31164,1,1580
8177,31479,30534,1,1580
8178,31237,30945,1,1580
8179,30508,31764,1,1580
8180,30071,31242,1,1580
8181,31471,30073,1,1580
8182,30635,31524,1,1580
8183,30658,30418,1,1580
8184,30348,30881,1,1580
8185,30320,31287,1,1580
8186,30142,30849,1,1580
8187,30266,31686,1,1580
8188,30749,31974,1,1580
8189,30992,30063,1,1580
8190,31803,31672,1,1580
8191,31205,30571,1,1580
8192,31500,31838,1,1580
8193,31959,31546,1,1580
8194,31109,30113,1,1580
8195,31783,30429,1,1580
8196,30325,31759,1,1580
8197,30143,31792,1,1580
8198,31482,30044,1,1580
8199,30136,30737,1,1580
8200,30050,31208,1,1580
8201,31415,30798,1,1580
8202,30977,30381,1,1580
8203,31488,30335,1,1580
8204,31826,30832,1,1580
8205,30034,30567,1,1580
8206,31360,31785,1,1580
8207,31439,30451,1,1580
8208,31614,30788,1,1580
8209,30609,30173,1,1580
8210,31671,30225,1,1580
8211,30082,30483,1,1580
8212,30151,30466,1,1580
8213,31910,31316,1,1580
8214,31015,30206,1,1580
8215,31907,30873,1,1580
8216,30343,30685,1,1580
8217,31147,30056,1,1580
8218,30291,30478,1,1580
8219,31154,31563,1,1580
8220,31656,30978,1,1580
8221,31544,30917,1,1580
8222,30493,30035,1,1580
8223,31222,30047,1,1580
8224,31718,30391,1,1580
8225,31393,31452,1,1580
8226,31949,30380,1,1580
8227,31025,30827,1,1580
8228,30491,30524,1,1580
8229,30972,31011,1,1580
8230,31066,31971,1,1580
8231,30993,31664,1,1580
8232,31846,30448,1,1580
8233,31445,31220,1,1580
8234,31170,30405,1,1580
8235,31603,30060,1,1580
8236,30998,31251,1,1580
8237,30999,30750,1,1580
8238,30853,30014,1,1580
8239,31348,30589,1,1580
8240,30048,30808,1,1580
8241,31661,31923,1,1580
8242,30219,30639,1,1580
8243,31443,30654,1,1580
8244,30923,31057,1,1580
8245,30011,31309,1,1580
8246,30055,31858,1,1580
8247,30991,31828,1,1580
8248,30962,30858,1,1580
8249,30592,31502,1,1580
8250,30409,31767,1,1580
8251,31590,30710,1,1580
8252,31163,31748,1,1580
8253,31726,30449,1,1580
8254,31958,31378,1,1580
8255,31114,31692,1,1580
8256,30457,31435,1,1580
8257,30702,30112,1,1580
8258,31197,30686,1,1580
8259,30641,30969,1,1580
8260,31156,30254,1,1580
8261,31885,30140,1,1580
8262,30262,31566,1,1580
8263,30704,31495,1,1580
8264,31704,30181,1,1580
8265,30432,31371,1,1580
8266,30940,31042,1,1580
8267,31279,31735,1,1580
8268,30474,30212,1,1580
8269,30968,31406,1,1580
8270,30544,31438,1,1580
8271,31531,30907,1,1580
8272,31509,30009,1,1580
8273,30347,31538,1,1580
8274,31254,31483,1,1580
8275,30669,30083,1,1580
8276,31417,31402,1,1580
8277,30662,30155,1,1580
8278,31195,30633,1,1580
8279,30830,30240,1,1580
8280,31568,30176,1,1580
8281,30826,31172,1,1580
8282,31260,30865,1,1580
8283,31513,31396,1,1580
8284,30119,30648,1,1580
8285,31511,30579,1,1580
8286,31605,31926,1,1580
8287,30367,31274,1,1580
8288,31168,30135,1,1580
8289,31173,30475,1,1580
8290,30085,31362,1,1580
8291,31625,31321,1,1580
8292,30078,31140,1,1580
8293,30057,31861,1,1580
8294,30248,30846,1,1580
8295,30337,30724,1,1580
8296,30007,30650,1,1580
8297,31478,31703,1,1580
8298,31682,31117,1,1580
8299,30315,31281,1,1580
8300,31040,30948,1,1580
8301,30673,31073,1,1580
8302,30712,31322,1,1580
8303,31458,30519,1,1580
8304,30186,31975,1,1580
8305,30670,30764,1,1580
8306,31775,30344,1,1580
8307,31429,30512,1,1580
8308,30946,30358,1,1580
8309,31528,30829,1,1580
8310,31372,30468,1,1580
8311,31677,31013,1,1580
8312,30038,30715,1,1580
8313,30222,31416,1,1580
8314,30878,31632,1,1580
8315,30809,31145,1,1580
8316,31240,30096,1,1580
8317,30392,31113,1,1580
8318,31611,31182,1,1580
8319,30610,30831,1,1580
8320,30823,31448,1,1580
8321,31796,31756,1,1580
8322,31283,31755,1,1580
8323,31654,31437,1,1580
8324,30087,30322,1,1580
8325,31583,30651,1,1580
8326,31319,30098,1,1580
8327,30439,30336,1,1580
8328,31506,30679,1,1580
8329,30545,31534,1,1580
8330,30786,31431,1,1580
8331,30484,30308,1,1580
8332,30765,30766,1,1580
8333,30518,31241,1,1580
8334,30666,30243,1,1580
8335,30051,31607,1,1580
8336,31984,30368,1,1580
8337,31337,31593,1,1580
8338,30677,30214,1,1580
8339,30796,30739,1,1580
8340,31068,30016,1,1580
8341,30305,30097,1,1580
8342,31597,31979,1,1580
8343,30802,30797,1,1580
8344,31076,31600,1,1580
8345,30987,31184,1,1580
8346,30801,30373,1,1580
8347,31685,31148,1,1580
8348,31893,31167,1,1580
8349,30780,31836,1,1580
8350,31394,30582,1,1580
8351,30089,31831,1,1580
8352,30188,30642,1,1580
8353,31408,30880,1,1580
8354,30237,31047,1,1580
8355,31697,31889,1,1580
8356,31447,30235,1,1580
8357,30631,31841,1,1580
8358,31724,30811,1,1580
8359,31962,31491,1,1580
8360,30812,31612,1,1580
8361,30094,30442,1,1580
8362,30363,30939,1,1580
8363,31424,31587,1,1580
8364,31670,30814,1,1580
8365,30773,31144,1,1580
8366,31466,31791,1,1580
8367,30555,31779,1,1580
8368,31872,30459,1,1580
8369,31541,31384,1,1580
8370,31157,30753,1,1580
8371,31882,31456,1,1580
8372,31151,30177,1,1580
8373,31383,30041,1,1580
8374,31596,31422,1,1580
8375,30473,30577,1,1580
8376,30102,31130,1,1580
8377,30699,30318,1,1580
8378,30845,31680,1,1580
8379,31199,31619,1,1580
8380,30794,31771,1,1580
8381,31317,31340,1,1580
8382,31908,31679,1,1580
8383,31344,30141,1,1580
8384,30045,30557,1,1580
8385,31404,30890,1,1580
8386,31902,30077,1,1580
8387,30632,30867,1,1580
8388,31345,30558,1,1580
8389,30043,30596,1,1580
8390,30671,30400,1,1580
8391,30307,30251,1,1580
8392,30889,31494,1,1580
8393,30428,31110,1,1580
8394,30108,30575,1,1580
8395,31694,30080,1,1580
8396,31810,31795,1,1580
8397,31823,30932,1,1580
8398,31268,30228,1,1580
8399,30458,30966,1,1580
8400,31203,30116,1,1580
8401,31519,30321,1,1580
8402,31623,31266,1,1580
8403,31865,30357,1,1580
8404,31171,31687,1,1580
8405,30200,31896,1,1580
8406,30286,30605,1,1580
8407,31699,30218,1,1580
8408,30065,30638,1,1580
8409,30223,31762,1,1580
8410,30981,30525,1,1580
8411,31536,31059,1,1580
8412,31244,30942,1,1580
8413,30280,30215,1,1580
8414,31329,30821,1,1580
8415,30384,31547,1,1580
8416,30924,31123,1,1580
8417,30328,31659,1,1580
8418,31853,31002,1,1580
8419,31081,30744,1,1580
8420,30019,31873,1,1580
8421,30230,31138,1,1580
8422,30133,30189,1,1580
8423,31432,30278,1,1580
8424,30127,30397,1,1580
8425,31649,30613,1,1580
8426,31712,31794,1,1580
8427,31354,30463,1,1580
8428,30550,31716,1,1580
8429,31178,30637,1,1580
8430,31888,31909,1,1580
8431,31198,31564,1,1580
8432,31701,31859,1,1580
8433,30678,30531,1,1580
8434,30844,31821,1,1580
8435,30601,30149,1,1580
8436,31933,31492,1,1580
8437,30351,30304,1,1580
8438,31665,31588,1,1580
8439,31162,31315,1,1580
8440,31374,30279,1,1580
8441,30208,30502,1,1580
8442,30204,30081,1,1580
8443,30989,30122,1,1580
8444,30943,30647,1,1580
8445,30213,31115,1,1580
8446,31545,31947,1,1580
8447,30187,31246,1,1580
8448,30769,30901,1,1580
8449,30967,30462,1,1580
8450,31976,30501,1,1580
8451,31525,31166,1,1580
8452,30415,30015,1,1580
8453,30935,31529,1,1580
8454,30326,31829,1,1580
8455,31928,31700,1,1580
8456,30470,30146,1,1580
8457,31021,31869,1,1580
8458,31231,30402,1,1580
8459,30700,30489,1,1580
8460,31968,31192,1,1580
8461,31750,31644,1,1580
8462,30226,30965,1,1580
8463,31277,31739,1,1580
8464,30818,31084,1,1580
8465,31462,30665,1,1580
8466,31336,30804,1,1580
8467,30855,31276,1,1580
8468,31681,31905,1,1580
8469,30556,30742,1,1580
8470,31367,30723,1,1580
8471,31567,30587,1,1580
8472,31835,30128,1,1580
8473,31983,30154,1,1580
8474,30434,30461,1,1580
8475,30980,30908,1,1580
8476,31006,31880,1,1580
8477,31053,31017,1,1580
8478,30674,30160,1,1580
8479,31987,31850,1,1580
8480,30103,30692,1,1580
8481,31963,30274,1,1580
8482,31405,31720,1,1580
8483,30114,31022,1,1580
8484,30369,31074,1,1580
8485,31176,30433,1,1580
8486,30520,31183,1,1580
8487,30487,30787,1,1580
8488,30870,30033,1,1580
8489,31048,31937,1,1580
8490,30736,31856,1,1580
8491,30067,30482,1,1580
8492,31225,30643,1,1580
8493,30851,31977,1,1580
8494,31175,31906,1,1580
8495,31550,31327,1,1580
8496,30182,31095,1,1580
8497,30833,31667,1,1580
8498,30123,30290,1,1580
8499,31000,31377,1,1580
8500,31728,30027,1,1580
8501,30928,30565,1,1580
8502,30690,31306,1,1580
8503,31711,30040,1,1580
8504,30758,31881,1,1580
8505,31335,30138,1,1580
8506,30249,30192,1,1580
8507,30365,31747,1,1580
8508,31507,31508,1,1580
8509,31890,31533,1,1580
8510,31485,31581,1,1580
8511,31105,31097,1,1580
8512,33181,32639,1,1605
8513,32552,32822,1,1605
8514,32879,33147,1,1605
8515,32726,32695,1,1605
8516,33872,33672,1,1605
8517,32285,32751,1,1605
8518,33677,32906,1,1605
8519,32072,33400,1,1605
8520,33892,32929,1,1605
8521,33042,32128,1,1605
8522,32911,32819,1,1605
8523,32414,33517,1,1605
8524,32604,33315,1,1605
8525,33618,32022,1,1605
8526,32301,33140,1,1605
8527,33834,32518,1,1605
8528,32810,32712,1,1605
8529,32658,33661,1,1605
8530,33727,32633,1,1605
8531,32163,33541,1,1605
8532,32905,32374,1,1605
8533,32842,32874,1,1605
8534,32463,33063,1,1605
8535,33859,33498,1,1605
8536,33110,33206,1,1605
8537,32150,33712,1,1605
8538,32587,32459,1,1605
8539,32705,32993,1,1605
8540,32909,33770,1,1605
8541,32306,32287,1,1605
8542,33917,32493,1,1605
8543,33255,33720,1,1605
8544,33816,32968,1,1605
8545,32913,33346,1,1605
8546,33021,32641,1,1605
8547,32834,32234,1,1605
8548,32505,32846,1,1605
8549,32565,33335,1,1605
8550,33850,33730,1,1605
8551,33864,33818,1,1605
8552,32922,32364,1,1605
8553,33919,33020,1,1605
8554,33776,33534,1,1605
8555,32412,32179,1,1605
8556,32681,33880,1,1605
8557,32775,32185,1,1605
8558,33257,33083,1,1605
8559,32253,32950,1,1605
8560,33526,33763,1,1605
8561,33258,33500,1,1605
8562,33327,32259,1,1605
8563,33581,33266,1,1605
8564,33835,32372,1,1605
8565,33982,33387,1,1605
8566,32558,33331,1,1605
8567,32923,33088,1,1605
8568,33645,32345,1,1605
8569,33086,33852,1,1605
8570,32230,33141,1,1605
8571,33366,32101,1,1605
8572,33553,33784,1,1605
8573,32540,33024,1,1605
8574,33648,32141,1,1605
8575,33127,32947,1,1605
8576,32618,32519,1,1605
8577,32217,32151,1,1605
8578,32026,33599,1,1605
8579,33056,32316,1,1605
8580,33248,32781,1,1605
8581,33429,33211,1,1605
8582,33822,32290,1,1605
8583,33921,32109,1,1605
8584,32118,33067,1,1605
8585,33221,33142,1,1605
8586,32251,33308,1,1605
8587,32479,32348,1,1605
8588,33468,32835,1,1605
8589,33497,32338,1,1605
8590,33558,33691,1,1605
8591,33180,32254,1,1605
8592,32245,32706,1,1605
8593,32164,33334,1,1605
8594,32707,32987,1,1605
8595,33461,32916,1,1605
8596,33590,32544,1,1605
8597,32050,32330,1,1605
8598,33838,33260,1,1605
8599,32215,32268,1,1605
8600,33697,32762,1,1605
8601,32489,33242,1,1605
8602,33275,32081,1,1605
8603,33119,33031,1,1605
8604,32015,32157,1,1605
8605,33378,33184,1,1605
8606,32667,33428,1,1605
8607,32305,33560,1,1605
8608,32749,33157,1,1605
8609,32969,32053,1,1605
8610,32780,32485,1,1605
8611,32430,33177,1,1605
8612,32920,33150,1,1605
8613,32566,33034,1,1605
8614,33134,33580,1,1605
8615,33792,33175,1,1605
8616,33145,32093,1,1605
8617,33057,33284,1,1605
8618,33261,33863,1,1605
8619,33556,33139,1,1605
8620,33480,32457,1,1605
8621,32087,32443,1,1605
8622,32387,33310,1,1605
8623,33795,32260,1,1605
8624,33656,33495,1,1605
8625,33923,32116,1,1605
8626,33040,33357,1,1605
8627,32394,33848,1,1605
8628,32847,32967,1,1605
8629,33812,33425,1,1605
8630,33300,32194,1,1605
8631,33290,33116,1,1605
8632,32614,32244,1,1605
8633,33794,32415,1,1605
8634,33329,32829,1,1605
8635,33411,32740,1,1605
8636,32918,32037,1,1605
8637,33573,32851,1,1605
8638,32915,32359,1,1605
8639,32868,32361,1,1605
8640,33945,33554,1,1605
8641,32100,33594,1,1605
8642,32793,33535,1,1605
8643,32789,32222,1,1605
8644,32447,33570,1,1605
8645,33153,32293,1,1605
8646,32314,33160,1,1605
8647,32249,33928,1,1605
8648,33136,32113,1,1605
8649,33094,32381,1,1605
8650,32978,33015,1,1605
8651,32344,32183,1,1605
8652,33890,32205,1,1605
8653,32186,33798,1,1605
8654,33358,32677,1,1605
8655,33205,33865,1,1605
8656,32764,33006,1,1605
8657,33976,33660,1,1605
8658,32858,32699,1,1605
8659,33721,33833,1,1605
8660,33062,32172,1,1605
8661,32424,32642,1,1605
8662,33719,33369,1,1605
8663,32998,32752,1,1605
8664,33636,32613,1,1605
8665,32953,32309,1,1605
8666,33608,33213,1,1605
8667,33199,32216,1,1605
8668,33924,32615,1,1605
8669,33423,32669,1,1605
8670,33132,32687,1,1605
8671,32487,32895,1,1605
8672,32704,33791,1,1605
8673,33491,32785,1,1605
8674,32885,32399,1,1605
8675,32940,33574,1,1605
8676,32999,33511,1,1605
8677,33194,33271,1,1605
8678,33935,33338,1,1605
8679,33197,32551,1,1605
8680,32814,33666,1,1605
8681,32471,33486,1,1605
8682,32263,33518,1,1605
8683,32786,32871,1,1605
8684,32284,33780,1,1605
8685,32148,32773,1,1605
8686,32852,33043,1,1605
8687,32092,33005,1,1605
8688,32928,33939,1,1605
8689,33536,33810,1,1605
8690,32200,32432,1,1605
8691,33658,33473,1,1605
8692,32934,33481,1,1605
8693,33555,33321,1,1605
8694,33641,32560,1,1605
8695,33781,32609,1,1605
8696,33011,32854,1,1605
8697,33501,32016,1,1605
8698,32288,32856,1,1605
8699,32178,32990,1,1605
8700,32295,33044,1,1605
8701,33225,33419,1,1605
8702,32307,32343,1,1605
8703,32635,32649,1,1605
8704,33549,32931,1,1605
8705,32629,33808,1,1605
8706,32507,32598,1,1605
8707,32908,33027,1,1605
8708,33351,33686,1,1605
8709,33820,32133,1,1605
8710,33193,32433,1,1605
8711,33703,33887,1,1605
8712,33007,32063,1,1605
8713,33165,33627,1,1605
8714,33732,33104,1,1605
8715,32391,33286,1,1605
8716,32313,32079,1,1605
8717,32607,31993,1,1605
8718,32438,32360,1,1605
8719,32269,33969,1,1605
8720,33138,32945,1,1605
8721,32397,33914,1,1605
8722,33584,32201,1,1605
8723,33240,32919,1,1605
8724,33077,33231,1,1605
8725,33492,33551,1,1605
8726,33076,32019,1,1605
8727,33836,33270,1,1605
8728,32600,33537,1,1605
8729,32942,32640,1,1605
8730,32768,33827,1,1605
8731,33983,32896,1,1605
8732,33124,32442,1,1605
8733,32682,33332,1,1605
8734,32281,32445,1,1605
8735,32434,32206,1,1605
8736,32267,32589,1,1605
8737,32654,32070,1,1605
8738,33779,33028,1,1605
8739,32674,32832,1,1605
8740,33319,33407,1,1605
8741,32561,33413,1,1605
8742,32680,33616,1,1605
8743,32744,32557,1,1605
8744,33932,32755,1,1605
8745,32326,33166,1,1605
8746,33296,32539,1,1605
8747,33906,32863,1,1605
8748,33737,33710,1,1605
8749,32377,33171,1,1605
8750,33650,32106,1,1605
8751,32223,33692,1,1605
8752,33762,32836,1,1605
8753,32817,32631,1,1605
8754,33074,32236,1,1605
8755,32310,32939,1,1605
8756,32478,32142,1,1605
8757,32946,32411,1,1605
8758,32698,33356,1,1605
8759,32864,32297,1,1605
8760,32370,32409,1,1605
8761,32439,33842,1,1605
8762,32105,33974,1,1605
8763,33979,32238,1,1605
8764,32082,33564,1,1605
8765,33406,32436,1,1605
8766,33856,32455,1,1605
8767,33324,32023,1,1605
8768,33493,32559,1,1605
8769,32495,33606,1,1605
8770,32308,32679,1,1605
8771,32482,32739,1,1605
8772,33688,32547,1,1605
8773,33385,32730,1,1605
8774,33476,33787,1,1605
8775,33734,32625,1,1605
8776,32937,32422,1,1605
8777,33817,33408,1,1605
8778,33633,33868,1,1605
8779,32696,33766,1,1605
8780,32052,33033,1,1605
8781,32930,32634,1,1605
8782,32619,33830,1,1605
8783,32199,32137,1,1605
8784,32312,33239,1,1605
8785,33504,33908,1,1605
8786,33101,33747,1,1605
8787,32582,32688,1,1605
8788,32336,33277,1,1605
8789,33432,32191,1,1605
8790,32692,32246,1,1605
8791,32465,32809,1,1605
8792,32304,32319,1,1605
8793,33214,33236,1,1605
8794,32208,32132,1,1605
8795,32467,32876,1,1605
8796,32363,33769,1,1605
8797,33355,32176,1,1605
8798,32395,33922,1,1605
8799,32270,33252,1,1605
8800,33578,33342,1,1605
8801,32368,32031,1,1605
8802,33394,32320,1,1605
8803,32994,33421,1,1605
8804,33752,32110,1,1605
8805,32802,33434,1,1605
8806,33891,32778,1,1605
8807,32404,33801,1,1605
8808,33264,32788,1,1605
8809,32935,32534,1,1605
8810,32382,33884,1,1605
8811,33804,33143,1,1605
8812,33882,32756,1,1605
8813,31990,32875,1,1605
8814,32548,33502,1,1605
8815,32820,32611,1,1605
8816,32982,32289,1,1605
8817,32108,33305,1,1605
8818,32237,32502,1,1605
8819,33678,33209,1,1605
8820,33379,32827,1,1605
8821,32841,33012,1,1605
8822,33681,32488,1,1605
8823,33323,32723,1,1605
8824,33623,32000,1,1605
8825,33831,33186,1,1605
8826,32212,33393,1,1605
8827,32302,33708,1,1605
8828,33607,33285,1,1605
8829,32958,33144,1,1605
8830,32469,32417,1,1605
8831,33384,33050,1,1605
8832,32845,32949,1,1605
8833,32049,32588,1,1605
8834,32029,33460,1,1605
8835,32252,33361,1,1605
8836,33449,32746,1,1605
8837,33528,32017,1,1605
8838,32655,33572,1,1605
8839,32828,32258,1,1605
8840,33861,32112,1,1605
8841,32729,33855,1,1605
8842,33503,32264,1,1605
8843,33125,33373,1,1605
8844,33427,32984,1,1605
8845,33345,33202,1,1605
8846,32257,32727,1,1605
8847,33986,32429,1,1605
8848,33947,32892,1,1605
8849,32711,33964,1,1605
8850,33426,32796,1,1605
8851,32528,33702,1,1605
8852,33243,33208,1,1605
8853,33523,33577,1,1605
8854,32177,32135,1,1605
8855,33759,32131,1,1605
8856,32440,33875,1,1605
8857,33774,32612,1,1605
8858,32315,32792,1,1605
8859,33200,33877,1,1605
8860,33811,32358,1,1605
8861,33815,33742,1,1605
8862,32750,33886,1,1605
8863,32648,33568,1,1605
8864,33364,32341,1,1605
8865,32012,32608,1,1605
8866,32521,32831,1,1605
8867,33281,32766,1,1605
8868,33782,33061,1,1605
8869,32114,33222,1,1605
8870,33647,33350,1,1605
8871,32373,33210,1,1605
8872,33114,33630,1,1605
8873,32369,32483,1,1605
8874,33368,33777,1,1605
8875,32497,33075,1,1605
8876,33567,33978,1,1605
8877,32274,33100,1,1605
8878,32146,33360,1,1605
8879,33515,33900,1,1605
8880,33192,32195,1,1605
8881,32580,32637,1,1605
8882,33026,33925,1,1605
8883,33253,33655,1,1605
8884,32850,33415,1,1605
8885,32668,33190,1,1605
8886,32537,33866,1,1605
8887,32573,32951,1,1605
8888,32988,33414,1,1605
8889,32550,33022,1,1605
8890,32437,33273,1,1605
8891,33196,33514,1,1605
8892,32175,32272,1,1605
8893,33245,33675,1,1605
8894,33121,33217,1,1605
8895,32992,33598,1,1605
8896,33920,32273,1,1605
8897,33112,32408,1,1605
8898,33843,33621,1,1605
8899,33605,33049,1,1605
8900,33894,33980,1,1605
8901,33569,33382,1,1605
8902,32074,32064,1,1605
8903,33538,33949,1,1605
8904,32574,31996,1,1605
8905,33531,33048,1,1605
8906,33772,33128,1,1605
8907,33001,33683,1,1605
8908,32562,33638,1,1605
8909,33297,33943,1,1605
8910,32321,32010,1,1605
8911,33365,32410,1,1605
8912,32961,32213,1,1605
8913,32004,32356,1,1605
8914,33268,32643,1,1605
8915,32473,33960,1,1605
8916,33122,33068,1,1605
8917,33457,33879,1,1605
8918,33611,32715,1,1605
8919,33053,33490,1,1605
8920,32239,33241,1,1605
8921,33521,32006,1,1605
8922,32839,32665,1,1605
8923,33189,33234,1,1605
8924,32636,33930,1,1605
8925,33760,33090,1,1605
8926,32900,33330,1,1605
8927,32653,32125,1,1605
8928,33626,33642,1,1605
8929,33615,32427,1,1605
8930,32651,33565,1,1605
8931,33961,32097,1,1605
8932,32051,32659,1,1605
8933,33131,32602,1,1605
8934,32162,32572,1,1605
8935,33711,32147,1,1605
8936,32033,32774,1,1605
8937,33149,32349,1,1605
8938,32499,32962,1,1605
8939,32980,32823,1,1605
8940,32753,33392,1,1605
8941,33120,31998,1,1605
8942,33696,33951,1,1605
8943,32529,33399,1,1605
8944,33601,33849,1,1605
8945,33546,33096,1,1605
8946,33304,32214,1,1605
8947,32075,32085,1,1605
8948,32277,32870,1,1605
8949,33722,33377,1,1605
8950,33591,33017,1,1605
8951,32732,32080,1,1605
8952,33984,32126,1,1605
8953,32657,32825,1,1605
8954,33676,32955,1,1605
8955,32058,32028,1,1605
8956,33717,33289,1,1605
8957,33410,32250,1,1605
8958,33233,32480,1,1605
8959,33039,32806,1,1605
8960,33250,33404,1,1605
8961,32622,32226,1,1605
8962,33370,32936,1,1605
8963,32466,32899,1,1605
8964,33785,32596,1,1605
8965,32098,32925,1,1605
8966,33668,33905,1,1605
8967,32564,32446,1,1605
8968,32168,32129,1,1605
8969,33975,32117,1,1605
8970,33916,33632,1,1605
8971,32362,33893,1,1605
8972,33670,33164,1,1605
8973,32283,33629,1,1605
8974,32152,32855,1,1605
8975,33563,32694,1,1605
8976,33539,33084,1,1605
8977,33617,32460,1,1605
8978,32763,32279,1,1605
8979,32513,32426,1,1605
8980,32880,32353,1,1605
8981,32091,33896,1,1605
8982,33251,32554,1,1605
8983,33072,32570,1,1605
8984,33576,33954,1,1605
8985,32754,33733,1,1605
8986,32062,33881,1,1605
8987,33019,33646,1,1605
8988,33328,33758,1,1605
8989,32523,32339,1,1605
8990,32512,32881,1,1605
8991,32956,32821,1,1605
8992,32002,32525,1,1605
8993,32891,33933,1,1605
8994,33168,33575,1,1605
8995,32898,32579,1,1605
8996,33316,33485,1,1605
8997,32787,33188,1,1605
8998,33699,33938,1,1605
8999,32231,32311,1,1605
9000,33550,32838,1,1605
9001,32011,32957,1,1605
9002,31992,33950,1,1605
9003,33587,32371,1,1605
9004,33826,33133,1,1605
9005,33381,33715,1,1605
9006,32660,32086,1,1605
9007,32797,32248,1,1605
9008,33725,32130,1,1605
9009,33337,32869,1,1605
9010,32120,32974,1,1605
9011,33778,33003,1,1605
9012,35831,35174,1,1630
9013,35309,35229,1,1630
9014,35059,35342,1,1630
9015,35653,34695,1,1630
9016,34054,34464,1,1630
9017,35865,34387,1,1630
9018,34082,35437,1,1630
9019,34793,35305,1,1630
9020,35741,34362,1,1630
9021,35155,35435,1,1630
9022,34790,34660,1,1630
9023,34268,34415,1,1630
9024,35346,35445,1,1630
9025,35898,34652,1,1630
9026,34501,35706,1,1630
9027,35655,34393,1,1630
9028,34899,34503,1,1630
9029,34877,35540,1,1630
9030,34812,34556,1,1630
9031,35272,35611,1,1630
9032,34050,35755,1,1630
9033,34770,35739,1,1630
9034,35514,34457,1,1630
9035,34428,34447,1,1630
9036,34559,35312,1,1630
9037,34086,35609,1,1630
9038,35487,34979,1,1630
9039,35634,34896,1,1630
9040,35216,34067,1,1630
9041,35694,34827,1,1630
9042,35338,34690,1,1630
9043,35924,35030,1,1630
9044,34769,35140,1,1630
9045,34563,34505,1,1630
9046,35108,34641,1,1630
9047,35261,35007,1,1630
9048,34906,35695,1,1630
9049,35786,35520,1,1630
9050,35111,35547,1,1630
9051,35379,35842,1,1630
9052,35726,34771,1,1630
9053,35360,35321,1,1630
9054,34786,35013,1,1630
9055,35320,35147,1,1630
9056,34481,35156,1,1630
9057,34529,34472,1,1630
9058,35964,35032,1,1630
9059,34250,35593,1,1630
9060,35872,34729,1,1630
9061,35056,35637,1,1630
9062,35967,34092,1,1630
9063,35721,34671,1,1630
9064,35067,34850,1,1630
9065,35446,34282,1,1630
9066,34323,34311,1,1630
9067,35421,34982,1,1630
9068,34037,34249,1,1630
9069,35159,35160,1,1630
9070,35046,35681,1,1630
9071,35652,34980,1,1630
9072,35463,35063,1,1630
9073,34497,34394,1,1630
9074,34830,35854,1,1630
9075,34147,34939,1,1630
9076,34709,34365,1,1630
9077,34214,34507,1,1630
9078,35969,34095,1,1630
9079,35891,34868,1,1630
9080,35422,34408,1,1630
9081,35049,34572,1,1630
9082,35485,35376,1,1630
9083,34448,35128,1,1630
9084,34557,35204,1,1630
9085,34921,34096,1,1630
9086,34517,34263,1,1630
9087,35737,34297,1,1630
9088,34006,35901,1,1630
9089,35784,35491,1,1630
9090,34392,35409,1,1630
9091,35317,35565,1,1630
9092,35186,35643,1,1630
9093,34123,35486,1,1630
9094,34431,35090,1,1630
9095,35941,34928,1,1630
9096,35730,35468,1,1630
9097,34847,35195,1,1630
9098,35448,34198,1,1630
9099,34445,35524,1,1630
9100,35472,34981,1,1630
9101,34766,35971,1,1630
9102,34020,35256,1,1630
9103,34380,35685,1,1630
9104,34405,34813,1,1630
9105,35572,35127,1,1630
9106,34917,35332,1,1630
9107,34712,35191,1,1630
9108,35759,35036,1,1630
9109,35451,34853,1,1630
9110,34132,35280,1,1630
9111,34175,35289,1,1630
9112,35551,35717,1,1630
9113,35248,35852,1,1630
9114,34897,34261,1,1630
9115,35018,34188,1,1630
9116,34340,34767,1,1630
9117,34933,34722,1,1630
9118,34028,34493,1,1630
9119,35417,35029,1,1630
9120,34208,34782,1,1630
9121,34891,34547,1,1630
9122,35731,35550,1,1630
9123,35602,34144,1,1630
9124,35290,35249,1,1630
9125,35387,34794,1,1630
9126,35756,34592,1,1630
9127,35365,34446,1,1630
9128,35951,34339,1,1630
9129,34646,34076,1,1630
9130,35806,34168,1,1630
9131,35649,34288,1,1630
9132,34998,35757,1,1630
9133,35132,35631,1,1630
9134,35632,34753,1,1630
9135,35810,35453,1,1630
9136,34958,34237,1,1630
9137,35066,35824,1,1630
9138,34560,34358,1,1630
9139,34856,34905,1,1630
9140,34078,34057,1,1630
9141,35164,34580,1,1630
9142,34636,34425,1,1630
9143,35434,35708,1,1630
9144,34531,35937,1,1630
9145,35943,35588,1,1630
9146,35117,35931,1,1630
9147,34804,35813,1,1630
9148,34821,34102,1,1630
9149,35187,35502,1,1630
9150,35907,35264,1,1630
9151,34485,34036,1,1630
9152,35157,35303,1,1630
9153,35787,35230,1,1630
9154,35575,35440,1,1630
9155,34886,34522,1,1630
9156,34593,34012,1,1630
9157,34437,35495,1,1630
9158,35916,35566,1,1630
9159,34571,35370,1,1630
9160,34231,34186,1,1630
9161,34949,35323,1,1630
9162,34756,34620,1,1630
9163,34818,34024,1,1630
9164,34656,34758,1,1630
9165,34303,35554,1,1630
9166,35192,35531,1,1630
9167,35928,35084,1,1630
9168,34242,35657,1,1630
9169,35669,34131,1,1630
9170,34042,34962,1,1630
9171,34840,35930,1,1630
9172,33993,34258,1,1630
9173,35523,35889,1,1630
9174,34424,35101,1,1630
9175,35804,35503,1,1630
9176,35618,34318,1,1630
9177,35202,35686,1,1630
9178,34382,34604,1,1630
9179,35719,34149,1,1630
9180,34745,34848,1,1630
9181,34190,35641,1,1630
9182,35185,35534,1,1630
9183,35183,34742,1,1630
9184,35316,35226,1,1630
9185,35070,34316,1,1630
9186,34872,35093,1,1630
9187,35792,35227,1,1630
9188,35942,34870,1,1630
9189,35679,35517,1,1630
9190,35478,34300,1,1630
9191,35083,35224,1,1630
9192,34776,34676,1,1630
9193,34955,35318,1,1630
9194,35474,35557,1,1630
9195,34523,35809,1,1630
9196,35933,34783,1,1630
9197,35885,34974,1,1630
9198,34914,35897,1,1630
9199,35639,35355,1,1630
9200,34748,35682,1,1630
9201,35519,35740,1,1630
9202,34615,35699,1,1630
9203,34093,34837,1,1630
9204,34181,34825,1,1630
9205,34875,35528,1,1630
9206,35608,35794,1,1630
9207,35158,34156,1,1630
9208,34414,35151,1,1630
9209,35222,34649,1,1630
9210,34530,35539,1,1630
9211,35367,34115,1,1630
9212,35906,34741,1,1630
9213,34663,34409,1,1630
9214,34990,34201,1,1630
9215,35134,34667,1,1630
9216,34802,35624,1,1630
9217,35644,35037,1,1630
9218,35406,35199,1,1630
9219,35647,34496,1,1630
9220,34527,35633,1,1630
9221,34532,34352,1,1630
9222,35214,34211,1,1630
9223,33996,35137,1,1630
9224,34361,34719,1,1630
9225,34466,34482,1,1630
9226,35173,35373,1,1630
9227,34334,34772,1,1630
9228,35340,35074,1,1630
9229,35616,34884,1,1630
9230,34597,34504,1,1630
9231,34915,34255,1,1630
9232,35027,35683,1,1630
9233,35563,35818,1,1630
9234,34581,34453,1,1630
9235,35894,34960,1,1630
9236,34127,34541,1,1630
9237,35115,34938,1,1630
9238,34166,35840,1,1630
9239,34087,34452,1,1630
9240,35832,34500,1,1630
9241,34912,35277,1,1630
9242,34189,35939,1,1630
9243,35447,34377,1,1630
9244,34698,35621,1,1630
9245,35345,35105,1,1630
9246,34064,34832,1,1630
9247,35910,34817,1,1630
9248,35099,34673,1,1630
9249,35279,34197,1,1630
9250,34854,34083,1,1630
9251,35331,35410,1,1630
9252,35509,35753,1,1630
9253,34878,35393,1,1630
9254,34828,34545,1,1630
9255,34724,35139,1,1630
9256,35454,35629,1,1630
9257,35390,35507,1,1630
9258,34781,35638,1,1630
9259,34256,34021,1,1630
9260,34844,35745,1,1630
9261,35546,35053,1,1630
9262,34071,34511,1,1630
9263,34763,34162,1,1630
9264,35436,34566,1,1630
9265,35423,35492,1,1630
9266,34578,35319,1,1630
9267,35065,34483,1,1630
9268,34486,35700,1,1630
9269,34328,34045,1,1630
9270,34984,34577,1,1630
9271,35698,34983,1,1630
9272,34726,34440,1,1630
9273,35845,34976,1,1630
9274,35031,35893,1,1630
9275,34574,35864,1,1630
9276,34477,35880,1,1630
9277,35138,34187,1,1630
9278,35450,34355,1,1630
9279,34060,34475,1,1630
9280,35752,35100,1,1630
9281,35240,34253,1,1630
9282,34048,35011,1,1630
9283,35178,34283,1,1630
9284,34004,35648,1,1630
9285,35300,34370,1,1630
9286,35660,34787,1,1630
9287,35291,35103,1,1630
9288,35543,34515,1,1630
9289,34307,34332,1,1630
9290,34806,34478,1,1630
9291,34285,35223,1,1630
9292,34705,34514,1,1630
9293,34203,34526,1,1630
9294,34859,35689,1,1630
9295,35095,35724,1,1630
9296,34279,34346,1,1630
9297,34327,34295,1,1630
9298,35882,34549,1,1630
9299,34744,34714,1,1630
9300,35895,34035,1,1630
9301,35956,35298,1,1630
9302,34018,34142,1,1630
9303,35619,35122,1,1630
9304,35970,35371,1,1630
9305,34880,34824,1,1630
9306,35026,35936,1,1630
9307,35366,34260,1,1630
9308,34686,34363,1,1630
9309,34085,34224,1,1630
9310,34487,35722,1,1630
9311,35860,35131,1,1630
9312,35525,35835,1,1630
9313,34241,34195,1,1630
9314,35834,35329,1,1630
9315,35068,34272,1,1630
9316,35008,35034,1,1630
9317,34110,35607,1,1630
9318,34775,35846,1,1630
9319,35243,34495,1,1630
9320,35796,34488,1,1630
9321,34043,34244,1,1630
9322,35801,34502,1,1630
9323,35428,34130,1,1630
9324,34321,35765,1,1630
9325,35361,34967,1,1630
9326,35499,35896,1,1630
9327,35703,35676,1,1630
9328,34150,34777,1,1630
9329,34605,35919,1,1630
9330,34713,34356,1,1630
9331,34524,35623,1,1630
9332,35271,35822,1,1630
9333,35626,34226,1,1630
9334,35459,35754,1,1630
9335,35658,34089,1,1630
9336,35469,34816,1,1630
9337,34073,34674,1,1630
9338,35718,34889,1,1630
9339,34948,34001,1,1630
9340,34491,34160,1,1630
9341,34881,34178,1,1630
9342,35890,34647,1,1630
9343,34513,35771,1,1630
9344,34040,35326,1,1630
9345,34583,35610,1,1630
9346,34996,34697,1,1630
9347,34418,34443,1,1630
9348,35287,35868,1,1630
9349,35877,34287,1,1630
9350,34159,35744,1,1630
9351,34809,35391,1,1630
9352,35661,34015,1,1630
9353,34822,34552,1,1630
9354,34399,35775,1,1630
9355,35581,35330,1,1630
9356,35125,34381,1,1630
9357,34210,35175,1,1630
9358,34936,35617,1,1630
9359,34929,34059,1,1630
9360,35215,34715,1,1630
9361,35527,34348,1,1630
9362,35407,34708,1,1630
9363,35841,34145,1,1630
9364,34666,35697,1,1630
9365,34619,35913,1,1630
9366,35172,35052,1,1630
9367,34494,34032,1,1630
9368,35677,34423,1,1630
9369,34942,34236,1,1630
9370,35076,34248,1,1630
9371,34401,35767,1,1630
9372,35386,35830,1,1630
9373,34861,34630,1,1630
9374,34908,35712,1,1630
9375,34101,35811,1,1630
9376,35201,34975,1,1630
9377,34723,35014,1,1630
9378,34324,35075,1,1630
9379,35490,35493,1,1630
9380,34879,34621,1,1630
9381,34209,35314,1,1630
9382,35594,35505,1,1630
9383,34489,34264,1,1630
9384,34345,34845,1,1630
9385,35217,35600,1,1630
9386,35836,34136,1,1630
9387,35816,35859,1,1630
9388,34916,34611,1,1630
9389,34025,34026,1,1630
9390,35189,35535,1,1630
9391,34703,35823,1,1630
9392,34124,34923,1,1630
9393,34992,34470,1,1630
9394,35313,35197,1,1630
9395,34338,35926,1,1630
9396,35339,34749,1,1630
9397,34350,35425,1,1630
9398,34800,35237,1,1630
9399,34193,34743,1,1630
9400,34851,35341,1,1630
9401,34564,34051,1,1630
9402,34219,35945,1,1630
9403,34411,35388,1,1630
9404,35352,34122,1,1630
9405,34725,34855,1,1630
9406,34163,35564,1,1630
9407,34562,34436,1,1630
9408,34164,35263,1,1630
9409,35476,34623,1,1630
9410,35145,35336,1,1630
9411,35118,35955,1,1630
9412,35595,35351,1,1630
9413,34455,35568,1,1630
9414,34450,34759,1,1630
9415,34952,34313,1,1630
9416,35182,34991,1,1630
9417,35098,35086,1,1630
9418,35776,34815,1,1630
9419,35153,34904,1,1630
9420,35953,34862,1,1630
9421,34831,35170,1,1630
9422,34461,34353,1,1630
9423,35715,34883,1,1630
9424,34273,34107,1,1630
9425,35064,34539,1,1630
9426,34600,35692,1,1630
9427,34839,35797,1,1630
9428,34389,35883,1,1630
9429,34669,34013,1,1630
9430,34599,35966,1,1630
9431,35938,35033,1,1630
9432,34234,35072,1,1630
9433,34871,35374,1,1630
9434,35419,35876,1,1630
9435,35073,34246,1,1630
9436,35532,34582,1,1630
9437,35678,34677,1,1630
9438,34023,34308,1,1630
9439,34752,35141,1,1630
9440,34315,35545,1,1630
9441,34965,34720,1,1630
9442,34680,34672,1,1630
9443,34746,34810,1,1630
9444,34176,34343,1,1630
9445,35082,35482,1,1630
9446,34543,35344,1,1630
9447,34484,35043,1,1630
9448,34953,35267,1,1630
9449,35536,34128,1,1630
9450,35161,35521,1,1630
9451,35688,35483,1,1630
9452,35962,34661,1,1630
9453,34716,34826,1,1630
9454,35310,35109,1,1630
9455,34645,34270,1,1630
9456,35642,35691,1,1630
9457,34558,34957,1,1630
9458,33990,35328,1,1630
9459,35833,34731,1,1630
9460,35456,35620,1,1630
9461,34973,35058,1,1630
9462,35149,35769,1,1630
9463,35150,34626,1,1630
9464,35097,34369,1,1630
9465,35542,34439,1,1630
9466,34727,35899,1,1630
9467,35302,35583,1,1630
9468,35628,34738,1,1630
9469,34704,34760,1,1630
9470,34376,35705,1,1630
9471,35783,34230,1,1630
9472,35110,34011,1,1630
9473,34932,34811,1,1630
9474,35886,34931,1,1630
9475,35713,35790,1,1630
9476,34997,35728,1,1630
9477,35335,34882,1,1630
9478,35529,34161,1,1630
9479,35071,35504,1,1630
9480,35909,35667,1,1630
9481,35392,34492,1,1630
9482,35829,35900,1,1630
9483,35570,35372,1,1630
9484,34074,35180,1,1630
9485,35225,35411,1,1630
9486,35400,35311,1,1630
9487,34333,34614,1,1630
9488,35467,34538,1,1630
9489,34694,34911,1,1630
9490,35087,35308,1,1630
9491,34833,34762,1,1630
9492,34591,34294,1,1630
9493,35839,35427,1,1630
9494,35562,35212,1,1630
9495,35208,34174,1,1630
9496,34925,34568,1,1630
9497,35766,35057,1,1630
9498,34858,34053,1,1630
9499,34737,34003,1,1630
9500,35848,35732,1,1630
9501,35772,35496,1,1630
9502,35672,34739,1,1630
9503,34383,35684,1,1630
9504,34606,35233,1,1630
9505,35232,34956,1,1630
9506,35762,35874,1,1630
9507,35119,34528,1,1630
9508,35382,35304,1,1630
9509,34612,34412,1,1630
9510,35430,34944,1,1630
9511,34474,35023,1,1630
9512,37234,36239,1,1655
9513,36627,37616,1,1655
9514,37386,37410,1,1655
9515,37655,36310,1,1655
9516,36512,36124,1,1655
9517,36636,37074,1,1655
9518,36485,37401,1,1655
9519,36874,36961,1,1655
9520,36438,37542,1,1655
9521,37219,37049,1,1655
9522,36446,36112,1,1655
9523,37915,36641,1,1655
9524,36380,37760,1,1655
9525,36477,37273,1,1655
9526,36677,37181,1,1655
9527,37154,37366,1,1655
9528,36551,37012,1,1655
9529,36804,37843,1,1655
9530,37732,37315,1,1655
9531,36444,36776,1,1655
9532,37360,36701,1,1655
9533,37418,36986,1,1655
9534,37547,37118,1,1655
9535,36451,36801,1,1655
9536,36667,37706,1,1655
9537,37850,36248,1,1655
9538,37466,36994,1,1655
9539,36187,36959,1,1655
9540,36415,37039,1,1655
9541,36104,37168,1,1655
9542,37035,37829,1,1655
9543,37079,37217,1,1655
9544,37840,37090,1,1655
9545,36397,37594,1,1655
9546,36334,36769,1,1655
9547,36307,36745,1,1655
9548,37335,36782,1,1655
9549,36753,37673,1,1655
9550,36228,36894,1,1655
9551,37715,36421,1,1655
9552,36149,37725,1,1655
9553,37318,36904,1,1655
9554,37805,37235,1,1655
9555,37752,37495,1,1655
9556,36539,36038,1,1655
9557,37519,37727,1,1655
9558,37323,37638,1,1655
9559,36883,36642,1,1655
9560,37088,37201,1,1655
9561,37901,37186,1,1655
9562,36382,37133,1,1655
9563,36404,36079,1,1655
9564,37496,37385,1,1655
9565,37888,37289,1,1655
9566,36495,37605,1,1655
9567,37905,37438,1,1655
9568,37703,36703,1,1655
9569,36875,36625,1,1655
9570,37071,36171,1,1655
9571,37949,37652,1,1655
9572,37830,36122,1,1655
9573,36098,37120,1,1655
9574,37077,37849,1,1655
9575,36863,36101,1,1655
9576,37149,36707,1,1655
9577,36789,36136,1,1655
9578,36754,36608,1,1655
9579,37286,36093,1,1655
9580,37759,37416,1,1655
9581,37093,36344,1,1655
9582,36306,36798,1,1655
9583,37697,37867,1,1655
9584,36429,36237,1,1655
9585,37704,36587,1,1655
9586,37134,37847,1,1655
9587,36733,36876,1,1655
9588,37452,36148,1,1655
9589,36791,36088,1,1655
9590,36529,37200,1,1655
9591,36417,36255,1,1655
9592,37214,37467,1,1655
9593,36903,36383,1,1655
9594,37658,36138,1,1655
9595,37423,36196,1,1655
9596,36353,36583,1,1655
9597,37362,37944,1,1655
9598,37710,37588,1,1655
9599,37555,37067,1,1655
9600,36208,36774,1,1655
9601,36129,36163,1,1655
9602,36821,36926,1,1655
9603,37779,37665,1,1655
9604,36552,36795,1,1655
9605,36125,37494,1,1655
9606,37259,37914,1,1655
9607,37054,36250,1,1655
9608,37112,37832,1,1655
9609,36928,37395,1,1655
9610,36716,37004,1,1655
9611,36052,35986,1,1655
9612,37595,37225,1,1655
9613,36332,36490,1,1655
9614,37294,37782,1,1655
9615,36840,37125,1,1655
9616,36824,37860,1,1655
9617,37102,35992,1,1655
9618,37279,36978,1,1655
9619,36533,36655,1,1655
9620,37270,36319,1,1655
9621,36173,37893,1,1655
9622,36598,37326,1,1655
9623,36131,36974,1,1655
9624,37021,37337,1,1655
9625,37310,36816,1,1655
9626,37956,37462,1,1655
9627,36520,36253,1,1655
9628,36236,37679,1,1655
9629,36179,37621,1,1655
9630,37785,37024,1,1655
9631,37199,37379,1,1655
9632,37159,36168,1,1655
9633,36043,36624,1,1655
9634,36118,36663,1,1655
9635,36028,36602,1,1655
9636,36831,36419,1,1655
9637,36943,36282,1,1655
9638,37482,36936,1,1655
9639,36012,36475,1,1655
9640,36240,37192,1,1655
9641,37845,37645,1,1655
9642,37814,36464,1,1655
9643,36068,36005,1,1655
9644,37230,36571,1,1655
9645,36565,37747,1,1655
9646,37778,36296,1,1655
9647,37534,36289,1,1655
9648,37174,36922,1,1655
9649,37680,37272,1,1655
9650,36697,37768,1,1655
9651,36035,37763,1,1655
9652,36175,37548,1,1655
9653,37572,36656,1,1655
9654,37955,37550,1,1655
9655,37772,36247,1,1655
9656,36150,36083,1,1655
9657,37044,36543,1,1655
9658,36681,36952,1,1655
9659,37924,36725,1,1655
9660,37078,37567,1,1655
9661,36706,35983,1,1655
9662,37708,37859,1,1655
9663,37177,37350,1,1655
9664,37640,36385,1,1655
9665,37720,37719,1,1655
9666,37282,36024,1,1655
9667,37748,37208,1,1655
9668,36117,36650,1,1655
9669,36738,37777,1,1655
9670,36156,36843,1,1655
9671,36630,36603,1,1655
9672,37643,36115,1,1655
9673,37001,37148,1,1655
9674,36916,37836,1,1655
9675,37305,37724,1,1655
9676,36274,36813,1,1655
9677,36960,37846,1,1655
9678,37819,36021,1,1655
9679,37109,37449,1,1655
9680,37611,37190,1,1655
9681,37932,36696,1,1655
9682,37699,36743,1,1655
9683,36724,36525,1,1655
9684,36297,37734,1,1655
9685,36142,37628,1,1655
9686,37390,36709,1,1655
9687,37515,37114,1,1655
9688,36931,37942,1,1655
9689,36041,36596,1,1655
9690,36932,37941,1,1655
9691,36045,37818,1,1655
9692,37808,36714,1,1655
9693,37827,37934,1,1655
9694,36536,37456,1,1655
9695,36268,36661,1,1655
9696,36854,36918,1,1655
9697,36331,36363,1,1655
9698,37042,36976,1,1655
9699,37728,36538,1,1655
9700,37023,37228,1,1655
9701,37329,36914,1,1655
9702,36767,36257,1,1655
9703,36947,36462,1,1655
9704,36841,37926,1,1655
9705,36055,36686,1,1655
9706,36962,37129,1,1655
9707,36617,37879,1,1655
9708,36513,36645,1,1655
9709,37020,37793,1,1655
9710,37507,37374,1,1655
9711,36234,37556,1,1655
9712,37205,37320,1,1655
9713,37163,36487,1,1655
9714,36387,36934,1,1655
9715,37483,36895,1,1655
9716,37116,37068,1,1655
9717,36537,37473,1,1655
9718,36292,36358,1,1655
9719,37822,37365,1,1655
9720,37754,37117,1,1655
9721,37091,36016,1,1655
9722,37409,36586,1,1655
9723,36120,37899,1,1655
9724,36347,37570,1,1655
9725,37171,36728,1,1655
9726,37802,37398,1,1655
9727,37835,37683,1,1655
9728,36534,36898,1,1655
9729,37653,36201,1,1655
9730,36514,36773,1,1655
9731,36246,36983,1,1655
9732,37059,37957,1,1655
9733,37602,37499,1,1655
9734,37774,36298,1,1655
9735,36727,36469,1,1655
9736,36216,37055,1,1655
9737,36294,37045,1,1655
9738,35975,36835,1,1655
9739,37212,37916,1,1655
9740,36591,36314,1,1655
9741,36975,37389,1,1655
9742,37523,36555,1,1655
9743,37029,37743,1,1655
9744,37731,37627,1,1655
9745,37842,36133,1,1655
9746,36852,36568,1,1655
9747,37447,37027,1,1655
9748,36413,36408,1,1655
9749,36687,36425,1,1655
9750,37811,36458,1,1655
9751,36750,37773,1,1655
9752,36341,36837,1,1655
9753,37789,37464,1,1655
9754,37848,36631,1,1655
9755,37124,36386,1,1655
9756,36882,37569,1,1655
9757,36972,35987,1,1655
9758,36067,36023,1,1655
9759,37947,36761,1,1655
9760,37753,37693,1,1655
9761,36097,36291,1,1655
9762,37757,37000,1,1655
9763,37330,36218,1,1655
9764,37343,37175,1,1655
9765,37465,36320,1,1655
9766,36022,37290,1,1655
9767,37526,36422,1,1655
9768,37296,36921,1,1655
9769,37937,37202,1,1655
9770,36493,37618,1,1655
9771,36027,36087,1,1655
9772,36503,37691,1,1655
9773,37913,36896,1,1655
9774,36121,37382,1,1655
9775,36193,36544,1,1655
9776,37920,36910,1,1655
9777,36026,37672,1,1655
9778,36790,36264,1,1655
9779,36287,37187,1,1655
9780,36152,36622,1,1655
9781,37783,36557,1,1655
9782,37169,36362,1,1655
9783,37312,36260,1,1655
9784,37528,36660,1,1655
9785,37180,36254,1,1655
9786,37717,36579,1,1655
9787,36392,37576,1,1655
9788,37316,37882,1,1655
9789,37267,37923,1,1655
9790,37069,36295,1,1655
9791,37740,37426,1,1655
9792,36683,37821,1,1655
9793,36911,36420,1,1655
9794,37399,36734,1,1655
9795,36740,36454,1,1655
9796,36662,37538,1,1655
9797,36956,37654,1,1655
9798,36311,36455,1,1655
9799,36445,36832,1,1655
9800,37504,37866,1,1655
9801,36215,37535,1,1655
9802,36040,37009,1,1655
9803,37468,36611,1,1655
9804,37280,37203,1,1655
9805,37075,37591,1,1655
9806,37094,36830,1,1655
9807,36378,37319,1,1655
9808,36008,37664,1,1655
9809,36321,37145,1,1655
9810,37443,37775,1,1655
9811,37666,37113,1,1655
9812,37600,37372,1,1655
9813,37336,36719,1,1655
9814,36144,37592,1,1655
9815,36044,36996,1,1655
9816,37058,37746,1,1655
9817,37458,37510,1,1655
9818,36126,36426,1,1655
9819,36992,36530,1,1655
9820,36528,36281,1,1655
9821,37630,37695,1,1655
9822,36418,37801,1,1655
9823,37951,36829,1,1655
9824,37641,37800,1,1655
9825,37851,37632,1,1655
9826,36308,36946,1,1655
9827,37562,36278,1,1655
9828,36963,37863,1,1655
9829,37164,36452,1,1655
9830,37300,37238,1,1655
9831,36330,37532,1,1655
9832,36694,37131,1,1655
9833,37935,36871,1,1655
9834,36377,36105,1,1655
9835,37844,36134,1,1655
9836,37902,37437,1,1655
9837,36132,36558,1,1655
9838,37769,37530,1,1655
9839,37698,37028,1,1655
9840,37624,37099,1,1655
9841,37060,36108,1,1655
9842,37786,36352,1,1655
9843,36354,36968,1,1655
9844,36524,37140,1,1655
9845,36858,36033,1,1655
9846,36819,36726,1,1655
9847,36275,37332,1,1655
9848,36102,37583,1,1655
9849,37244,36723,1,1655
9850,37170,36518,1,1655
9851,37007,37357,1,1655
9852,36567,37461,1,1655
9853,37025,36913,1,1655
9854,37210,37857,1,1655
9855,36231,37405,1,1655
9856,36787,37184,1,1655
9857,36174,36403,1,1655
9858,37701,36797,1,1655
9859,36574,37226,1,1655
9860,36305,37682,1,1655
9861,37115,37498,1,1655
9862,36812,36988,1,1655
9863,37579,37733,1,1655
9864,37053,37189,1,1655
9865,35976,36658,1,1655
9866,36090,36997,1,1655
9867,36504,36235,1,1655
9868,36811,37620,1,1655
9869,36075,37460,1,1655
9870,36605,36861,1,1655
9871,37831,37223,1,1655
9872,37165,37470,1,1655
9873,36453,36614,1,1655
9874,37160,36405,1,1655
9875,36220,37560,1,1655
9876,36766,36505,1,1655
9877,37546,36751,1,1655
9878,36020,36424,1,1655
9879,36046,37661,1,1655
9880,36350,36158,1,1655
9881,37347,37633,1,1655
9882,37858,37260,1,1655
9883,36531,37766,1,1655
9884,37735,37268,1,1655
9885,37429,37878,1,1655
9886,37394,37255,1,1655
9887,36036,36476,1,1655
9888,37667,36549,1,1655
9889,36562,36128,1,1655
9890,37751,37475,1,1655
9891,37325,37642,1,1655
9892,36722,36263,1,1655
9893,36944,36194,1,1655
9894,37952,37271,1,1655
9895,36267,37685,1,1655
9896,37573,36348,1,1655
9897,37393,35981,1,1655
9898,36069,37593,1,1655
9899,36242,37561,1,1655
9900,37657,36159,1,1655
9901,36930,37040,1,1655
9902,37249,37016,1,1655
9903,36192,37333,1,1655
9904,36285,36489,1,1655
9905,36620,37002,1,1655
9906,36114,37557,1,1655
9907,37348,36862,1,1655
9908,37061,37881,1,1655
9909,37536,37162,1,1655
9910,37690,36107,1,1655
9911,36318,36279,1,1655
9912,36217,37361,1,1655
9913,37764,37038,1,1655
9914,37544,37353,1,1655
9915,37092,35993,1,1655
9916,36820,37912,1,1655
9917,37391,37922,1,1655
9918,37608,36637,1,1655
9919,36594,37558,1,1655
9920,36736,36666,1,1655
9921,36527,36664,1,1655
9922,36794,37491,1,1655
9923,37328,37231,1,1655
9924,36756,36061,1,1655
9925,36581,37276,1,1655
9926,36205,37580,1,1655
9927,37516,36324,1,1655
9928,37041,36335,1,1655
9929,37108,36823,1,1655
9930,36013,36065,1,1655
9931,36646,36411,1,1655
9932,37517,36057,1,1655
9933,37509,36584,1,1655
9934,37687,37032,1,1655
9935,37678,37248,1,1655
9936,36985,36542,1,1655
9937,37736,37176,1,1655
9938,36116,35973,1,1655
9939,36535,37403,1,1655
9940,36561,37877,1,1655
9941,36919,36721,1,1655
9942,37206,37209,1,1655
9943,35984,36412,1,1655
9944,36001,36327,1,1655
9945,36084,36639,1,1655
9946,36434,36224,1,1655
9947,37072,37500,1,1655
9948,37334,36371,1,1655
9949,37167,36368,1,1655
9950,36685,37107,1,1655
9951,37566,37444,1,1655
9952,36640,36017,1,1655
9953,37185,37414,1,1655
9954,36238,36977,1,1655
9955,36917,37104,1,1655
9956,37196,37907,1,1655
9957,35994,37826,1,1655
9958,37413,37215,1,1655
9959,37512,36519,1,1655
9960,36370,37694,1,1655
9961,36141,36540,1,1655
9962,36376,37527,1,1655
9963,37048,36336,1,1655
9964,37815,36049,1,1655
9965,37285,37239,1,1655
9966,37551,37354,1,1655
9967,37855,37083,1,1655
9968,37609,36162,1,1655
9969,36182,36365,1,1655
9970,37194,36313,1,1655
9971,37142,36145,1,1655
9972,37166,37721,1,1655
9973,37381,37424,1,1655
9974,36853,37738,1,1655
9975,36207,37726,1,1655
9976,36366,37147,1,1655
9977,37839,36676,1,1655
9978,37463,36081,1,1655
9979,37474,37172,1,1655
9980,36198,36717,1,1655
9981,36768,37635,1,1655
9982,36479,37613,1,1655
9983,37262,37292,1,1655
9984,36920,37647,1,1655
9985,37581,36074,1,1655
9986,36700,36442,1,1655
9987,37730,36064,1,1655
9988,36906,36053,1,1655
9989,36316,36554,1,1655
9990,36047,37648,1,1655
9991,36907,37253,1,1655
9992,37656,37146,1,1655
9993,37388,36891,1,1655
9994,37101,36680,1,1655
9995,37367,37085,1,1655
9996,36515,36984,1,1655
9997,37450,37313,1,1655
9998,37435,36338,1,1655
9999,36111,36679,1,1655
10000,37478,37417,1,1655
10001,37349,37790,1,1655
10002,36183,36509,1,1655
10003,36186,37100,1,1655
10004,37890,37448,1,1655
10005,37183,36135,1,1655
10006,37243,36284,1,1655
10007,37442,37150,1,1655
10008,37574,37612,1,1655
10009,36153,37311,1,1655
10010,37545,37541,1,1655
10011,36781,36559,1,1655
10012,38905,38932,1,1680
10013,38343,39293,1,1680
10014,39565,38045,1,1680
10015,38674,39230,1,1680
10016,39066,37971,1,1680
10017,39647,38525,1,1680
10018,39660,38934,1,1680
10019,39208,38809,1,1680
10020,39601,38704,1,1680
10021,38356,38156,1,1680
10022,39018,38611,1,1680
10023,39417,39609,1,1680
10024,39250,39471,1,1680
10025,39504,39704,1,1680
10026,39745,39094,1,1680
10027,38193,39331,1,1680
10028,38077,38680,1,1680
10029,38603,38907,1,1680
10030,39781,39493,1,1680
10031,39087,38657,1,1680
10032,39270,38713,1,1680
10033,39286,39907,1,1680
10034,38271,38794,1,1680
10035,38404,39212,1,1680
10036,38107,39680,1,1680
10037,38075,38139,1,1680
10038,38030,39128,1,1680
10039,39734,38662,1,1680
10040,39531,39530,1,1680
10041,38402,38359,1,1680
10042,39047,37992,1,1680
10043,38994,38344,1,1680
10044,39502,37970,1,1680
10045,39536,38220,1,1680
10046,39819,38812,1,1680
10047,39253,38101,1,1680
10048,38602,38360,1,1680
10049,38826,38633,1,1680
10050,39130,39637,1,1680
10051,39185,39143,1,1680
10052,39805,39379,1,1680
10053,39772,38247,1,1680
10054,37987,39611,1,1680
10055,39549,39414,1,1680
10056,38149,39224,1,1680
10057,38908,38802,1,1680
10058,39634,39547,1,1680
10059,37985,39823,1,1680
10060,39058,38617,1,1680
10061,38123,38316,1,1680
10062,39557,39161,1,1680
10063,39195,39569,1,1680
10064,39895,39306,1,1680
10065,39501,39006,1,1680
10066,39579,39169,1,1680
10067,38538,39254,1,1680
10068,39694,38747,1,1680
10069,39600,38068,1,1680
10070,38766,39106,1,1680
10071,38368,39355,1,1680
10072,38320,39468,1,1680
10073,39193,38998,1,1680
10074,39644,38999,1,1680
10075,39137,38396,1,1680
10076,39427,39719,1,1680
10077,39460,38112,1,1680
10078,39643,38194,1,1680
10079,39264,39541,1,1680
10080,39291,39021,1,1680
10081,39086,39377,1,1680
10082,39845,39328,1,1680
10083,38487,38840,1,1680
10084,38265,38893,1,1680
10085,39562,38333,1,1680
10086,39313,39041,1,1680
10087,38759,39116,1,1680
10088,38710,38546,1,1680
10089,38993,39506,1,1680
10090,38315,39251,1,1680
10091,39182,38372,1,1680
10092,38693,38969,1,1680
10093,39706,38600,1,1680
10094,38270,38654,1,1680
10095,39701,38628,1,1680
10096,39685,38117,1,1680
10097,39851,38471,1,1680
10098,39372,38839,1,1680
10099,38044,38160,1,1680
10100,38705,38846,1,1680
10101,39141,39848,1,1680
10102,39015,38448,1,1680
10103,38797,39183,1,1680
10104,39241,38703,1,1680
10105,38586,39147,1,1680
10106,38200,39221,1,1680
10107,38351,39799,1,1680
10108,39783,38715,1,1680
10109,38501,38253,1,1680
10110,37999,38407,1,1680
10111,38801,39038,1,1680
10112,39763,37976,1,1680
10113,38385,39284,1,1680
10114,38782,39364,1,1680
10115,39350,39002,1,1680
10116,39620,39342,1,1680
10117,38816,38063,1,1680
10118,38061,39466,1,1680
10119,38204,39804,1,1680
10120,38420,38960,1,1680
10121,38838,39426,1,1680
10122,38728,38388,1,1680
10123,39856,38409,1,1680
10124,39105,39893,1,1680
10125,38482,38656,1,1680
10126,38618,38256,1,1680
10127,38616,38571,1,1680
10128,37981,38313,1,1680
10129,39626,39802,1,1680
10130,38784,39761,1,1680
10131,38218,38332,1,1680
10132,39055,39219,1,1680
10133,39918,38677,1,1680
10134,38952,39191,1,1680
10135,39064,39759,1,1680
10136,38800,38147,1,1680
10137,38528,38413,1,1680
10138,38036,39340,1,1680
10139,39720,39723,1,1680
10140,39369,39282,1,1680
10141,39492,39873,1,1680
10142,38631,38067,1,1680
10143,38919,39491,1,1680
10144,39045,39645,1,1680
10145,38541,39551,1,1680
10146,39676,38820,1,1680
10147,37978,38197,1,1680
10148,37969,38081,1,1680
10149,38584,38772,1,1680
10150,38857,38966,1,1680
10151,39336,38943,1,1680
10152,38361,39820,1,1680
10153,38804,38384,1,1680
10154,38778,38006,1,1680
10155,38848,38376,1,1680
10156,38513,38791,1,1680
10157,38451,38411,1,1680
10158,38452,38378,1,1680
10159,39870,39459,1,1680
10160,39795,39060,1,1680
10161,38859,38544,1,1680
10162,39806,39046,1,1680
10163,38629,38122,1,1680
10164,38358,38553,1,1680
10165,37975,39872,1,1680
10166,37994,38913,1,1680
10167,38276,38853,1,1680
10168,38883,38246,1,1680
10169,38732,38554,1,1680
10170,38421,38493,1,1680
10171,38394,39696,1,1680
10172,39239,38831,1,1680
10173,39564,37988,1,1680
10174,39338,39464,1,1680
10175,39289,37974,1,1680
10176,38027,38282,1,1680
10177,39184,39885,1,1680
10178,39842,38057,1,1680
10179,39397,38833,1,1680
10180,39841,38222,1,1680
10181,38419,39037,1,1680
10182,39728,39333,1,1680
10183,38867,38170,1,1680
10184,38085,39546,1,1680
10185,39621,38941,1,1680
10186,38231,39103,1,1680
10187,39632,38485,1,1680
10188,38646,39836,1,1680
10189,39402,39906,1,1680
10190,38740,39310,1,1680
10191,38334,38362,1,1680
10192,39124,38590,1,1680
10193,38717,38438,1,1680
10194,39053,39353,1,1680
10195,38951,38302,1,1680
10196,38478,39849,1,1680
10197,38948,37973,1,1680
10198,38326,38046,1,1680
10199,39654,38495,1,1680
10200,39373,39413,1,1680
10201,39573,39357,1,1680
10202,38872,38897,1,1680
10203,38518,38108,1,1680
10204,38884,39035,1,1680
10205,38597,39023,1,1680
10206,39911,38491,1,1680
10207,38886,39140,1,1680
10208,38937,38325,1,1680
10209,38519,39108,1,1680
10210,38573,39257,1,1680
10211,38403,38418,1,1680
10212,38440,39382,1,1680
10213,38146,38339,1,1680
10214,39859,39905,1,1680
10215,38868,39588,1,1680
10216,39879,39677,1,1680
10217,39151,38935,1,1680
10218,38762,39791,1,1680
10219,39544,38832,1,1680
10220,38977,38053,1,1680
10221,38406,39145,1,1680
10222,38881,38106,1,1680
10223,38926,38985,1,1680
10224,39339,38954,1,1680
10225,38956,39840,1,1680
10226,39516,39595,1,1680
10227,39335,38579,1,1680
10228,38423,38105,1,1680
10229,39065,38665,1,1680
10230,39578,37979,1,1680
10231,39750,38899,1,1680
10232,38976,38610,1,1680
10233,39808,39478,1,1680
10234,39785,38770,1,1680
10235,38775,38335,1,1680
10236,38441,38736,1,1680
10237,39658,38295,1,1680
10238,39088,38902,1,1680
10239,39175,38939,1,1680
10240,39076,38179,1,1680
10241,38556,38166,1,1680
10242,39476,39276,1,1680
10243,38074,37965,1,1680
10244,38248,38097,1,1680
10245,39462,38299,1,1680
10246,38964,39878,1,1680
10247,38461,38167,1,1680
10248,38492,39268,1,1680
10249,38636,37993,1,1680
10250,39860,38486,1,1680
10251,39792,38425,1,1680
10252,38604,39031,1,1680
10253,39346,39542,1,1680
10254,38436,39903,1,1680
10255,39500,38529,1,1680
10256,38781,38064,1,1680
10257,39307,37962,1,1680
10258,39537,39472,1,1680
10259,38688,38243,1,1680
10260,39661,39817,1,1680
10261,39164,38806,1,1680
10262,38503,38917,1,1680
10263,39000,39794,1,1680
10264,39082,38786,1,1680
10265,38965,38437,1,1680
10266,39371,39659,1,1680
10267,38125,38645,1,1680
10268,38774,38428,1,1680
10269,39756,39225,1,1680
10270,39407,38979,1,1680
10271,39656,38347,1,1680
10272,39520,38086,1,1680
10273,39901,38342,1,1680
10274,38896,39445,1,1680
10275,39381,39559,1,1680
10276,39271,38272,1,1680
10277,39343,38293,1,1680
10278,38209,39648,1,1680
10279,39858,38082,1,1680
10280,38128,39640,1,1680
10281,38173,39114,1,1680
10282,39390,39651,1,1680
10283,39100,39007,1,1680
10284,38443,38596,1,1680
10285,39574,38843,1,1680
10286,39591,38208,1,1680
10287,38288,39194,1,1680
10288,38673,39709,1,1680
10289,39450,39539,1,1680
10290,39439,38462,1,1680
10291,38353,38861,1,1680
10292,39752,38920,1,1680
10293,39778,38720,1,1680
10294,38983,38510,1,1680
10295,39721,38649,1,1680
10296,38671,39443,1,1680
10297,38319,39548,1,1680
10298,39830,38511,1,1680
10299,39295,38647,1,1680
10300,38974,39028,1,1680
10301,38102,39652,1,1680
10302,39408,39260,1,1680
10303,38038,39509,1,1680
10304,38730,38259,1,1680
10305,38716,38172,1,1680
10306,38682,38214,1,1680
10307,39029,39612,1,1680
10308,39198,38312,1,1680
10309,39567,39604,1,1680
10310,37963,39314,1,1680
10311,38679,39456,1,1680
10312,39716,39447,1,1680
10313,39089,39642,1,1680
10314,38698,39202,1,1680
10315,39422,38509,1,1680
10316,39294,38354,1,1680
10317,39067,39359,1,1680
10318,39779,38805,1,1680
10319,39136,38389,1,1680
10320,39636,39689,1,1680
10321,39682,38022,1,1680
10322,39223,39684,1,1680
10323,38207,38292,1,1680
10324,38672,38052,1,1680
10325,39556,38397,1,1680
10326,38017,39703,1,1680
10327,37966,39321,1,1680
10328,38910,39247,1,1680
10329,39523,38310,1,1680
10330,38660,39298,1,1680
10331,39796,37995,1,1680
10332,38890,39828,1,1680
10333,38237,38726,1,1680
10334,38357,39638,1,1680
10335,38613,39535,1,1680
10336,39700,38563,1,1680
10337,38020,39590,1,1680
10338,37984,39669,1,1680
10339,38875,38811,1,1680
10340,38435,38306,1,1680
10341,38807,38414,1,1680
10342,38793,39199,1,1680
10343,38562,39160,1,1680
10344,38887,38854,1,1680
10345,39245,39016,1,1680
10346,38029,38731,1,1680
10347,38568,38914,1,1680
10348,38279,38473,1,1680
10349,39625,38651,1,1680
10350,39599,38084,1,1680
10351,39589,38771,1,1680
10352,38212,38517,1,1680
10353,39026,39629,1,1680
10354,37996,39749,1,1680
10355,38566,38621,1,1680
10356,39078,38016,1,1680
10357,38614,37968,1,1680
10358,38594,38162,1,1680
10359,39139,39010,1,1680
10360,38363,39904,1,1680
10361,38880,38675,1,1680
10362,38281,38110,1,1680
10363,38828,39681,1,1680
10364,39868,39499,1,1680
10365,38219,39024,1,1680
10366,38284,38570,1,1680
10367,38856,39528,1,1680
10368,39631,39308,1,1680
10369,38375,38211,1,1680
10370,39154,38296,1,1680
10371,39825,38298,1,1680
10372,38025,39279,1,1680
10373,39233,38667,1,1680
10374,38184,39875,1,1680
10375,39503,38723,1,1680
10376,39446,38015,1,1680
10377,39392,38450,1,1680
10378,39835,38922,1,1680
10379,38479,38758,1,1680
10380,38463,38531,1,1680
10381,38870,38277,1,1680
10382,38092,39316,1,1680
10383,38711,38469,1,1680
10384,38539,38921,1,1680
10385,39892,38245,1,1680
10386,39299,38878,1,1680
10387,38213,39490,1,1680
10388,39692,38289,1,1680
10389,38889,39127,1,1680
10390,39033,38100,1,1680
10391,38824,39753,1,1680
10392,38612,39222,1,1680
10393,38008,39166,1,1680
10394,39575,39465,1,1680
10395,39657,38520,1,1680
10396,39098,39039,1,1680
10397,38818,38888,1,1680
10398,38140,38918,1,1680
10399,38244,38035,1,1680
10400,39617,39655,1,1680
10401,38387,38484,1,1680
10402,39737,39163,1,1680
10403,38070,38241,1,1680
10404,39758,39162,1,1680
10405,39691,38234,1,1680
10406,39897,39312,1,1680
10407,38874,38593,1,1680
10408,38488,38042,1,1680
10409,38150,39592,1,1680
10410,38734,38483,1,1680
10411,39838,39484,1,1680
10412,39487,38817,1,1680
10413,38735,38642,1,1680
10414,38637,39418,1,1680
10415,39249,39774,1,1680
10416,39788,39375,1,1680
10417,38769,38906,1,1680
10418,38426,39679,1,1680
10419,39242,39641,1,1680
10420,38416,39388,1,1680
10421,39433,39091,1,1680
10422,39401,39404,1,1680
10423,38776,38398,1,1680
10424,38111,38829,1,1680
10425,39801,38377,1,1680
10426,39623,39525,1,1680
10427,38286,39362,1,1680
10428,38364,38083,1,1680
10429,39325,38252,1,1680
10430,39297,39920,1,1680
10431,39027,38836,1,1680
10432,39924,38115,1,1680
10433,39062,39839,1,1680
10434,39244,39034,1,1680
10435,39834,38652,1,1680
10436,39739,39606,1,1680
10437,39188,38819,1,1680
10438,39526,39921,1,1680
10439,39889,38850,1,1680
10440,38338,39736,1,1680
10441,38321,38433,1,1680
10442,39690,38300,1,1680
10443,38023,39292,1,1680
10444,38258,39071,1,1680
10445,38814,38752,1,1680
10446,38980,38336,1,1680
10447,38950,39748,1,1680
10448,39741,38096,1,1680
10449,39550,39610,1,1680
10450,39272,38474,1,1680
10451,38981,38048,1,1680
10452,39922,38992,1,1680
10453,39248,39090,1,1680
10454,39237,38439,1,1680
10455,38199,38955,1,1680
10456,38412,39399,1,1680
10457,39827,38755,1,1680
10458,38430,38401,1,1680
10459,39315,39061,1,1680
10460,39593,38130,1,1680
10461,38869,38834,1,1680
10462,39030,38043,1,1680
10463,38768,38505,1,1680
10464,38365,38744,1,1680
10465,38324,38549,1,1680
10466,39360,39070,1,1680
10467,39020,38670,1,1680
10468,39485,38684,1,1680
10469,39302,38626,1,1680
10470,38190,39708,1,1680
10471,39149,39437,1,1680
10472,38873,38004,1,1680
10473,39423,38432,1,1680
10474,39837,38582,1,1680
10475,38267,38308,1,1680
10476,39865,38039,1,1680
10477,39630,38928,1,1680
10478,39854,39129,1,1680
10479,38916,38154,1,1680
10480,38345,39142,1,1680
10481,38415,39678,1,1680
10482,38620,38233,1,1680
10483,39844,38712,1,1680
10484,39529,39616,1,1680
10485,38171,37991,1,1680
10486,38892,39196,1,1680
10487,38745,39189,1,1680
10488,39833,39908,1,1680
10489,38813,38957,1,1680
10490,39176,39013,1,1680
10491,39910,39197,1,1680
10492,39042,39068,1,1680
10493,38835,39784,1,1680
10494,39019,39880,1,1680
10495,38196,38013,1,1680
10496,39717,38095,1,1680
10497,38882,38589,1,1680
10498,38066,38871,1,1680
10499,38532,38514,1,1680
10500,39474,38178,1,1680
10501,39803,39852,1,1680
10502,39156,38094,1,1680
10503,39829,38542,1,1680
10504,38153,39671,1,1680
10505,38575,39628,1,1680
10506,38895,38727,1,1680
10507,38031,39389,1,1680
10508,38564,39602,1,1680
10509,38221,38669,1,1680
10510,39277,38924,1,1680
10511,39914,38903,1,1680
10512,40277,40741,1,1705
10513,41891,40333,1,1705
10514,41352,40894,1,1705
10515,40329,40336,1,1705
10516,40385,41532,1,1705
10517,40645,41152,1,1705
10518,41120,41912,1,1705
10519,40432,40395,1,1705
10520,40507,41511,1,1705
10521,41114,41449,1,1705
10522,41020,40373,1,1705
10523,40262,40978,1,1705
10524,40180,41148,1,1705
10525,40856,40783,1,1705
10526,41678,39940,1,1705
10527,41641,41584,1,1705
10528,40650,40707,1,1705
10529,40374,41104,1,1705
10530,41908,40752,1,1705
10531,40944,39934,1,1705
10532,40691,41058,1,1705
10533,41275,40765,1,1705
10534,40875,40732,1,1705
10535,41042,41290,1,1705
10536,41330,40851,1,1705
10537,40134,41476,1,1705
10538,40900,40330,1,1705
10539,41103,39961,1,1705
10540,40316,41784,1,1705
10541,40390,41899,1,1705
10542,40795,40605,1,1705
10543,41434,40665,1,1705
10544,41703,41799,1,1705
10545,41687,40130,1,1705
10546,41229,40161,1,1705
10547,41398,40745,1,1705
10548,40304,41521,1,1705
10549,40296,40542,1,1705
10550,41675,40640,1,1705
10551,40556,40616,1,1705
10552,40055,41025,1,1705
10553,40490,41163,1,1705
10554,40137,41302,1,1705
10555,40986,41738,1,1705
10556,40310,40439,1,1705
10557,40796,40169,1,1705
10558,41266,40612,1,1705
10559,39932,41531,1,1705
10560,41451,41233,1,1705
10561,40982,41226,1,1705
10562,41037,41468,1,1705
10563,40975,40908,1,1705
10564,40714,41645,1,1705
10565,41855,41686,1,1705
10566,40799,41142,1,1705
10567,40328,40079,1,1705
10568,41498,40271,1,1705
10569,39985,41851,1,1705
10570,41486,40584,1,1705
10571,41875,41421,1,1705
10572,40943,40119,1,1705
10573,41228,41478,1,1705
10574,40550,40120,1,1705
10575,41881,41386,1,1705
10576,40603,41253,1,1705
10577,40552,41335,1,1705
10578,41098,41597,1,1705
10579,40433,40494,1,1705
10580,40615,41491,1,1705
10581,41317,41607,1,1705
10582,41067,40279,1,1705
10583,41236,41312,1,1705
10584,40483,40045,1,1705
10585,40377,40720,1,1705
10586,41338,41711,1,1705
10587,40289,40121,1,1705
10588,40699,41413,1,1705
10589,41739,40818,1,1705
10590,41119,39942,1,1705
10591,40916,41294,1,1705
10592,40631,41620,1,1705
10593,40392,40463,1,1705
10594,40749,40524,1,1705
10595,39939,41242,1,1705
10596,41874,41862,1,1705
10597,41746,41298,1,1705
10598,41300,41151,1,1705
10599,40231,40205,1,1705
10600,40023,41306,1,1705
10601,40803,40759,1,1705
10602,40251,41917,1,1705
10603,41526,40037,1,1705
10604,40598,41680,1,1705
10605,40676,41311,1,1705
10606,40643,40842,1,1705
10607,41695,41288,1,1705
10608,41821,41633,1,1705
10609,40802,40246,1,1705
10610,40306,41790,1,1705
10611,40312,41145,1,1705
10612,41345,40654,1,1705
10613,41560,41054,1,1705
10614,40429,40128,1,1705
10615,40599,41507,1,1705
10616,41495,41542,1,1705
10617,40052,39988,1,1705
10618,41713,40813,1,1705
10619,41901,40733,1,1705
10620,40573,41094,1,1705
10621,41268,41884,1,1705
10622,40698,41640,1,1705
10623,41896,41043,1,1705
10624,40800,40727,1,1705
10625,40203,40751,1,1705
10626,40744,40021,1,1705
10627,41603,41570,1,1705
10628,41401,41485,1,1705
10629,40675,41426,1,1705
10630,41040,40677,1,1705
10631,41234,40680,1,1705
10632,40569,41281,1,1705
10633,40473,41838,1,1705
10634,40930,41366,1,1705
10635,41399,41830,1,1705
10636,40114,40985,1,1705
10637,41500,41611,1,1705
10638,40168,40309,1,1705
10639,41075,41561,1,1705
10640,40957,40323,1,1705
10641,40924,40826,1,1705
10642,40363,39994,1,1705
10643,41353,41170,1,1705
10644,40857,40630,1,1705
10645,39941,41332,1,1705
10646,41283,41474,1,1705
10647,40685,40002,1,1705
10648,41072,41501,1,1705
10649,41365,40360,1,1705
10650,41722,41461,1,1705
10651,41379,41062,1,1705
10652,40441,41902,1,1705
10653,40148,41299,1,1705
10654,41781,40187,1,1705
10655,41514,41850,1,1705
10656,40447,40624,1,1705
10657,41407,41505,1,1705
10658,41586,40485,1,1705
10659,40176,40966,1,1705
10660,41509,41535,1,1705
10661,40997,41125,1,1705
10662,40457,41659,1,1705
10663,40250,41056,1,1705
10664,41591,40179,1,1705
10665,41520,40154,1,1705
10666,41805,40642,1,1705
10667,40931,41437,1,1705
10668,41051,41254,1,1705
10669,40041,40353,1,1705
10670,40053,40013,1,1705
10671,41634,41683,1,1705
10672,40378,41859,1,1705
10673,41618,41378,1,1705
10674,41202,41430,1,1705
10675,41359,40368,1,1705
10676,41059,41293,1,1705
10677,39962,41018,1,1705
10678,41517,41193,1,1705
10679,40162,41827,1,1705
10680,41765,40588,1,1705
10681,40157,40380,1,1705
10682,41577,41212,1,1705
10683,41847,41003,1,1705
10684,40319,40514,1,1705
10685,40768,40777,1,1705
10686,40779,40313,1,1705
10687,41473,40619,1,1705
10688,40084,40069,1,1705
10689,40909,41768,1,1705
10690,40430,40647,1,1705
10691,40056,41648,1,1705
10692,40690,40166,1,1705
10693,40036,40505,1,1705
10694,41150,41743,1,1705
10695,41087,41802,1,1705
10696,40553,41262,1,1705
10697,40477,41730,1,1705
10698,40500,41126,1,1705
10699,40394,41744,1,1705
10700,40921,41159,1,1705
10701,41729,41824,1,1705
10702,41462,40331,1,1705
10703,40364,39958,1,1705
10704,40298,41793,1,1705
10705,40983,41068,1,1705
10706,40221,41083,1,1705
10707,40873,40965,1,1705
10708,40610,40568,1,1705
10709,40274,41489,1,1705
10710,41562,40071,1,1705
10711,40583,40850,1,1705
10712,40753,40736,1,1705
10713,41363,40728,1,1705
10714,40073,41848,1,1705
10715,41160,40138,1,1705
10716,41524,41063,1,1705
10717,40932,40234,1,1705
10718,40821,40183,1,1705
10719,40919,41243,1,1705
10720,39995,40402,1,1705
10721,40151,40008,1,1705
10722,40024,41361,1,1705
10723,40019,40946,1,1705
10724,40547,40805,1,1705
10725,40259,41078,1,1705
10726,41573,41897,1,1705
10727,40499,40668,1,1705
10728,40711,40256,1,1705
10729,41088,41559,1,1705
10730,40317,40450,1,1705
10731,40531,40558,1,1705
10732,41429,41048,1,1705
10733,40346,41133,1,1705
10734,40516,39998,1,1705
10735,39926,41670,1,1705
10736,40582,40238,1,1705
10737,41740,39976,1,1705
10738,41499,40704,1,1705
10739,40927,40764,1,1705
10740,40636,41256,1,1705
10741,41102,41388,1,1705
10742,39974,41669,1,1705
10743,40386,40449,1,1705
10744,40066,41128,1,1705
10745,41395,40644,1,1705
10746,40594,39947,1,1705
10747,40059,41196,1,1705
10748,41351,41427,1,1705
10749,41622,40670,1,1705
10750,41728,40440,1,1705
10751,41061,41090,1,1705
10752,40170,41487,1,1705
10753,40160,40527,1,1705
10754,41278,40174,1,1705
10755,41127,40937,1,1705
10756,41690,41576,1,1705
10757,40472,40270,1,1705
10758,41688,40264,1,1705
10759,40446,40662,1,1705
10760,41010,40843,1,1705
10761,41408,41308,1,1705
10762,41549,41109,1,1705
10763,40865,40315,1,1705
10764,40165,41596,1,1705
10765,40010,40533,1,1705
10766,40697,40786,1,1705
10767,40272,40384,1,1705
10768,41733,41419,1,1705
10769,41162,41654,1,1705
10770,40928,40393,1,1705
10771,41889,41760,1,1705
10772,40567,41467,1,1705
10773,41682,41780,1,1705
10774,40273,40537,1,1705
10775,40479,41404,1,1705
10776,40717,41488,1,1705
10777,40592,40095,1,1705
10778,40874,40091,1,1705
10779,41201,41343,1,1705
10780,41907,41493,1,1705
10781,40365,40217,1,1705
10782,40546,40878,1,1705
10783,40663,41619,1,1705
10784,41385,40903,1,1705
10785,40981,41402,1,1705
10786,41742,40177,1,1705
10787,41117,40938,1,1705
10788,40388,41825,1,1705
10789,40915,41084,1,1705
10790,40493,41475,1,1705
10791,41777,40564,1,1705
10792,40595,40893,1,1705
10793,41267,40994,1,1705
10794,41436,41533,1,1705
10795,41592,40725,1,1705
10796,41617,40830,1,1705
10797,40409,40424,1,1705
10798,40658,41005,1,1705
10799,41700,40425,1,1705
10800,40525,40287,1,1705
10801,40541,41397,1,1705
10802,41910,40445,1,1705
10803,40451,40652,1,1705
10804,40040,41516,1,1705
10805,40866,41241,1,1705
10806,41681,40656,1,1705
10807,41116,41916,1,1705
10808,40442,41496,1,1705
10809,40620,41732,1,1705
10810,40140,40747,1,1705
10811,41279,41370,1,1705
10812,40791,40357,1,1705
10813,40855,41843,1,1705
10814,40086,41149,1,1705
10815,41433,40295,1,1705
10816,40529,41146,1,1705
10817,41512,41840,1,1705
10818,41555,40318,1,1705
10819,41134,40910,1,1705
10820,41905,41788,1,1705
10821,40776,40785,1,1705
10822,41346,41178,1,1705
10823,40512,40175,1,1705
10824,40358,40901,1,1705
10825,40474,41439,1,1705
10826,40419,39969,1,1705
10827,41465,41593,1,1705
10828,40478,41305,1,1705
10829,41012,39946,1,1705
10830,41609,41222,1,1705
10831,40935,40207,1,1705
10832,41328,40977,1,1705
10833,40043,41357,1,1705
10834,41324,41585,1,1705
10835,39968,41424,1,1705
10836,40068,41666,1,1705
10837,41272,41808,1,1705
10838,40133,40340,1,1705
10839,41271,39950,1,1705
10840,40347,40757,1,1705
10841,40540,40126,1,1705
10842,41649,40280,1,1705
10843,40224,39948,1,1705
10844,40408,40325,1,1705
10845,41354,41515,1,1705
10846,41341,40475,1,1705
10847,41140,40034,1,1705
10848,41898,41153,1,1705
10849,41286,41810,1,1705
10850,41295,40465,1,1705
10851,40131,41672,1,1705
10852,41323,39953,1,1705
10853,40067,41599,1,1705
10854,41380,40396,1,1705
10855,40976,40703,1,1705
10856,41171,41519,1,1705
10857,40996,40044,1,1705
10858,41291,40335,1,1705
10859,41750,40655,1,1705
10860,40899,40971,1,1705
10861,40281,40823,1,1705
10862,40062,40767,1,1705
10863,39925,40735,1,1705
10864,40716,41776,1,1705
10865,40405,40879,1,1705
10866,40496,41057,1,1705
10867,40822,41080,1,1705
10868,41801,40596,1,1705
10869,40989,40337,1,1705
10870,41172,41630,1,1705
10871,40782,41836,1,1705
10872,41794,40058,1,1705
10873,40195,41697,1,1705
10874,41540,40859,1,1705
10875,40060,41800,1,1705
10876,40918,41167,1,1705
10877,40320,41826,1,1705
10878,41406,41410,1,1705
10879,41770,40936,1,1705
10880,40511,41479,1,1705
10881,40661,41527,1,1705
10882,41034,40589,1,1705
10883,41890,41594,1,1705
10884,40628,41396,1,1705
10885,41053,41348,1,1705
10886,40156,41459,1,1705
10887,40990,40867,1,1705
10888,41182,41030,1,1705
10889,40591,41001,1,1705
10890,40049,40784,1,1705
10891,41208,41284,1,1705
10892,40194,40995,1,1705
10893,41798,40415,1,1705
10894,40235,40914,1,1705
10895,40495,41590,1,1705
10896,41551,40708,1,1705
10897,39943,40538,1,1705
10898,41180,41545,1,1705
10899,40687,40836,1,1705
10900,41726,40913,1,1705
10901,40695,39977,1,1705
10902,40641,40666,1,1705
10903,40904,41391,1,1705
10904,41752,41181,1,1705
10905,41660,40006,1,1705
10906,41783,40724,1,1705
10907,40827,41699,1,1705
10908,40228,40560,1,1705
10909,40539,40898,1,1705
10910,41320,41022,1,1705
10911,40737,40096,1,1705
10912,41741,40519,1,1705
10913,40387,41099,1,1705
10914,40027,39966,1,1705
10915,40600,40634,1,1705
10916,40688,40970,1,1705
10917,40051,40870,1,1705
10918,39973,41612,1,1705
10919,41764,41513,1,1705
10920,40020,41082,1,1705
10921,41055,41123,1,1705
10922,40884,41589,1,1705
10923,41274,40987,1,1705
10924,41231,40968,1,1705
10925,40979,40105,1,1705
10926,41089,41259,1,1705
10927,40816,41205,1,1705
10928,41565,40269,1,1705
10929,40431,40883,1,1705
10930,40648,41420,1,1705
10931,41166,40896,1,1705
10932,40164,41277,1,1705
10933,40214,40184,1,1705
10934,40410,40152,1,1705
10935,40225,41251,1,1705
10936,41629,40218,1,1705
10937,41556,40929,1,1705
10938,41006,41724,1,1705
10939,41046,40255,1,1705
10940,41013,40354,1,1705
10941,41135,39972,1,1705
10942,40085,40819,1,1705
10943,40681,40278,1,1705
10944,41696,41543,1,1705
10945,40831,41450,1,1705
10946,41169,41198,1,1705
10947,41373,40601,1,1705
10948,40638,41101,1,1705
10949,41791,41523,1,1705
10950,41811,40895,1,1705
10951,39971,40506,1,1705
10952,40792,40307,1,1705
10953,40860,40548,1,1705
10954,40848,41183,1,1705
10955,40189,41605,1,1705
10956,41552,40334,1,1705
10957,40001,41814,1,1705
10958,41455,40057,1,1705
10959,40242,41757,1,1705
10960,40348,41861,1,1705
10961,41914,40625,1,1705
10962,41903,41454,1,1705
10963,41506,40953,1,1705
10964,40136,41887,1,1705
10965,41007,41389,1,1705
10966,40236,40952,1,1705
10967,40286,40376,1,1705
10968,40123,40586,1,1705
10969,41139,40773,1,1705
10970,40145,41179,1,1705
10971,40834,41021,1,1705
10972,41026,40780,1,1705
10973,41769,40585,1,1705
10974,40526,41673,1,1705
10975,39930,40181,1,1705
10976,40371,41853,1,1705
10977,40382,41484,1,1705
10978,40825,40469,1,1705
10979,40212,41651,1,1705
10980,41355,41701,1,1705
10981,41219,40398,1,1705
10982,41477,39999,1,1705
10983,40046,40356,1,1705
10984,40498,41245,1,1705
10985,41518,41362,1,1705
10986,41211,41796,1,1705
10987,40998,40311,1,1705
10988,41085,40748,1,1705
10989,41831,40984,1,1705
10990,40458,41216,1,1705
10991,39984,40522,1,1705
10992,40192,41086,1,1705
10993,40880,40039,1,1705
10994,41276,40437,1,1705
10995,40515,40223,1,1705
10996,41049,41563,1,1705
10997,40502,40172,1,1705
10998,41627,41867,1,1705
10999,40413,40434,1,1705
11000,41717,41466,1,1705
11001,41032,40835,1,1705
11002,40094,41004,1,1705
11003,41282,40351,1,1705
11004,40635,41868,1,1705
11005,41795,41575,1,1705
11006,40715,41175,1,1705
11007,40912,40555,1,1705
11008,40947,41569,1,1705
11009,39979,41635,1,1705
11010,41583,39993,1,1705
11011,40692,40980,1,1705
11012,42392,43866,1,1730
11013,43814,42269,1,1730
11014,43554,42323,1,1730
11015,42396,43033,1,1730
11016,43854,43072,1,1730
11017,43823,43191,1,1730
11018,42101,42043,1,1730
11019,43455,42335,1,1730
11020,41936,42557,1,1730
11021,42550,42589,1,1730
11022,43227,42977,1,1730
11023,42400,43574,1,1730
11024,42914,42502,1,1730
11025,42951,43377,1,1730
11026,42204,42138,1,1730
11027,43741,42851,1,1730
11028,42573,43572,1,1730
11029,42509,43826,1,1730
11030,42666,42082,1,1730
11031,42672,43557,1,1730
11032,42385,42500,1,1730
11033,42348,42836,1,1730
11034,42955,42114,1,1730
11035,42183,43143,1,1730
11036,43224,42185,1,1730
11037,42056,42251,1,1730
11038,43737,43283,1,1730
11039,42674,42912,1,1730
11040,43080,42206,1,1730
11041,43036,43436,1,1730
11042,43149,43314,1,1730
11043,42473,42788,1,1730
11044,42766,42523,1,1730
11045,42003,42544,1,1730
11046,42570,43711,1,1730
11047,42898,43862,1,1730
11048,43115,43407,1,1730
11049,43561,42903,1,1730
11050,42645,43277,1,1730
11051,42759,42458,1,1730
11052,43064,43010,1,1730
11053,42754,43384,1,1730
11054,42338,42295,1,1730
11055,42837,41959,1,1730
11056,43348,42296,1,1730
11057,43289,41987,1,1730
11058,43217,43479,1,1730
11059,43645,42997,1,1730
11060,42518,42922,1,1730
11061,41946,43474,1,1730
11062,42936,42560,1,1730
11063,42106,42945,1,1730
11064,42900,42146,1,1730
11065,42446,42668,1,1730
11066,43002,43165,1,1730
11067,43582,43200,1,1730
11068,42198,42555,1,1730
11069,43692,43658,1,1730
11070,42468,43715,1,1730
11071,43144,43152,1,1730
11072,43499,43029,1,1730
11073,43322,43083,1,1730
11074,42870,42104,1,1730
11075,42171,43780,1,1730
11076,41969,42158,1,1730
11077,42497,43762,1,1730
11078,43427,42713,1,1730
11079,42213,43889,1,1730
11080,43681,42786,1,1730
11081,42012,42547,1,1730
11082,41971,43102,1,1730
11083,42309,43041,1,1730
11084,43537,43378,1,1730
11085,42285,43131,1,1730
11086,42469,43745,1,1730
11087,42161,42366,1,1730
11088,42321,43085,1,1730
11089,42410,42678,1,1730
11090,43542,43349,1,1730
11091,42404,43307,1,1730
11092,42448,42795,1,1730
11093,42808,42958,1,1730
11094,42833,43122,1,1730
11095,43530,42875,1,1730
11096,42182,42842,1,1730
11097,42715,42369,1,1730
11098,43531,41966,1,1730
11099,42343,42857,1,1730
11100,42515,41928,1,1730
11101,41992,43627,1,1730
11102,42897,42264,1,1730
11103,42487,42994,1,1730
11104,42501,42816,1,1730
11105,43599,42596,1,1730
11106,43012,42137,1,1730
11107,42562,42291,1,1730
11108,43565,43091,1,1730
11109,43703,42454,1,1730
11110,43560,43517,1,1730
11111,43047,42942,1,1730
11112,42769,43577,1,1730
11113,43516,43890,1,1730
11114,43379,42417,1,1730
11115,43258,42222,1,1730
11116,43501,43828,1,1730
11117,42885,42803,1,1730
11118,42268,43886,1,1730
11119,43168,42080,1,1730
11120,42256,43507,1,1730
11121,43326,43770,1,1730
11122,42790,43464,1,1730
11123,42932,43610,1,1730
11124,42664,43051,1,1730
11125,43076,42053,1,1730
11126,42421,42425,1,1730
11127,43229,42960,1,1730
11128,42603,42578,1,1730
11129,43805,43054,1,1730
11130,43831,43346,1,1730
11131,42800,43482,1,1730
11132,42391,42357,1,1730
11133,43835,42144,1,1730
11134,43630,43644,1,1730
11135,43791,43725,1,1730
11136,43350,42904,1,1730
11137,43063,43515,1,1730
11138,43861,43035,1,1730
11139,43566,42472,1,1730
11140,42527,42949,1,1730
11141,43245,42116,1,1730
11142,42231,43571,1,1730
11143,42990,42430,1,1730
11144,42313,43747,1,1730
11145,43698,42849,1,1730
11146,42333,43731,1,1730
11147,42789,43075,1,1730
11148,43420,43587,1,1730
11149,42283,42867,1,1730
11150,42004,42159,1,1730
11151,42356,42764,1,1730
11152,42337,41999,1,1730
11153,42673,43023,1,1730
11154,43852,42427,1,1730
11155,42736,42775,1,1730
11156,42697,42794,1,1730
11157,43634,42561,1,1730
11158,42031,42406,1,1730
11159,42998,43403,1,1730
11160,42329,42252,1,1730
11161,43244,42025,1,1730
11162,42948,43498,1,1730
11163,42034,43820,1,1730
11164,42096,43423,1,1730
11165,43024,42741,1,1730
11166,42414,42687,1,1730
11167,43401,43176,1,1730
11168,43005,42131,1,1730
11169,42292,42490,1,1730
11170,42537,42173,1,1730
11171,43733,42583,1,1730
11172,42608,41956,1,1730
11173,42431,43130,1,1730
11174,41972,42580,1,1730
11175,42305,42605,1,1730
11176,42530,42581,1,1730
11177,42077,43294,1,1730
11178,43510,43811,1,1730
11179,43477,41932,1,1730
11180,43124,43754,1,1730
11181,42733,42825,1,1730
11182,42884,42280,1,1730
11183,43181,42477,1,1730
11184,41927,43103,1,1730
11185,43729,42282,1,1730
11186,41921,43100,1,1730
11187,43640,42758,1,1730
11188,42083,43345,1,1730
11189,42095,42225,1,1730
11190,42791,43205,1,1730
11191,43097,43666,1,1730
11192,43714,42304,1,1730
11193,42352,43788,1,1730
11194,42756,42858,1,1730
11195,43798,43859,1,1730
11196,42531,42017,1,1730
11197,42274,43105,1,1730
11198,43528,42807,1,1730
11199,43008,42920,1,1730
11200,42152,43526,1,1730
11201,43300,43316,1,1730
11202,42658,43276,1,1730
11203,42665,42407,1,1730
11204,43842,42935,1,1730
11205,42880,43194,1,1730
11206,42772,43270,1,1730
11207,42379,41929,1,1730
11208,42667,43623,1,1730
11209,43556,43013,1,1730
11210,43752,43505,1,1730
11211,42541,42996,1,1730
11212,43885,43867,1,1730
11213,43822,43522,1,1730
11214,42848,42416,1,1730
11215,43093,43641,1,1730
11216,42070,42930,1,1730
11217,43225,43676,1,1730
11218,42042,42869,1,1730
11219,42886,43114,1,1730
11220,42779,43247,1,1730
11221,42079,42016,1,1730
11222,43019,43579,1,1730
11223,43046,43502,1,1730
11224,43157,43817,1,1730
11225,42805,42023,1,1730
11226,42543,42246,1,1730
11227,42552,43488,1,1730
11228,42782,41944,1,1730
11229,43048,43042,1,1730
11230,42389,42587,1,1730
11231,43285,43712,1,1730
11232,42010,43551,1,1730
11233,42154,42270,1,1730
11234,43596,42654,1,1730
11235,42209,41931,1,1730
11236,43739,43081,1,1730
11237,42813,42549,1,1730
11238,41993,41994,1,1730
11239,43841,42957,1,1730
11240,43600,42330,1,1730
11241,43399,42908,1,1730
11242,42133,43529,1,1730
11243,43628,43690,1,1730
11244,43679,43637,1,1730
11245,42931,43633,1,1730
11246,43212,42398,1,1730
11247,42393,43734,1,1730
11248,42612,42802,1,1730
11249,43550,43796,1,1730
11250,42076,43396,1,1730
11251,41988,43412,1,1730
11252,43677,43480,1,1730
11253,42671,42516,1,1730
11254,42110,43497,1,1730
11255,42964,43663,1,1730
11256,42388,42734,1,1730
11257,43718,43419,1,1730
11258,41918,43174,1,1730
11259,42566,42899,1,1730
11260,43751,42134,1,1730
11261,43234,42409,1,1730
11262,42326,43654,1,1730
11263,42035,43089,1,1730
11264,42288,42827,1,1730
11265,42232,42980,1,1730
11266,42839,41996,1,1730
11267,42250,42148,1,1730
11268,43682,43254,1,1730
11269,42986,42298,1,1730
11270,43321,42524,1,1730
11271,42700,42018,1,1730
11272,43868,43549,1,1730
11273,41963,42844,1,1730
11274,43360,43489,1,1730
11275,42891,43286,1,1730
11276,43210,42140,1,1730
11277,42267,43872,1,1730
11278,43418,43315,1,1730
11279,43454,43356,1,1730
11280,42659,42517,1,1730
11281,42475,42310,1,1730
11282,42984,42211,1,1730
11283,43302,42277,1,1730
11284,43230,42943,1,1730
11285,42194,42223,1,1730
11286,43701,43099,1,1730
11287,42890,42462,1,1730
11288,42623,43287,1,1730
11289,42595,43853,1,1730
11290,42739,43004,1,1730
11291,42325,43573,1,1730
11292,43802,43638,1,1730
11293,42599,43167,1,1730
11294,43696,43468,1,1730
11295,42180,43310,1,1730
11296,43113,43007,1,1730
11297,42130,43758,1,1730
11298,42691,42737,1,1730
11299,43564,43863,1,1730
11300,42564,42413,1,1730
11301,42090,43291,1,1730
11302,42390,42047,1,1730
11303,42434,42823,1,1730
11304,43463,43069,1,1730
11305,43605,42610,1,1730
11306,43011,42484,1,1730
11307,42334,43433,1,1730
11308,42118,42166,1,1730
11309,42073,42830,1,1730
11310,43120,43753,1,1730
11311,42923,43466,1,1730
11312,42266,43755,1,1730
11313,43070,43702,1,1730
11314,42376,43195,1,1730
11315,43180,42306,1,1730
11316,43273,41980,1,1730
11317,43473,41967,1,1730
11318,43249,42973,1,1730
11319,42607,43453,1,1730
11320,42590,42303,1,1730
11321,42913,43140,1,1730
11322,42689,43800,1,1730
11323,41981,42289,1,1730
11324,42745,42681,1,1730
11325,41943,43851,1,1730
11326,42324,42801,1,1730
11327,43198,43808,1,1730
11328,43846,42314,1,1730
11329,43546,43705,1,1730
11330,43156,43351,1,1730
11331,43282,42359,1,1730
11332,43045,42538,1,1730
11333,42383,43006,1,1730
11334,42614,41974,1,1730
11335,42471,41973,1,1730
11336,43806,43305,1,1730
11337,42545,43362,1,1730
11338,43858,42585,1,1730
11339,43662,42503,1,1730
11340,42081,42057,1,1730
11341,43182,43183,1,1730
11342,43695,43441,1,1730
11343,42120,43629,1,1730
11344,43736,42650,1,1730
11345,43500,43034,1,1730
11346,43060,43559,1,1730
11347,43879,43553,1,1730
11348,43470,43844,1,1730
11349,43272,43722,1,1730
11350,42111,43238,1,1730
11351,43119,42723,1,1730
11352,42241,42105,1,1730
11353,42940,43431,1,1730
11354,43481,42375,1,1730
11355,43290,43618,1,1730
11356,42952,43324,1,1730
11357,43058,42567,1,1730
11358,42479,43829,1,1730
11359,43719,42708,1,1730
11360,43374,43815,1,1730
11361,42005,42498,1,1730
11362,42188,42778,1,1730
11363,42571,43727,1,1730
11364,42319,42961,1,1730
11365,42470,43279,1,1730
11366,41997,42683,1,1730
11367,41961,42887,1,1730
11368,42953,43086,1,1730
11369,42577,43442,1,1730
11370,42450,43740,1,1730
11371,42149,42882,1,1730
11372,42670,42613,1,1730
11373,42244,41930,1,1730
11374,43664,43693,1,1730
11375,43818,43723,1,1730
11376,42619,42761,1,1730
11377,43581,42693,1,1730
11378,42164,43118,1,1730
11379,42254,42799,1,1730
11380,43343,42217,1,1730
11381,42141,42563,1,1730
11382,42617,43855,1,1730
11383,42846,42840,1,1730
11384,42983,42214,1,1730
11385,42172,43155,1,1730
11386,43094,42630,1,1730
11387,42727,43781,1,1730
11388,42449,43475,1,1730
11389,42170,43336,1,1730
11390,43601,42709,1,1730
11391,42218,43744,1,1730
11392,42026,42873,1,1730
11393,42255,42281,1,1730
11394,42506,43339,1,1730
11395,43246,43648,1,1730
11396,42505,42783,1,1730
11397,43775,43424,1,1730
11398,42750,43173,1,1730
11399,43830,43166,1,1730
11400,43865,43153,1,1730
11401,42069,43259,1,1730
11402,43685,43141,1,1730
11403,43303,43265,1,1730
11404,42424,42918,1,1730
11405,41923,43461,1,1730
11406,42089,41991,1,1730
11407,43615,42478,1,1730
11408,42165,43381,1,1730
11409,43197,43297,1,1730
11410,42368,43073,1,1730
11411,42861,43849,1,1730
11412,43049,42380,1,1730
11413,42119,43532,1,1730
11414,42474,43268,1,1730
11415,42597,42633,1,1730
11416,42593,43016,1,1730
11417,43776,41979,1,1730
11418,43428,42768,1,1730
11419,43056,43158,1,1730
11420,43193,42917,1,1730
11421,43493,42063,1,1730
11422,43792,42604,1,1730
11423,42074,42522,1,1730
11424,41998,43611,1,1730
11425,43271,42661,1,1730
11426,42415,42621,1,1730
11427,42308,43133,1,1730
11428,43203,43812,1,1730
11429,43021,43472,1,1730
11430,42692,43363,1,1730
11431,42872,43095,1,1730
11432,42293,42112,1,1730
11433,43562,43793,1,1730
11434,42094,42540,1,1730
11435,42174,43237,1,1730
11436,43301,41941,1,1730
11437,42499,43680,1,1730
11438,43204,43292,1,1730
11439,43373,42463,1,1730
11440,43334,43496,1,1730
11441,42752,43284,1,1730
11442,42489,43688,1,1730
11443,42927,43435,1,1730
11444,43509,43092,1,1730
11445,41995,43398,1,1730
11446,42606,43511,1,1730
11447,43832,42669,1,1730
11448,43810,43146,1,1730
11449,42592,43057,1,1730
11450,41948,41939,1,1730
11451,42155,43766,1,1730
11452,42224,43514,1,1730
11453,43763,43653,1,1730
11454,42993,42731,1,1730
11455,43617,43232,1,1730
11456,43111,42370,1,1730
11457,43169,43850,1,1730
11458,42408,42656,1,1730
11459,42495,42192,1,1730
11460,42558,42191,1,1730
11461,42143,43541,1,1730
11462,42341,43218,1,1730
11463,42248,43709,1,1730
11464,42743,43366,1,1730
11465,43545,43567,1,1730
11466,42906,42704,1,1730
11467,43660,41935,1,1730
11468,42724,43452,1,1730
11469,42460,42344,1,1730
11470,43269,43438,1,1730
11471,43803,43487,1,1730
11472,42954,43430,1,1730
11473,43444,42982,1,1730
11474,42832,42828,1,1730
11475,42020,42467,1,1730
11476,42520,43779,1,1730
11477,42038,42792,1,1730
11478,42978,43319,1,1730
11479,42852,43884,1,1730
11480,43068,42989,1,1730
11481,42320,42061,1,1730
11482,42345,43341,1,1730
11483,42037,42226,1,1730
11484,42629,43123,1,1730
11485,43164,43524,1,1730
11486,43257,43834,1,1730
11487,42969,42115,1,1730
11488,43090,43857,1,1730
11489,42841,42722,1,1730
11490,43848,41986,1,1730
11491,43038,42939,1,1730
11492,42072,42981,1,1730
11493,43308,43443,1,1730
11494,42433,41970,1,1730
11495,43674,43807,1,1730
11496,43821,42065,1,1730
11497,43569,43757,1,1730
11498,43684,42749,1,1730
11499,42297,43406,1,1730
11500,42482,42508,1,1730
11501,42843,42177,1,1730
11502,43721,42229,1,1730
11503,43365,43595,1,1730
11504,43816,42979,1,1730
11505,43458,42938,1,1730
11506,43110,42122,1,1730
11507,43274,42730,1,1730
11508,43280,42036,1,1730
11509,42085,42859,1,1730
11510,43756,42086,1,1730
11511,42461,43376,1,1730
11512,45687,45455,1,1755
11513,45425,45353,1,1755
11514,45036,45399,1,1755
11515,45655,45344,1,1755
11516,45803,45246,1,1755
11517,45251,44643,1,1755
11518,45757,45814,1,1755
11519,44952,45858,1,1755
11520,45893,45328,1,1755
11521,45570,45465,1,1755
11522,44478,44899,1,1755
11523,45620,45076,1,1755
11524,45270,45648,1,1755
11525,45100,45292,1,1755
11526,44313,45158,1,1755
11527,45183,45242,1,1755
11528,45623,45859,1,1755
11529,44857,44615,1,1755
11530,44015,44712,1,1755
11531,45352,44525,1,1755
11532,44943,44276,1,1755
11533,45223,44504,1,1755
11534,45379,44013,1,1755
11535,44685,44917,1,1755
11536,44973,45625,1,1755
11537,44134,45705,1,1755
11538,43923,44549,1,1755
11539,45227,45518,1,1755
11540,45821,45582,1,1755
11541,44710,45179,1,1755
11542,44142,44951,1,1755
11543,45613,43931,1,1755
11544,44644,45576,1,1755
11545,45129,44031,1,1755
11546,45214,44083,1,1755
11547,45385,44823,1,1755
11548,45490,44974,1,1755
11549,43924,44594,1,1755
11550,44604,44376,1,1755
11551,44293,45603,1,1755
11552,45319,45535,1,1755
11553,45743,44681,1,1755
11554,45331,44829,1,1755
11555,44098,44562,1,1755
11556,45778,44388,1,1755
11557,43925,45745,1,1755
11558,45804,45281,1,1755
11559,44747,44830,1,1755
11560,44456,45828,1,1755
11561,45402,43895,1,1755
11562,45345,45147,1,1755
11563,45253,44794,1,1755
11564,45558,44853,1,1755
11565,44147,44419,1,1755
11566,45684,45060,1,1755
11567,45601,45488,1,1755
11568,45718,45608,1,1755
11569,43896,45221,1,1755
11570,44571,44675,1,1755
11571,45373,44391,1,1755
11572,45017,45247,1,1755
11573,45165,45636,1,1755
11574,45527,44723,1,1755
11575,44866,45400,1,1755
11576,44975,45864,1,1755
11577,44674,44831,1,1755
11578,44666,43946,1,1755
11579,43930,44835,1,1755
11580,44879,44739,1,1755
11581,44394,45873,1,1755
11582,43971,45467,1,1755
11583,44625,45654,1,1755
11584,44649,45130,1,1755
11585,45802,44573,1,1755
11586,44657,44378,1,1755
11587,44043,44775,1,1755
11588,45161,44449,1,1755
11589,45148,45007,1,1755
11590,45854,45699,1,1755
11591,44506,44512,1,1755
11592,45474,44256,1,1755
11593,45445,44023,1,1755
11594,44408,44159,1,1755
11595,44622,45289,1,1755
11596,44317,44181,1,1755
11597,45369,44357,1,1755
11598,44406,45878,1,1755
11599,45609,45754,1,1755
11600,44054,44017,1,1755
11601,45536,45417,1,1755
11602,45670,44048,1,1755
11603,44269,44868,1,1755
11604,45496,44465,1,1755
11605,45698,44742,1,1755
11606,45874,45138,1,1755
11607,45257,44524,1,1755
11608,44150,44416,1,1755
11609,44900,45095,1,1755
11610,44543,45728,1,1755
11611,43990,45790,1,1755
11612,44149,45807,1,1755
11613,44576,44444,1,1755
11614,45156,45895,1,1755
11615,44851,44443,1,1755
11616,45606,45566,1,1755
11617,44560,44516,1,1755
11618,44175,44417,1,1755
11619,44281,44860,1,1755
11620,45083,43997,1,1755
11621,45649,45020,1,1755
11622,44976,45850,1,1755
11623,45574,45199,1,1755
11624,44961,45562,1,1755
11625,45538,44503,1,1755
11626,44832,45273,1,1755
11627,45034,45505,1,1755
11628,45308,45293,1,1755
11629,45775,43966,1,1755
11630,44499,44906,1,1755
11631,45376,44196,1,1755
11632,45484,44627,1,1755
11633,44277,44930,1,1755
11634,44858,44808,1,1755
11635,44114,43959,1,1755
11636,45110,45173,1,1755
11637,44591,45546,1,1755
11638,44502,45545,1,1755
11639,45212,44301,1,1755
11640,44435,45473,1,1755
11641,44214,44583,1,1755
11642,44915,44998,1,1755
11643,45424,44727,1,1755
11644,43919,45389,1,1755
11645,43947,45624,1,1755
11646,45325,45653,1,1755
11647,43899,45436,1,1755
11648,45495,45117,1,1755
11649,44252,45063,1,1755
11650,44239,44569,1,1755
11651,44577,45676,1,1755
11652,45732,44451,1,1755
11653,44334,44414,1,1755
11654,45432,45080,1,1755
11655,45256,45704,1,1755
11656,44790,44179,1,1755
11657,44353,44421,1,1755
11658,44969,45756,1,1755
11659,44122,44257,1,1755
11660,45346,45856,1,1755
11661,45809,44682,1,1755
11662,45453,43989,1,1755
11663,44707,44008,1,1755
11664,44670,44218,1,1755
11665,45170,44472,1,1755
11666,44226,45164,1,1755
11667,43905,45706,1,1755
11668,44104,45444,1,1755
11669,44630,45059,1,1755
11670,45679,45554,1,1755
11671,44131,44057,1,1755
11672,44268,45480,1,1755
11673,44118,44337,1,1755
11674,44529,44485,1,1755
11675,44565,45639,1,1755
11676,44312,44754,1,1755
11677,45588,44401,1,1755
11678,45791,43900,1,1755
11679,45201,44606,1,1755
11680,44199,45057,1,1755
11681,45050,44776,1,1755
11682,45861,45830,1,1755
11683,44691,44958,1,1755
11684,45341,45042,1,1755
11685,44413,45644,1,1755
11686,45619,45229,1,1755
11687,44340,44755,1,1755
11688,45338,44007,1,1755
11689,45262,45134,1,1755
11690,44087,44050,1,1755
11691,45407,44234,1,1755
11692,43938,43915,1,1755
11693,45525,45491,1,1755
11694,44686,44183,1,1755
11695,44883,44701,1,1755
11696,44523,45014,1,1755
11697,45343,45438,1,1755
11698,44801,45394,1,1755
11699,44420,45787,1,1755
11700,44702,45543,1,1755
11701,45709,44582,1,1755
11702,45234,44826,1,1755
11703,44066,44237,1,1755
11704,45260,43979,1,1755
11705,45852,45890,1,1755
11706,45822,44205,1,1755
11707,44339,44601,1,1755
11708,45033,44377,1,1755
11709,44721,45163,1,1755
11710,44626,45752,1,1755
11711,44661,44611,1,1755
11712,45013,44734,1,1755
11713,44902,44729,1,1755
11714,44904,45357,1,1755
11715,44735,45371,1,1755
11716,44764,44720,1,1755
11717,44230,44697,1,1755
11718,45739,44813,1,1755
11719,44690,44934,1,1755
11720,44221,44285,1,1755
11721,45174,44927,1,1755
11722,44546,45514,1,1755
11723,45151,43999,1,1755
11724,43972,44073,1,1755
11725,45393,45563,1,1755
11726,45003,45131,1,1755
11727,45314,44303,1,1755
11728,44235,45333,1,1755
11729,45801,44188,1,1755
11730,44347,45116,1,1755
11731,45691,45136,1,1755
11732,44349,44231,1,1755
11733,45449,45548,1,1755
11734,45786,45485,1,1755
11735,43951,44190,1,1755
11736,45627,44441,1,1755
11737,44672,45235,1,1755
11738,44880,44373,1,1755
11739,45126,45098,1,1755
11740,45135,45658,1,1755
11741,43945,44153,1,1755
11742,45727,44793,1,1755
11743,45090,43974,1,1755
11744,44091,45797,1,1755
11745,44343,45642,1,1755
11746,44229,44812,1,1755
11747,45781,45377,1,1755
11748,44550,45264,1,1755
11749,45499,44297,1,1755
11750,45420,44381,1,1755
11751,45711,45456,1,1755
11752,45194,45249,1,1755
11753,43934,44937,1,1755
11754,45031,44653,1,1755
11755,44714,44358,1,1755
11756,45301,45215,1,1755
11757,44170,45862,1,1755
11758,44242,44792,1,1755
11759,45457,45689,1,1755
11760,45461,45519,1,1755
11761,44128,44316,1,1755
11762,45327,43903,1,1755
11763,45284,44302,1,1755
11764,45111,44558,1,1755
11765,45493,45824,1,1755
11766,45592,45877,1,1755
11767,45697,45575,1,1755
11768,44638,44152,1,1755
11769,44289,44121,1,1755
11770,44479,44459,1,1755
11771,45694,44733,1,1755
11772,45070,45089,1,1755
11773,44448,44431,1,1755
11774,43926,45835,1,1755
11775,44553,45507,1,1755
11776,44113,45030,1,1755
11777,44578,45061,1,1755
11778,44384,45598,1,1755
11779,45072,45580,1,1755
11780,45109,44172,1,1755
11781,44944,45508,1,1755
11782,44598,44055,1,1755
11783,44187,44374,1,1755
11784,45435,44437,1,1755
11785,45112,44840,1,1755
11786,44730,44112,1,1755
11787,44484,44621,1,1755
11788,44224,43986,1,1755
11789,45441,44460,1,1755
11790,44467,44261,1,1755
11791,44646,44074,1,1755
11792,45272,45481,1,1755
11793,45193,44375,1,1755
11794,45006,45398,1,1755
11795,45188,44065,1,1755
11796,44127,45266,1,1755
11797,45498,45304,1,1755
11798,45139,43981,1,1755
11799,45724,45380,1,1755
11800,44913,45137,1,1755
11801,44396,45520,1,1755
11802,44634,44556,1,1755
11803,44047,44084,1,1755
11804,45753,44125,1,1755
11805,44093,44171,1,1755
11806,45561,45287,1,1755
11807,45487,44612,1,1755
11808,45551,45482,1,1755
11809,44567,44154,1,1755
11810,43941,43936,1,1755
11811,44361,44778,1,1755
11812,45892,45286,1,1755
11813,45205,45133,1,1755
11814,45324,45149,1,1755
11815,45470,44402,1,1755
11816,44620,45656,1,1755
11817,44623,45715,1,1755
11818,45415,45826,1,1755
11819,45659,45586,1,1755
11820,45107,45189,1,1755
11821,44979,43992,1,1755
11822,44645,45703,1,1755
11823,44910,45846,1,1755
11824,45825,45517,1,1755
11825,44468,44515,1,1755
11826,45278,44563,1,1755
11827,44282,45894,1,1755
11828,45002,45443,1,1755
11829,44051,43916,1,1755
11830,44026,44012,1,1755
11831,44438,44294,1,1755
11832,45901,43932,1,1755
11833,44636,44033,1,1755
11834,44027,43929,1,1755
11835,44501,45368,1,1755
11836,45891,45633,1,1755
11837,45021,44924,1,1755
11838,45521,44692,1,1755
11839,45280,45884,1,1755
11840,44063,44962,1,1755
11841,44837,45740,1,1755
11842,45114,44009,1,1755
11843,44006,44635,1,1755
11844,44363,45717,1,1755
11845,44921,45816,1,1755
11846,45686,44664,1,1755
11847,45869,43897,1,1755
11848,45448,45355,1,1755
11849,43994,45086,1,1755
11850,43921,44588,1,1755
11851,44647,43935,1,1755
11852,44263,44315,1,1755
11853,43898,44167,1,1755
11854,44596,45321,1,1755
11855,44389,44698,1,1755
11856,44699,44210,1,1755
11857,45218,44308,1,1755
11858,45666,44839,1,1755
11859,44148,44579,1,1755
11860,45494,44126,1,1755
11861,44652,45047,1,1755
11862,43913,45798,1,1755
11863,44067,44936,1,1755
11864,44716,44737,1,1755
11865,45782,45695,1,1755
11866,44447,44053,1,1755
11867,45511,45167,1,1755
11868,44663,43980,1,1755
11869,44092,45767,1,1755
11870,44954,45759,1,1755
11871,44587,45004,1,1755
11872,45550,45336,1,1755
11873,45897,44590,1,1755
11874,44174,43953,1,1755
11875,44365,45668,1,1755
11876,45180,44510,1,1755
11877,45622,44155,1,1755
11878,44669,45322,1,1755
11879,45103,44198,1,1755
11880,44809,44708,1,1755
11881,44062,45589,1,1755
11882,44450,45217,1,1755
11883,45731,45274,1,1755
11884,44530,44405,1,1755
11885,44207,45023,1,1755
11886,45833,45306,1,1755
11887,45203,44493,1,1755
11888,44566,44430,1,1755
11889,45409,45362,1,1755
11890,45428,44533,1,1755
11891,45267,44434,1,1755
11892,45838,45555,1,1755
11893,45766,44383,1,1755
11894,45383,44029,1,1755
11895,43964,45721,1,1755
11896,44746,45506,1,1755
11897,45829,44392,1,1755
11898,44182,45225,1,1755
11899,44099,44602,1,1755
11900,45366,45780,1,1755
11901,44455,44537,1,1755
11902,44287,45664,1,1755
11903,44035,45370,1,1755
11904,44619,45446,1,1755
11905,44306,44329,1,1755
11906,45591,44314,1,1755
11907,45198,45788,1,1755
11908,45529,45716,1,1755
11909,45524,45237,1,1755
11910,45646,45143,1,1755
11911,45600,44211,1,1755
11912,44135,44004,1,1755
11913,45844,45372,1,1755
11914,45191,45596,1,1755
11915,45312,44609,1,1755
11916,44259,44799,1,1755
11917,45005,44807,1,1755
11918,45077,45153,1,1755
11919,44522,45233,1,1755
11920,45900,44777,1,1755
11921,45602,45405,1,1755
11922,44400,44225,1,1755
11923,45222,45094,1,1755
11924,44246,44208,1,1755
11925,45681,45208,1,1755
11926,45795,44077,1,1755
11927,44629,44300,1,1755
11928,44713,44144,1,1755
11929,45101,44119,1,1755
11930,44518,45258,1,1755
11931,44327,45025,1,1755
11932,45688,44058,1,1755
11933,44338,45396,1,1755
11934,45244,44223,1,1755
11935,45313,44673,1,1755
11936,45300,44030,1,1755
11937,44989,44342,1,1755
11938,45391,45141,1,1755
11939,44236,45811,1,1755
11940,45108,44891,1,1755
11941,44117,44216,1,1755
11942,43965,45899,1,1755
11943,45823,44532,1,1755
11944,44453,44667,1,1755
11945,45675,45124,1,1755
11946,43910,44960,1,1755
11947,44988,44745,1,1755
11948,45236,44488,1,1755
11949,45106,44990,1,1755
11950,44706,45843,1,1755
11951,43998,44272,1,1755
11952,45294,44005,1,1755
11953,44352,44403,1,1755
11954,45401,44804,1,1755
11955,44898,44554,1,1755
11956,44761,44274,1,1755
11957,45016,44875,1,1755
11958,45725,45700,1,1755
11959,44097,45239,1,1755
11960,44517,45302,1,1755
11961,45872,45119,1,1755
11962,44411,44265,1,1755
11963,44865,45794,1,1755
11964,45665,44935,1,1755
11965,45026,44955,1,1755
11966,45254,44428,1,1755
11967,44511,45392,1,1755
11968,43922,45356,1,1755
11969,44311,45105,1,1755
11970,44956,45572,1,1755
11971,44905,44436,1,1755
11972,44177,44321,1,1755
11973,45500,44912,1,1755
11974,45303,45565,1,1755
11975,45307,44901,1,1755
11976,45184,44728,1,1755
11977,45015,44820,1,1755
11978,44893,44881,1,1755
11979,44785,43973,1,1755
11980,44509,44671,1,1755
11981,45154,44945,1,1755
11982,44088,45547,1,1755
11983,45309,44719,1,1755
11984,44332,44788,1,1755
11985,44781,45773,1,1755
11986,44028,45075,1,1755
11987,44492,44021,1,1755
11988,45604,44842,1,1755
11989,44364,44254,1,1755
11990,44253,43962,1,1755
11991,44270,43954,1,1755
11992,45641,45064,1,1755
11993,44789,45492,1,1755
11994,44071,44786,1,1755
11995,44076,44193,1,1755
11996,44461,44642,1,1755
11997,44547,45172,1,1755
11998,44791,44676,1,1755
11999,43918,44841,1,1755
12000,44967,44987,1,1755
12001,45187,45295,1,1755
12002,44854,45340,1,1755
12003,44581,44668,1,1755
12004,45777,44783,1,1755
12005,44637,45661,1,1755
12006,44362,45310,1,1755
12007,45378,45093,1,1755
12008,44849,44284,1,1755
12009,44680,44094,1,1755
12010,44473,44939,1,1755
12011,45150,45738,1,1755
12012,47264,45935,1,1780
12013,47539,47313,1,1780
12014,46702,46665,1,1780
12015,47771,46926,1,1780
12016,47824,46475,1,1780
12017,46560,46981,1,1780
12018,46610,46423,1,1780
12019,46340,46546,1,1780
12020,46575,47221,1,1780
12021,47755,46455,1,1780
12022,47351,46421,1,1780
12023,47398,47171,1,1780
12024,47191,46882,1,1780
12025,47158,46849,1,1780
12026,46904,46075,1,1780
12027,47189,46234,1,1780
12028,47507,47182,1,1780
12029,46620,47144,1,1780
12030,47318,47210,1,1780
12031,47776,46666,1,1780
12032,46920,46956,1,1780
12033,45960,47390,1,1780
12034,47880,46623,1,1780
12035,47183,46542,1,1780
12036,46302,46891,1,1780
12037,47186,46332,1,1780
12038,45933,46402,1,1780
12039,46133,46732,1,1780
12040,47031,46176,1,1780
12041,46349,47371,1,1780
12042,45907,45982,1,1780
12043,47674,46185,1,1780
12044,46177,47352,1,1780
12045,46856,45961,1,1780
12046,46184,47310,1,1780
12047,47196,47234,1,1780
12048,46729,45930,1,1780
12049,47689,46873,1,1780
12050,46004,46456,1,1780
12051,47372,47510,1,1780
12052,46186,46674,1,1780
12053,46060,46333,1,1780
12054,46008,46280,1,1780
12055,47452,47267,1,1780
12056,47314,46693,1,1780
12057,46895,46888,1,1780
12058,47373,46529,1,1780
12059,46908,47782,1,1780
12060,46622,46318,1,1780
12061,47266,46881,1,1780
12062,47096,46721,1,1780
12063,46390,47006,1,1780
12064,47257,46653,1,1780
12065,47361,47737,1,1780
12066,47168,47882,1,1780
12067,46772,47150,1,1780
12068,47914,47441,1,1780
12069,46497,46521,1,1780
12070,47030,46360,1,1780
12071,47254,46865,1,1780
12072,46963,47408,1,1780
12073,47223,46967,1,1780
12074,47701,46769,1,1780
12075,45958,45972,1,1780
12076,46624,47531,1,1780
12077,46543,47354,1,1780
12078,46372,47640,1,1780
12079,47056,47866,1,1780
12080,46020,47741,1,1780
12081,46592,47630,1,1780
12082,47471,46970,1,1780
12083,47294,47195,1,1780
12084,47275,47740,1,1780
12085,47904,46057,1,1780
12086,47140,45922,1,1780
12087,46041,47082,1,1780
12088,46778,46090,1,1780
12089,47109,46566,1,1780
12090,46619,46658,1,1780
12091,46812,46625,1,1780
12092,46274,47886,1,1780
12093,46898,47279,1,1780
12094,46291,47855,1,1780
12095,47430,47378,1,1780
12096,47229,46239,1,1780
12097,47436,47288,1,1780
12098,47111,47870,1,1780
12099,46268,46374,1,1780
12100,47589,47509,1,1780
12101,46687,47633,1,1780
12102,46947,47473,1,1780
12103,46119,47428,1,1780
12104,46180,47062,1,1780
12105,46925,46735,1,1780
12106,46995,46890,1,1780
12107,46916,46746,1,1780
12108,46287,45920,1,1780
12109,46608,46876,1,1780
12110,47486,47067,1,1780
12111,46076,46398,1,1780
12112,46931,46032,1,1780
12113,47160,46960,1,1780
12114,46630,46267,1,1780
12115,46126,46196,1,1780
12116,47772,47242,1,1780
12117,46301,47285,1,1780
12118,47593,47416,1,1780
12119,47205,46570,1,1780
12120,46364,46298,1,1780
12121,46723,46714,1,1780
12122,46749,46940,1,1780
12123,47628,47017,1,1780
12124,46730,46591,1,1780
12125,47695,47768,1,1780
12126,46633,47611,1,1780
12127,46359,47752,1,1780
12128,47806,47573,1,1780
12129,46017,46928,1,1780
12130,47128,47761,1,1780
12131,46848,47683,1,1780
12132,47686,46061,1,1780
12133,46852,46343,1,1780
12134,46831,46948,1,1780
12135,46676,46941,1,1780
12136,45989,47418,1,1780
12137,46611,45971,1,1780
12138,46664,46481,1,1780
12139,47132,46292,1,1780
12140,46171,47559,1,1780
12141,46432,46499,1,1780
12142,46308,47041,1,1780
12143,47228,47629,1,1780
12144,46987,46373,1,1780
12145,47099,47560,1,1780
12146,46467,47743,1,1780
12147,47063,46936,1,1780
12148,46479,47445,1,1780
12149,45949,46187,1,1780
12150,47350,46607,1,1780
12151,46025,47327,1,1780
12152,46083,47079,1,1780
12153,47858,47631,1,1780
12154,46949,46937,1,1780
12155,46108,47626,1,1780
12156,47499,47527,1,1780
12157,46450,47484,1,1780
12158,46199,47554,1,1780
12159,47646,46889,1,1780
12160,45948,47784,1,1780
12161,47637,47747,1,1780
12162,46877,46064,1,1780
12163,47066,47088,1,1780
12164,47856,46744,1,1780
12165,45943,47087,1,1780
12166,47577,46191,1,1780
12167,46358,46583,1,1780
12168,46366,47334,1,1780
12169,46500,46473,1,1780
12170,47802,47459,1,1780
12171,47091,47549,1,1780
12172,47663,47265,1,1780
12173,46578,47519,1,1780
12174,47001,46728,1,1780
12175,46401,46757,1,1780
12176,46350,47763,1,1780
12177,46838,46293,1,1780
12178,46277,47084,1,1780
12179,46087,47625,1,1780
12180,46149,46144,1,1780
12181,46342,47316,1,1780
12182,47742,47609,1,1780
12183,47353,47770,1,1780
12184,45964,46054,1,1780
12185,47009,46855,1,1780
12186,46616,47517,1,1780
12187,46019,46294,1,1780
12188,46709,47120,1,1780
12189,46858,47623,1,1780
12190,46615,46447,1,1780
12191,46254,47680,1,1780
12192,47405,46537,1,1780
12193,46486,46806,1,1780
12194,46643,46910,1,1780
12195,46319,46561,1,1780
12196,47219,46847,1,1780
12197,46845,46093,1,1780
12198,46213,47635,1,1780
12199,46717,47439,1,1780
12200,47474,46236,1,1780
12201,47163,47213,1,1780
12202,47022,47238,1,1780
12203,46174,45913,1,1780
12204,46790,47835,1,1780
12205,46212,46265,1,1780
12206,46628,46993,1,1780
12207,47793,47754,1,1780
12208,47871,46827,1,1780
12209,47912,46850,1,1780
12210,46384,46996,1,1780
12211,46092,46153,1,1780
12212,47451,46304,1,1780
12213,46957,46552,1,1780
12214,47220,46483,1,1780
12215,45968,46437,1,1780
12216,47255,47540,1,1780
12217,46859,46902,1,1780
12218,47093,47833,1,1780
12219,46206,46296,1,1780
12220,46489,45911,1,1780
12221,47566,47483,1,1780
12222,46800,47736,1,1780
12223,46885,46559,1,1780
12224,47692,47423,1,1780
12225,47410,47583,1,1780
12226,47322,46556,1,1780
12227,47759,45962,1,1780
12228,46357,46435,1,1780
12229,46474,46249,1,1780
12230,47659,47643,1,1780
12231,46010,47860,1,1780
12232,47321,47898,1,1780
12233,46283,46958,1,1780
12234,46488,47110,1,1780
12235,46337,46924,1,1780
12236,47580,46579,1,1780
12237,47365,47419,1,1780
12238,46736,47366,1,1780
12239,45909,46946,1,1780
12240,47809,46430,1,1780
12241,46134,47543,1,1780
12242,47748,46671,1,1780
12243,46200,47598,1,1780
12244,45973,47462,1,1780
12245,47624,46140,1,1780
12246,46533,46321,1,1780
12247,47433,47584,1,1780
12248,46453,47102,1,1780
12249,47406,45954,1,1780
12250,47147,46841,1,1780
12251,47508,46428,1,1780
12252,46484,46681,1,1780
12253,46786,47760,1,1780
12254,46930,46522,1,1780
12255,47089,46553,1,1780
12256,46621,46549,1,1780
12257,47746,46495,1,1780
12258,46434,45959,1,1780
12259,46699,46654,1,1780
12260,47358,47308,1,1780
12261,47572,47289,1,1780
12262,47241,46408,1,1780
12263,46070,46376,1,1780
12264,46518,46232,1,1780
12265,46181,46691,1,1780
12266,46645,46982,1,1780
12267,47900,47259,1,1780
12268,47578,46438,1,1780
12269,47541,45970,1,1780
12270,46807,46906,1,1780
12271,46461,46966,1,1780
12272,46652,46148,1,1780
12273,46753,47612,1,1780
12274,47495,47678,1,1780
12275,46229,46480,1,1780
12276,46244,46416,1,1780
12277,46617,47261,1,1780
12278,46440,46111,1,1780
12279,46369,46346,1,1780
12280,46595,46039,1,1780
12281,47603,47564,1,1780
12282,45905,46023,1,1780
12283,47766,46052,1,1780
12284,46998,47081,1,1780
12285,47714,47458,1,1780
12286,45995,46770,1,1780
12287,46688,46256,1,1780
12288,47143,47713,1,1780
12289,46131,46884,1,1780
12290,47092,47457,1,1780
12291,46086,47392,1,1780
12292,46336,47662,1,1780
12293,46662,47453,1,1780
12294,46923,46588,1,1780
12295,46631,47621,1,1780
12296,46777,45987,1,1780
12297,46433,46190,1,1780
12298,46183,46377,1,1780
12299,47235,47582,1,1780
12300,47516,46811,1,1780
12301,46585,47281,1,1780
12302,47468,47345,1,1780
12303,46348,47400,1,1780
12304,46233,47786,1,1780
12305,47669,47568,1,1780
12306,47427,46768,1,1780
12307,47347,46978,1,1780
12308,47112,46385,1,1780
12309,47379,47253,1,1780
12310,46748,45932,1,1780
12311,47681,46804,1,1780
12312,47730,47032,1,1780
12313,46084,47273,1,1780
12314,47033,47733,1,1780
12315,47399,46724,1,1780
12316,46899,47295,1,1780
12317,47821,46794,1,1780
12318,46637,47846,1,1780
12319,47848,46248,1,1780
12320,47190,47015,1,1780
12321,47605,46080,1,1780
12322,46704,45936,1,1780
12323,46915,47246,1,1780
12324,47376,47332,1,1780
12325,46038,47108,1,1780
12326,46573,46601,1,1780
12327,46581,47461,1,1780
12328,47811,47187,1,1780
12329,47454,47262,1,1780
12330,47546,47005,1,1780
12331,46854,47619,1,1780
12332,46324,47867,1,1780
12333,46816,46355,1,1780
12334,46208,46734,1,1780
12335,46225,47465,1,1780
12336,47181,47076,1,1780
12337,46128,46069,1,1780
12338,47276,46139,1,1780
12339,47248,47794,1,1780
12340,46051,46175,1,1780
12341,46241,46894,1,1780
12342,47311,47389,1,1780
12343,47728,47836,1,1780
12344,46705,47431,1,1780
12345,47592,46345,1,1780
12346,47825,47420,1,1780
12347,47237,47387,1,1780
12348,46797,46167,1,1780
12349,47469,46043,1,1780
12350,46771,47407,1,1780
12351,46669,47891,1,1780
12352,45931,47179,1,1780
12353,46164,46284,1,1780
12354,47274,46327,1,1780
12355,47054,47126,1,1780
12356,47735,46024,1,1780
12357,47098,47395,1,1780
12358,47375,47852,1,1780
12359,46300,47885,1,1780
12360,46014,47250,1,1780
12361,47298,47638,1,1780
12362,46713,46335,1,1780
12363,47002,46523,1,1780
12364,47312,46808,1,1780
12365,46503,47524,1,1780
12366,46405,45966,1,1780
12367,46914,47231,1,1780
12368,47078,47381,1,1780
12369,47805,46220,1,1780
12370,46822,46237,1,1780
12371,47357,46783,1,1780
12372,46809,46247,1,1780
12373,46425,46136,1,1780
12374,47658,47060,1,1780
12375,47845,46656,1,1780
12376,46410,46118,1,1780
12377,45934,47773,1,1780
12378,46091,47346,1,1780
12379,47325,46868,1,1780
12380,47641,47608,1,1780
12381,47500,46009,1,1780
12382,47515,47053,1,1780
12383,46511,46311,1,1780
12384,46120,46817,1,1780
12385,46677,47197,1,1780
12386,47774,45919,1,1780
12387,47149,46036,1,1780
12388,47217,45984,1,1780
12389,46228,45944,1,1780
12390,45994,46541,1,1780
12391,46049,46971,1,1780
12392,47785,47153,1,1780
12393,47639,46842,1,1780
12394,46600,47364,1,1780
12395,46117,47696,1,1780
12396,46745,47505,1,1780
12397,47613,46829,1,1780
12398,47837,47493,1,1780
12399,46485,47194,1,1780
12400,47887,47118,1,1780
12401,46642,46929,1,1780
12402,47175,46130,1,1780
12403,47359,46716,1,1780
12404,46182,47247,1,1780
12405,47256,46879,1,1780
12406,46003,46834,1,1780
12407,46445,46612,1,1780
12408,46952,46878,1,1780
12409,46893,46718,1,1780
12410,46844,46685,1,1780
12411,46589,46214,1,1780
12412,47326,46419,1,1780
12413,46314,47119,1,1780
12414,46389,45938,1,1780
12415,46880,47570,1,1780
12416,46647,46501,1,1780
12417,47070,46018,1,1780
12418,47055,47284,1,1780
12419,47764,47173,1,1780
12420,46785,47225,1,1780
12421,47537,45908,1,1780
12422,47188,47137,1,1780
12423,46286,46973,1,1780
12424,47146,46507,1,1780
12425,46516,45965,1,1780
12426,46554,47071,1,1780
12427,46344,46379,1,1780
12428,46498,47156,1,1780
12429,47012,47449,1,1780
12430,46040,46820,1,1780
12431,46033,47139,1,1780
12432,47783,47199,1,1780
12433,47487,47702,1,1780
12434,46639,45906,1,1780
12435,46094,47854,1,1780
12436,47868,47679,1,1780
12437,47814,46512,1,1780
12438,46494,46815,1,1780
12439,47243,46409,1,1780
12440,46178,46825,1,1780
12441,47042,46002,1,1780
12442,46414,47045,1,1780
12443,47435,46439,1,1780
12444,46968,47331,1,1780
12445,46468,47506,1,1780
12446,47551,46367,1,1780
12447,46795,46047,1,1780
12448,47575,47068,1,1780
12449,47595,47571,1,1780
12450,47455,47035,1,1780
12451,45929,46565,1,1780
12452,47661,47283,1,1780
12453,47123,47550,1,1780
12454,46919,45945,1,1780
12455,47911,46420,1,1780
12456,46934,47545,1,1780
12457,46733,46197,1,1780
12458,47553,47830,1,1780
12459,47512,47320,1,1780
12460,47807,46415,1,1780
12461,46448,46109,1,1780
12462,47336,47648,1,1780
12463,46994,46582,1,1780
12464,47685,47402,1,1780
12465,46395,46123,1,1780
12466,46764,47059,1,1780
12467,47230,47083,1,1780
12468,46747,46143,1,1780
12469,46125,46903,1,1780
12470,46095,46738,1,1780
12471,46686,46526,1,1780
12472,47574,46202,1,1780
12473,47341,46813,1,1780
12474,47330,46689,1,1780
12475,47719,47751,1,1780
12476,47829,46380,1,1780
12477,46593,47382,1,1780
12478,47360,46135,1,1780
12479,47803,47513,1,1780
12480,47525,47859,1,1780
12481,46266,46050,1,1780
12482,47552,47193,1,1780
12483,47057,47729,1,1780
12484,47385,46258,1,1780
12485,47058,47178,1,1780
12486,47355,47085,1,1780
12487,47725,46393,1,1780
12488,46068,46158,1,1780
12489,46974,46331,1,1780
12490,46942,46690,1,1780
12491,46406,46159,1,1780
12492,45924,47141,1,1780
12493,45985,46099,1,1780
12494,46961,46303,1,1780
12495,47475,46505,1,1780
12496,46901,46400,1,1780
12497,46368,46950,1,1780
12498,46792,46774,1,1780
12499,46988,47888,1,1780
12500,46338,47429,1,1780
12501,47620,47051,1,1780
12502,46580,45997,1,1780
12503,46407,46235,1,1780
12504,46760,47762,1,1780
12505,47306,47412,1,1780
12506,47534,46835,1,1780
12507,46840,46765,1,1780
12508,47801,47164,1,1780
12509,46339,47535,1,1780
12510,47530,47705,1,1780
12511,47003,47749,1,1780
12512,49083,49488,1,1805
12513,49773,49038,1,1805
12514,49674,49393,1,1805
12515,48431,49538,1,1805
12516,48526,48825,1,1805
12517,48836,48174,1,1805
12518,48090,48985,1,1805
12519,48045,49559,1,1805
12520,49782,49495,1,1805
12521,49690,49829,1,1805
12522,49316,48133,1,1805
12523,49369,49691,1,1805
12524,49707,48492,1,1805
12525,49028,49778,1,1805
12526,48099,48791,1,1805
12527,48271,49419,1,1805
12528,48122,48046,1,1805
12529,48051,48964,1,1805
12530,49808,48256,1,1805
12531,48004,48373,1,1805
12532,48897,49027,1,1805
12533,48061,49548,1,1805
12534,48278,48499,1,1805
12535,48006,49766,1,1805
12536,49646,49053,1,1805
12537,48535,48138,1,1805
12538,48212,48156,1,1805
12539,49331,49860,1,1805
12540,49192,48557,1,1805
12541,48394,48400,1,1805
12542,49086,48453,1,1805
12543,48665,49274,1,1805
12544,49062,48934,1,1805
12545,48228,47989,1,1805
12546,48981,49378,1,1805
12547,48015,48390,1,1805
12548,48371,49085,1,1805
12549,48540,48684,1,1805
12550,49179,49011,1,1805
12551,47964,47990,1,1805
12552,48870,48868,1,1805
12553,48146,48273,1,1805
12554,48537,48561,1,1805
12555,49443,47949,1,1805
12556,48247,48238,1,1805
12557,49596,48407,1,1805
12558,48563,48995,1,1805
12559,48382,48979,1,1805
12560,48405,48079,1,1805
12561,48012,49029,1,1805
12562,48576,48475,1,1805
12563,49339,49837,1,1805
12564,49173,49212,1,1805
12565,48041,48869,1,1805
12566,49425,47983,1,1805
12567,48165,49590,1,1805
12568,48401,49288,1,1805
12569,49825,48070,1,1805
12570,48432,49165,1,1805
12571,48197,49647,1,1805
12572,48770,48834,1,1805
12573,49073,48392,1,1805
12574,48987,48134,1,1805
12575,49102,48567,1,1805
12576,49109,49820,1,1805
12577,49250,48702,1,1805
12578,48850,49470,1,1805
12579,49091,49264,1,1805
12580,48746,49818,1,1805
12581,48222,48253,1,1805
12582,49066,49756,1,1805
12583,48023,48615,1,1805
12584,49163,49803,1,1805
12585,49058,48956,1,1805
12586,48616,48220,1,1805
12587,49765,48517,1,1805
12588,49132,49096,1,1805
12589,48904,49526,1,1805
12590,48990,49149,1,1805
12591,47940,48759,1,1805
12592,48233,49251,1,1805
12593,48284,49759,1,1805
12594,48067,48734,1,1805
12595,49246,48204,1,1805
12596,48885,49139,1,1805
12597,49761,49728,1,1805
12598,49546,49395,1,1805
12599,49867,49634,1,1805
12600,49489,49823,1,1805
12601,48639,47986,1,1805
12602,48116,47936,1,1805
12603,48797,49398,1,1805
12604,49619,49437,1,1805
12605,48992,49070,1,1805
12606,48971,48141,1,1805
12607,48598,49805,1,1805
12608,48642,48008,1,1805
12609,49123,48748,1,1805
12610,48912,48675,1,1805
12611,49636,49684,1,1805
12612,49315,49710,1,1805
12613,48143,49175,1,1805
12614,48176,48121,1,1805
12615,48136,48370,1,1805
12616,48647,48416,1,1805
12617,49272,49334,1,1805
12618,48986,48839,1,1805
12619,49464,48117,1,1805
12620,48862,48223,1,1805
12621,48321,49853,1,1805
12622,48744,49394,1,1805
12623,48902,48397,1,1805
12624,48226,48081,1,1805
12625,48140,49313,1,1805
12626,49577,48932,1,1805
12627,49574,48730,1,1805
12628,48725,48568,1,1805
12629,49501,48597,1,1805
12630,49180,48178,1,1805
12631,49001,49670,1,1805
12632,49111,48840,1,1805
12633,48564,49270,1,1805
12634,49325,48313,1,1805
12635,48541,49404,1,1805
12636,48201,48427,1,1805
12637,48230,49840,1,1805
12638,48581,49257,1,1805
12639,49196,49385,1,1805
12640,49405,47976,1,1805
12641,49688,48703,1,1805
12642,49822,48477,1,1805
12643,48785,48210,1,1805
12644,48159,49410,1,1805
12645,48263,48991,1,1805
12646,49598,49503,1,1805
12647,48058,48364,1,1805
12648,48016,49473,1,1805
12649,48771,49349,1,1805
12650,49515,49129,1,1805
12651,48889,48103,1,1805
12652,49793,48084,1,1805
12653,49411,49248,1,1805
12654,48871,49794,1,1805
12655,48119,49616,1,1805
12656,49786,49253,1,1805
12657,48028,49475,1,1805
12658,47922,48648,1,1805
12659,48083,49807,1,1805
12660,48428,48473,1,1805
12661,48781,49861,1,1805
12662,48949,49399,1,1805
12663,49171,48507,1,1805
12664,48547,49600,1,1805
12665,48155,48296,1,1805
12666,49835,49172,1,1805
12667,48441,48232,1,1805
12668,48357,48761,1,1805
12669,49618,48115,1,1805
12670,49007,49602,1,1805
12671,48774,49282,1,1805
12672,49309,48434,1,1805
12673,48264,49492,1,1805
12674,49154,48002,1,1805
12675,48118,48069,1,1805
12676,47956,49009,1,1805
12677,49654,49479,1,1805
12678,49733,48654,1,1805
12679,48749,48937,1,1805
12680,47997,49360,1,1805
12681,49043,48620,1,1805
12682,48429,48151,1,1805
12683,48472,49372,1,1805
12684,48727,48552,1,1805
12685,48983,49635,1,1805
12686,48528,48167,1,1805
12687,48570,48558,1,1805
12688,49137,49642,1,1805
12689,47985,48587,1,1805
12690,49057,48369,1,1805
12691,48229,48958,1,1805
12692,49518,48135,1,1805
12693,48984,48403,1,1805
12694,48740,48545,1,1805
12695,49680,47938,1,1805
12696,48071,48327,1,1805
12697,49833,48047,1,1805
12698,49734,48805,1,1805
12699,49731,47994,1,1805
12700,49623,49774,1,1805
12701,49383,48323,1,1805
12702,49115,47931,1,1805
12703,48044,49494,1,1805
12704,49830,48927,1,1805
12705,48039,49187,1,1805
12706,48389,48738,1,1805
12707,48975,49775,1,1805
12708,48723,49081,1,1805
12709,48604,49243,1,1805
12710,49223,48014,1,1805
12711,48960,48580,1,1805
12712,49052,49167,1,1805
12713,49318,49174,1,1805
12714,49760,48764,1,1805
12715,48101,48582,1,1805
12716,48668,48586,1,1805
12717,49826,49278,1,1805
12718,48339,48124,1,1805
12719,48413,49665,1,1805
12720,49291,48240,1,1805
12721,49605,48282,1,1805
12722,49511,49846,1,1805
12723,47925,48387,1,1805
12724,49813,48309,1,1805
12725,48501,47945,1,1805
12726,49560,48349,1,1805
12727,48355,49652,1,1805
12728,48026,49757,1,1805
12729,49141,48772,1,1805
12730,48542,48562,1,1805
12731,48196,49741,1,1805
12732,48267,48851,1,1805
12733,48967,49831,1,1805
12734,48259,49217,1,1805
12735,49612,49040,1,1805
12736,49582,48602,1,1805
12737,48635,49744,1,1805
12738,48065,49258,1,1805
12739,48692,49784,1,1805
12740,49641,48916,1,1805
12741,48437,49516,1,1805
12742,48890,49656,1,1805
12743,49651,48463,1,1805
12744,48310,47941,1,1805
12745,49812,48476,1,1805
12746,48933,48601,1,1805
12747,48290,49564,1,1805
12748,48691,48751,1,1805
12749,49725,48550,1,1805
12750,47982,49539,1,1805
12751,48599,49423,1,1805
12752,48758,48337,1,1805
12753,48978,48646,1,1805
12754,49206,49176,1,1805
12755,49148,48391,1,1805
12756,49022,48860,1,1805
12757,48823,49435,1,1805
12758,48486,48641,1,1805
12759,48496,49183,1,1805
12760,49128,49020,1,1805
12761,48052,49615,1,1805
12762,49737,48972,1,1805
12763,48859,49804,1,1805
12764,48406,48130,1,1805
12765,48386,48592,1,1805
12766,49798,49116,1,1805
12767,49314,48905,1,1805
12768,48841,48521,1,1805
12769,49695,49533,1,1805
12770,49061,48846,1,1805
12771,49368,49851,1,1805
12772,48385,47960,1,1805
12773,49828,49740,1,1805
12774,48285,49573,1,1805
12775,49791,48808,1,1805
12776,48062,49500,1,1805
12777,48179,48030,1,1805
12778,49531,48305,1,1805
12779,48529,48032,1,1805
12780,49474,49530,1,1805
12781,48782,48830,1,1805
12782,48161,49747,1,1805
12783,48588,48455,1,1805
12784,49649,49216,1,1805
12785,49032,48035,1,1805
12786,48377,48531,1,1805
12787,49777,48185,1,1805
12788,49712,49558,1,1805
12789,48418,48693,1,1805
12790,49012,49042,1,1805
12791,48605,48930,1,1805
12792,49200,49268,1,1805
12793,49550,49848,1,1805
12794,49220,49285,1,1805
12795,48922,49359,1,1805
12796,49189,48827,1,1805
12797,49448,48966,1,1805
12798,48959,48114,1,1805
12799,48494,48631,1,1805
12800,49434,48935,1,1805
12801,49521,48571,1,1805
12802,47952,48804,1,1805
12803,48489,48762,1,1805
12804,48330,48813,1,1805
12805,49306,48300,1,1805
12806,49016,49431,1,1805
12807,49025,48998,1,1805
12808,48872,49147,1,1805
12809,47954,49095,1,1805
12810,49637,49863,1,1805
12811,49520,49662,1,1805
12812,49101,48078,1,1805
12813,48566,49186,1,1805
12814,49461,47978,1,1805
12815,48311,49041,1,1805
12816,48077,48325,1,1805
12817,49545,48883,1,1805
12818,49389,48945,1,1805
12819,49340,48459,1,1805
12820,49721,49857,1,1805
12821,48402,48976,1,1805
12822,49342,49305,1,1805
12823,49593,49730,1,1805
12824,48600,49363,1,1805
12825,49292,49432,1,1805
12826,49563,48417,1,1805
12827,48404,49625,1,1805
12828,48056,48097,1,1805
12829,48674,48245,1,1805
12830,49065,48923,1,1805
12831,49441,48697,1,1805
12832,49528,49209,1,1805
12833,48363,48283,1,1805
12834,48650,48274,1,1805
12835,49046,48989,1,1805
12836,47981,48086,1,1805
12837,49013,48024,1,1805
12838,48530,49112,1,1805
12839,48790,48911,1,1805
12840,49478,48360,1,1805
12841,48231,48533,1,1805
12842,49681,48005,1,1805
12843,48743,48216,1,1805
12844,48939,48113,1,1805
12845,48775,49700,1,1805
12846,49014,49201,1,1805
12847,49792,49592,1,1805
12848,49138,48806,1,1805
12849,49418,48574,1,1805
12850,48907,48467,1,1805
12851,49847,48609,1,1805
12852,47953,48365,1,1805
12853,48784,48909,1,1805
12854,48819,48942,1,1805
12855,48011,48457,1,1805
12856,49705,48681,1,1805
12857,48525,49534,1,1805
12858,48880,48498,1,1805
12859,48929,49843,1,1805
12860,49089,48583,1,1805
12861,48549,48464,1,1805
12862,49019,49549,1,1805
12863,48152,48607,1,1805
12864,48379,48193,1,1805
12865,48895,48661,1,1805
12866,49769,48502,1,1805
12867,49296,49307,1,1805
12868,48315,48057,1,1805
12869,48603,48258,1,1805
12870,48298,48595,1,1805
12871,49660,48060,1,1805
12872,49575,48720,1,1805
12873,49048,48169,1,1805
12874,49486,48042,1,1805
12875,47920,48158,1,1805
12876,49536,49131,1,1805
12877,48466,49150,1,1805
12878,48277,47951,1,1805
12879,48288,48843,1,1805
12880,48807,48719,1,1805
12881,48007,48731,1,1805
12882,49852,49076,1,1805
12883,49736,48811,1,1805
12884,48861,49601,1,1805
12885,49213,49858,1,1805
12886,49407,48105,1,1805
12887,49106,49229,1,1805
12888,48154,48656,1,1805
12889,49245,47918,1,1805
12890,49506,48380,1,1805
12891,49298,48715,1,1805
12892,49300,49194,1,1805
12893,48272,49541,1,1805
12894,48334,49017,1,1805
12895,48879,48876,1,1805
12896,48098,48752,1,1805
12897,47969,48623,1,1805
12898,49465,48915,1,1805
12899,48629,48714,1,1805
12900,49493,48458,1,1805
12901,48622,48399,1,1805
12902,48181,48483,1,1805
12903,48218,48096,1,1805
12904,48106,48801,1,1805
12905,48469,47944,1,1805
12906,48436,49006,1,1805
12907,48010,49745,1,1805
12908,49585,49599,1,1805
12909,49732,49468,1,1805
12910,49222,48211,1,1805
12911,48553,47937,1,1805
12912,48346,48194,1,1805
12913,48831,48411,1,1805
12914,49239,49321,1,1805
12915,48716,49713,1,1805
12916,48544,48511,1,1805
12917,49683,49242,1,1805
12918,48426,49075,1,1805
12919,49107,49816,1,1805
12920,48585,49497,1,1805
12921,48454,49571,1,1805
12922,48745,48683,1,1805
12923,49509,48993,1,1805
12924,49476,48462,1,1805
12925,47980,49166,1,1805
12926,49375,49758,1,1805
12927,49659,49507,1,1805
12928,49010,48800,1,1805
12929,49716,48421,1,1805
12930,48022,47932,1,1805
12931,48721,49427,1,1805
12932,49193,48906,1,1805
12933,49845,48433,1,1805
12934,49003,49481,1,1805
12935,48510,48767,1,1805
12936,48954,49644,1,1805
12937,48667,49127,1,1805
12938,49472,48832,1,1805
12939,48664,47968,1,1805
12940,48732,48742,1,1805
12941,48328,49197,1,1805
12942,48999,49687,1,1805
12943,48299,48095,1,1805
12944,49260,49252,1,1805
12945,47995,48826,1,1805
12946,48050,49379,1,1805
12947,48221,47930,1,1805
12948,47977,48982,1,1805
12949,49124,49366,1,1805
12950,49205,49453,1,1805
12951,49224,48318,1,1805
12952,49033,47961,1,1805
12953,49113,49008,1,1805
12954,48425,48695,1,1805
12955,49611,49714,1,1805
12956,48704,49496,1,1805
12957,48126,49421,1,1805
12958,48624,49364,1,1805
12959,48651,49117,1,1805
12960,48270,49704,1,1805
12961,48043,48686,1,1805
12962,48072,48213,1,1805
12963,49455,49510,1,1805
12964,49632,48817,1,1805
12965,48523,48613,1,1805
12966,49452,49277,1,1805
12967,48248,48625,1,1805
12968,48687,48506,1,1805
12969,49297,48326,1,1805
12970,48208,49701,1,1805
12971,48200,49767,1,1805
12972,49153,49673,1,1805
12973,49657,48919,1,1805
12974,47999,48820,1,1805
12975,49317,49135,1,1805
12976,48649,48001,1,1805
12977,49392,49795,1,1805
12978,49865,49483,1,1805
12979,49689,48559,1,1805
12980,49158,48584,1,1805
12981,47950,49326,1,1805
12982,49241,49088,1,1805
12983,49235,48292,1,1805
12984,49467,49302,1,1805
12985,48495,48162,1,1805
12986,49346,48866,1,1805
12987,49110,47975,1,1805
12988,48137,48479,1,1805
12989,48205,48378,1,1805
12990,48468,49237,1,1805
12991,49002,49556,1,1805
12992,49524,49502,1,1805
12993,49356,47934,1,1805
12994,48766,49676,1,1805
12995,49004,48865,1,1805
12996,48655,48244,1,1805
12997,48040,49677,1,1805
12998,48682,48449,1,1805
12999,49348,48128,1,1805
13000,47942,49849,1,1805
13001,49626,49371,1,1805
13002,48828,48108,1,1805
13003,49698,48275,1,1805
13004,49254,49771,1,1805
13005,48302,48306,1,1805
13006,48943,48053,1,1805
13007,49327,49273,1,1805
13008,47946,49412,1,1805
13009,49104,49350,1,1805
13010,49352,49387,1,1805
13011,48593,48409,1,1805
13012,51640,50811,1,1830
13013,49961,51268,1,1830
13014,49971,51752,1,1830
13015,50582,51706,1,1830
13016,50416,51624,1,1830
13017,50216,50903,1,1830
13018,50321,51368,1,1830
13019,50568,50988,1,1830
13020,51699,50603,1,1830
13021,50573,50841,1,1830
13022,51397,51883,1,1830
13023,50629,50962,1,1830
13024,50010,50527,1,1830
13025,50682,50506,1,1830
13026,50379,51153,1,1830
13027,50927,51328,1,1830
13028,50348,50403,1,1830
13029,51357,50417,1,1830
13030,49914,50913,1,1830
13031,51405,50134,1,1830
13032,51526,51099,1,1830
13033,51520,50327,1,1830
13034,50834,50934,1,1830
13035,51325,50943,1,1830
13036,50230,50549,1,1830
13037,51296,51101,1,1830
13038,51208,50247,1,1830
13039,51585,50090,1,1830
13040,51824,50867,1,1830
13041,50376,49950,1,1830
13042,50705,51758,1,1830
13043,51256,50488,1,1830
13044,49996,51610,1,1830
13045,50550,50451,1,1830
13046,50110,49939,1,1830
13047,50850,50876,1,1830
13048,51167,51367,1,1830
13049,51113,51091,1,1830
13050,51312,50625,1,1830
13051,50969,51746,1,1830
13052,50863,51089,1,1830
13053,51137,51725,1,1830
13054,51493,50444,1,1830
13055,51233,50824,1,1830
13056,51732,51543,1,1830
13057,51143,51117,1,1830
13058,51127,50593,1,1830
13059,51064,49969,1,1830
13060,50036,50165,1,1830
13061,49913,50355,1,1830
13062,49891,51123,1,1830
13063,50022,51175,1,1830
13064,50980,50821,1,1830
13065,49890,50069,1,1830
13066,51623,51751,1,1830
13067,51114,51690,1,1830
13068,50002,50204,1,1830
13069,51120,50544,1,1830
13070,51541,50978,1,1830
13071,51398,51392,1,1830
13072,50663,50941,1,1830
13073,50277,51600,1,1830
13074,51377,50199,1,1830
13075,49899,51784,1,1830
13076,50692,51433,1,1830
13077,50587,50406,1,1830
13078,50011,51555,1,1830
13079,50242,50579,1,1830
13080,49925,51340,1,1830
13081,51401,50462,1,1830
13082,51767,50306,1,1830
13083,50775,49956,1,1830
13084,50012,50268,1,1830
13085,51501,51444,1,1830
13086,50141,51435,1,1830
13087,49981,50973,1,1830
13088,51213,51773,1,1830
13089,50689,50341,1,1830
13090,51629,51131,1,1830
13091,50386,50695,1,1830
13092,50576,50470,1,1830
13093,51004,51439,1,1830
13094,50615,49963,1,1830
13095,51422,50808,1,1830
13096,50211,51837,1,1830
13097,51045,50566,1,1830
13098,51375,51090,1,1830
13099,51458,51736,1,1830
13100,49883,50906,1,1830
13101,50336,49986,1,1830
13102,50610,50601,1,1830
13103,51305,51822,1,1830
13104,50421,51565,1,1830
13105,50429,51156,1,1830
13106,50214,50995,1,1830
13107,50225,50052,1,1830
13108,51414,50796,1,1830
13109,50669,51277,1,1830
13110,51020,51663,1,1830
13111,50919,51346,1,1830
13112,51739,50481,1,1830
13113,51646,50256,1,1830
13114,50931,50423,1,1830
13115,51393,50732,1,1830
13116,50741,50042,1,1830
13117,51456,50590,1,1830
13118,50125,50166,1,1830
13119,50450,50424,1,1830
13120,51070,50904,1,1830
13121,50291,50878,1,1830
13122,50123,50008,1,1830
13123,50316,50599,1,1830
13124,50974,50609,1,1830
13125,49980,50329,1,1830
13126,51380,49991,1,1830
13127,51536,51063,1,1830
13128,50883,49878,1,1830
13129,50905,50739,1,1830
13130,50453,51548,1,1830
13131,51238,51471,1,1830
13132,51302,50198,1,1830
13133,50190,50936,1,1830
13134,50487,51857,1,1830
13135,51204,50911,1,1830
13136,51417,50825,1,1830
13137,51384,51207,1,1830
13138,51370,50096,1,1830
13139,49935,50716,1,1830
13140,49949,51286,1,1830
13141,50994,51427,1,1830
13142,50747,49979,1,1830
13143,50239,51593,1,1830
13144,51604,51694,1,1830
13145,49896,51630,1,1830
13146,50873,51229,1,1830
13147,50200,51316,1,1830
13148,49999,51209,1,1830
13149,50929,51292,1,1830
13150,51709,50521,1,1830
13151,50107,50711,1,1830
13152,49946,50880,1,1830
13153,51697,50926,1,1830
13154,50322,51567,1,1830
13155,51036,50617,1,1830
13156,51054,49884,1,1830
13157,51708,51835,1,1830
13158,50701,51092,1,1830
13159,51750,50337,1,1830
13160,51613,50310,1,1830
13161,50468,49918,1,1830
13162,51525,50955,1,1830
13163,51453,50397,1,1830
13164,50431,49942,1,1830
13165,51590,51165,1,1830
13166,50365,51768,1,1830
13167,51491,51303,1,1830
13168,51235,51329,1,1830
13169,51223,51821,1,1830
13170,51449,51337,1,1830
13171,50698,50136,1,1830
13172,51506,50572,1,1830
13173,50330,51135,1,1830
13174,50434,50766,1,1830
13175,50427,50413,1,1830
13176,49972,50402,1,1830
13177,51141,50678,1,1830
13178,51740,50442,1,1830
13179,50543,50862,1,1830
13180,50099,51670,1,1830
13181,51219,51343,1,1830
13182,51531,50173,1,1830
13183,51806,51270,1,1830
13184,50836,50972,1,1830
13185,50767,50082,1,1830
13186,50295,50851,1,1830
13187,50986,51330,1,1830
13188,50318,50894,1,1830
13189,50478,50172,1,1830
13190,50757,51607,1,1830
13191,51791,51858,1,1830
13192,51603,50940,1,1830
13193,51803,51465,1,1830
13194,51749,49908,1,1830
13195,50205,50344,1,1830
13196,51654,51615,1,1830
13197,51047,50148,1,1830
13198,50493,51553,1,1830
13199,51863,50845,1,1830
13200,50744,51199,1,1830
13201,50258,51587,1,1830
13202,51856,51853,1,1830
13203,49936,49888,1,1830
13204,51461,50131,1,1830
13205,51830,51149,1,1830
13206,51391,50512,1,1830
13207,50126,50630,1,1830
13208,50792,50555,1,1830
13209,51693,50083,1,1830
13210,50102,50712,1,1830
13211,50565,50900,1,1830
13212,51084,51226,1,1830
13213,50533,50414,1,1830
13214,50856,51293,1,1830
13215,50074,50517,1,1830
13216,50467,50853,1,1830
13217,51800,50271,1,1830
13218,50457,51861,1,1830
13219,50232,51874,1,1830
13220,51540,51429,1,1830
13221,50542,51430,1,1830
13222,50908,50662,1,1830
13223,50849,50528,1,1830
13224,51596,51722,1,1830
13225,50557,50827,1,1830
13226,50560,50035,1,1830
13227,51203,51549,1,1830
13228,50947,51249,1,1830
13229,50564,50638,1,1830
13230,51571,50455,1,1830
13231,51053,50244,1,1830
13232,50066,50680,1,1830
13233,51879,51023,1,1830
13234,50507,50500,1,1830
13235,50912,50813,1,1830
13236,51279,51372,1,1830
13237,51807,50396,1,1830
13238,50877,51650,1,1830
13239,51189,50691,1,1830
13240,50303,50634,1,1830
13241,51826,51817,1,1830
13242,51516,50212,1,1830
13243,51464,50901,1,1830
13244,51056,51443,1,1830
13245,51336,51108,1,1830
13246,50816,50410,1,1830
13247,50040,50753,1,1830
13248,50897,50297,1,1830
13249,50249,51643,1,1830
13250,51220,51310,1,1830
13251,50607,50387,1,1830
13252,50804,51641,1,1830
13253,50087,50257,1,1830
13254,50847,51618,1,1830
13255,51386,49911,1,1830
13256,50215,50710,1,1830
13257,51572,49927,1,1830
13258,51077,51576,1,1830
13259,50982,50340,1,1830
13260,51474,51687,1,1830
13261,51008,50764,1,1830
13262,50671,51181,1,1830
13263,50722,51798,1,1830
13264,51742,51434,1,1830
13265,50855,50616,1,1830
13266,50368,50060,1,1830
13267,50674,51404,1,1830
13268,50864,51832,1,1830
13269,50597,50270,1,1830
13270,50065,51350,1,1830
13271,50174,51552,1,1830
13272,50588,50815,1,1830
13273,49897,49952,1,1830
13274,51390,49932,1,1830
13275,50006,51078,1,1830
13276,50407,50274,1,1830
13277,51345,51218,1,1830
13278,50537,51560,1,1830
13279,50028,51606,1,1830
13280,51851,50882,1,1830
13281,51762,50485,1,1830
13282,51524,51170,1,1830
13283,51095,50217,1,1830
13284,50505,50648,1,1830
13285,50697,50949,1,1830
13286,50055,51257,1,1830
13287,51657,50081,1,1830
13288,51074,51373,1,1830
13289,50807,50844,1,1830
13290,50059,50545,1,1830
13291,51431,50822,1,1830
13292,50612,51055,1,1830
13293,51870,50646,1,1830
13294,51661,51289,1,1830
13295,51097,50221,1,1830
13296,50419,50116,1,1830
13297,50120,50361,1,1830
13298,50474,50482,1,1830
13299,50624,50398,1,1830
13300,50164,51039,1,1830
13301,51349,50009,1,1830
13302,50932,50320,1,1830
13303,50471,50786,1,1830
13304,51836,50891,1,1830
13305,50238,50964,1,1830
13306,51692,50967,1,1830
13307,51317,51455,1,1830
13308,50324,51679,1,1830
13309,50084,50480,1,1830
13310,51616,50254,1,1830
13311,50798,50768,1,1830
13312,51523,51528,1,1830
13313,49931,50045,1,1830
13314,51735,50657,1,1830
13315,50030,50522,1,1830
13316,49967,50273,1,1830
13317,51146,51473,1,1830
13318,50643,50586,1,1830
13319,51813,51843,1,1830
13320,49876,49894,1,1830
13321,51845,51425,1,1830
13322,50635,50287,1,1830
13323,50078,50574,1,1830
13324,50443,51331,1,1830
13325,50290,51792,1,1830
13326,51595,50963,1,1830
13327,50264,49945,1,1830
13328,50389,50286,1,1830
13329,49875,51027,1,1830
13330,50581,50137,1,1830
13331,51696,51513,1,1830
13332,51454,50151,1,1830
13333,51599,50117,1,1830
13334,51820,51152,1,1830
13335,50014,50898,1,1830
13336,51122,50003,1,1830
13337,51118,51230,1,1830
13338,50953,50139,1,1830
13339,50826,50288,1,1830
13340,51545,51381,1,1830
13341,49988,50833,1,1830
13342,50245,51128,1,1830
13343,50112,51344,1,1830
13344,50064,50354,1,1830
13345,51850,51239,1,1830
13346,50328,50439,1,1830
13347,50296,49877,1,1830
13348,49998,49905,1,1830
13349,50143,49920,1,1830
13350,51155,51276,1,1830
13351,51656,49962,1,1830
13352,49879,50043,1,1830
13353,51178,50861,1,1830
13354,51437,51494,1,1830
13355,51467,50106,1,1830
13356,50659,51815,1,1830
13357,51319,50020,1,1830
13358,50338,50385,1,1830
13359,51262,51224,1,1830
13360,50428,50394,1,1830
13361,49955,51190,1,1830
13362,49978,51107,1,1830
13363,51448,50311,1,1830
13364,50598,50486,1,1830
13365,50914,50353,1,1830
13366,51745,51001,1,1830
13367,51033,51504,1,1830
13368,50364,50677,1,1830
13369,50109,51059,1,1830
13370,51188,50162,1,1830
13371,51031,50024,1,1830
13372,51744,51568,1,1830
13373,50839,50234,1,1830
13374,50105,50356,1,1830
13375,50374,51668,1,1830
13376,51217,50860,1,1830
13377,50381,51227,1,1830
13378,50111,51831,1,1830
13379,50250,51415,1,1830
13380,50639,51426,1,1830
13381,50899,50312,1,1830
13382,50492,51298,1,1830
13383,51260,51253,1,1830
13384,51880,51787,1,1830
13385,50061,49970,1,1830
13386,50672,50724,1,1830
13387,51130,51358,1,1830
13388,50498,51341,1,1830
13389,51360,51859,1,1830
13390,50944,51185,1,1830
13391,50276,50623,1,1830
13392,51579,51436,1,1830
13393,51371,50118,1,1830
13394,51684,51721,1,1830
13395,51554,51110,1,1830
13396,50781,50405,1,1830
13397,51200,50259,1,1830
13398,50800,49997,1,1830
13399,50524,50080,1,1830
13400,50409,51241,1,1830
13401,50073,51111,1,1830
13402,50226,50169,1,1830
13403,50743,51164,1,1830
13404,51819,50749,1,1830
13405,51069,51032,1,1830
13406,51559,50375,1,1830
13407,50520,51080,1,1830
13408,51062,50184,1,1830
13409,49922,51418,1,1830
13410,51776,50819,1,1830
13411,50128,50760,1,1830
13412,51498,50693,1,1830
13413,50589,51024,1,1830
13414,49910,51003,1,1830
13415,51043,50104,1,1830
13416,50220,51760,1,1830
13417,51364,51691,1,1830
13418,51778,50875,1,1830
13419,50503,50153,1,1830
13420,51438,51273,1,1830
13421,51586,50664,1,1830
13422,50016,51848,1,1830
13423,50737,51338,1,1830
13424,50921,50458,1,1830
13425,51379,50818,1,1830
13426,51460,51753,1,1830
13427,51320,51301,1,1830
13428,50115,51244,1,1830
13429,50745,50837,1,1830
13430,51674,51685,1,1830
13431,51522,51484,1,1830
13432,51731,51838,1,1830
13433,50408,50191,1,1830
13434,50511,51065,1,1830
13435,50799,51369,1,1830
13436,49989,51139,1,1830
13437,50362,50261,1,1830
13438,50619,50683,1,1830
13439,50302,50187,1,1830
13440,50608,51228,1,1830
13441,51028,50754,1,1830
13442,50784,51445,1,1830
13443,51881,51011,1,1830
13444,50223,51631,1,1830
13445,50155,50979,1,1830
13446,51535,50284,1,1830
13447,51264,50987,1,1830
13448,50046,49921,1,1830
13449,50774,50019,1,1830
13450,51601,51389,1,1830
13451,51673,50317,1,1830
13452,50645,50018,1,1830
13453,50197,51557,1,1830
13454,50140,51206,1,1830
13455,50992,51681,1,1830
13456,50652,50497,1,1830
13457,50655,51702,1,1830
13458,50426,51281,1,1830
13459,50007,51459,1,1830
13460,51410,50924,1,1830
13461,51865,50831,1,1830
13462,50999,51882,1,1830
13463,50363,51103,1,1830
13464,50532,50817,1,1830
13465,50072,50475,1,1830
13466,50460,51240,1,1830
13467,50570,51611,1,1830
13468,50561,50956,1,1830
13469,51096,50820,1,1830
13470,51051,51100,1,1830
13471,50776,50391,1,1830
13472,50890,50195,1,1830
13473,49916,51173,1,1830
13474,51079,49928,1,1830
13475,51315,50714,1,1830
13476,51628,50411,1,1830
13477,50185,51247,1,1830
13478,51112,51085,1,1830
13479,49987,51251,1,1830
13480,51503,50446,1,1830
13481,51450,50332,1,1830
13482,50993,51860,1,1830
13483,51608,50017,1,1830
13484,50436,49872,1,1830
13485,50373,50156,1,1830
13486,50049,51487,1,1830
13487,50298,50765,1,1830
13488,51574,51265,1,1830
13489,51876,51761,1,1830
13490,51266,50606,1,1830
13491,51839,51411,1,1830
13492,51805,50058,1,1830
13493,51619,51754,1,1830
13494,50667,50272,1,1830
13495,50399,50494,1,1830
13496,51440,50504,1,1830
13497,50193,50828,1,1830
13498,51828,50447,1,1830
13499,50183,50167,1,1830
13500,50501,50392,1,1830
13501,51419,50388,1,1830
13502,50499,50922,1,1830
13503,50054,51383,1,1830
13504,50095,51649,1,1830
13505,51044,50119,1,1830
13506,51049,51134,1,1830
13507,50717,50325,1,1830
13508,51885,50534,1,1830
13509,50580,50346,1,1830
13510,51242,50703,1,1830
13511,51561,51779,1,1830
13512,53877,53878,2,1025
13513,53877,53878,2,1005
13514,53879,53880,2,1005
13515,53881,53886,2,1030
13516,53885,53882,2,1030
13517,53883,53889,2,1030
13518,53888,53891,2,1030
13519,53894,53898,2,1055
13520,53896,53895,2,1055
13521,53893,53904,2,1055
13522,53903,53899,2,1055
13523,53892,53905,2,1055
13524,53900,53907,2,1055
13525,53901,53908,2,1055
13526,53897,53909,2,1055
13527,53911,53942,2,1080
13528,53917,53916,2,1080
13529,53937,53938,2,1080
13530,53924,53912,2,1080
13531,53935,53913,2,1080
13532,53925,53919,2,1080
13533,53933,53943,2,1080
13534,53926,53936,2,1080
13535,53939,53941,2,1080
13536,53931,53920,2,1080
13537,53915,53940,2,1080
13538,53930,53932,2,1080
13539,53927,53929,2,1080
13540,53944,53934,2,1080
13541,53945,53928,2,1080
13542,53946,53918,2,1080
13543,53978,53989,2,1105
13544,53998,53972,2,1105
13545,53975,54003,2,1105
13546,53986,53994,2,1105
13547,53960,53995,2,1105
13548,53948,53987,2,1105
13549,53982,53965,2,1105
13550,53971,53964,2,1105
13551,53976,53951,2,1105
13552,53981,53952,2,1105
13553,54006,53973,2,1105
13554,53953,53958,2,1105
13555,53974,53988,2,1105
13556,53959,53950,2,1105
13557,53970,53992,2,1105
13558,53967,53996,2,1105
13559,53956,53961,2,1105
13560,53957,54007,2,1105
13561,53984,54005,2,1105
13562,53949,53985,2,1105
13563,54004,53999,2,1105
13564,53962,54002,2,1105
13565,53955,54001,2,1105
13566,53997,53969,2,1105
13567,53990,53954,2,1105
13568,53968,53947,2,1105
13569,53963,54000,2,1105
13570,54008,53979,2,1105
13571,54009,53977,2,1105
13572,54010,53991,2,1105
13573,54011,53983,2,1105
13574,54012,53966,2,1105
13575,54110,54128,2,1130
13576,54126,54092,2,1130
13577,54048,54056,2,1130
13578,54079,54067,2,1130
13579,54016,54116,2,1130
13580,54037,54072,2,1130
13581,54098,54014,2,1130
13582,54073,54052,2,1130
13583,54082,54044,2,1130
13584,54106,54091,2,1130
13585,54136,54035,2,1130
13586,54053,54081,2,1130
13587,54043,54060,2,1130
13588,54046,54103,2,1130
13589,54028,54020,2,1130
13590,54030,54104,2,1130
13591,54093,54066,2,1130
13592,54083,54022,2,1130
13593,54122,54130,2,1130
13594,54123,54042,2,1130
13595,54061,54086,2,1130
13596,54138,54077,2,1130
13597,54018,54021,2,1130
13598,54033,54071,2,1130
13599,54062,54134,2,1130
13600,54097,54057,2,1130
13601,54017,54064,2,1130
13602,54120,54019,2,1130
13603,54023,54074,2,1130
13604,54036,54135,2,1130
13605,54112,54124,2,1130
13606,54078,54039,2,1130
13607,54113,54132,2,1130
13608,54094,54080,2,1130
13609,54125,54089,2,1130
13610,54058,54133,2,1130
13611,54114,54068,2,1130
13612,54118,54024,2,1130
13613,54096,54105,2,1130
13614,54115,54085,2,1130
13615,54107,54137,2,1130
13616,54087,54031,2,1130
13617,54108,54129,2,1130
13618,54088,54059,2,1130
13619,54065,54084,2,1130
13620,54051,54109,2,1130
13621,54034,54050,2,1130
13622,54029,54041,2,1130
13623,54075,54100,2,1130
13624,54047,54054,2,1130
13625,54038,54040,2,1130
13626,54026,54139,2,1130
13627,54045,54099,2,1130
13628,54055,54076,2,1130
13629,54140,54127,2,1130
13630,54131,54117,2,1130
13631,54049,54025,2,1130
13632,54069,54015,2,1130
13633,54111,54063,2,1130
13634,54102,54141,2,1130
13635,54121,54142,2,1130
13636,54032,54143,2,1130
13637,54119,54144,2,1130
13638,54027,54145,2,1130
13639,54250,54201,2,1155
13640,54266,54286,2,1155
13641,54187,54335,2,1155
13642,54267,54226,2,1155
13643,54164,54220,2,1155
13644,54273,54223,2,1155
13645,54354,54395,2,1155
13646,54230,54303,2,1155
13647,54363,54239,2,1155
13648,54272,54325,2,1155
13649,54209,54377,2,1155
13650,54346,54291,2,1155
13651,54394,54246,2,1155
13652,54206,54327,2,1155
13653,54369,54350,2,1155
13654,54183,54300,2,1155
13655,54344,54373,2,1155
13656,54204,54269,2,1155
13657,54218,54259,2,1155
13658,54329,54307,2,1155
13659,54362,54348,2,1155
13660,54154,54170,2,1155
13661,54166,54159,2,1155
13662,54309,54249,2,1155
13663,54175,54231,2,1155
13664,54324,54316,2,1155
13665,54301,54326,2,1155
13666,54341,54355,2,1155
13667,54268,54165,2,1155
13668,54194,54360,2,1155
13669,54398,54197,2,1155
13670,54173,54390,2,1155
13671,54157,54296,2,1155
13672,54243,54152,2,1155
13673,54247,54252,2,1155
13674,54248,54155,2,1155
13675,54236,54225,2,1155
13676,54195,54376,2,1155
13677,54280,54258,2,1155
13678,54255,54386,2,1155
13679,54379,54337,2,1155
13680,54304,54314,2,1155
13681,54279,54216,2,1155
13682,54371,54328,2,1155
13683,54160,54147,2,1155
13684,54198,54287,2,1155
13685,54317,54251,2,1155
13686,54184,54342,2,1155
13687,54299,54293,2,1155
13688,54211,54311,2,1155
13689,54396,54336,2,1155
13690,54288,54382,2,1155
13691,54171,54385,2,1155
13692,54163,54217,2,1155
13693,54208,54306,2,1155
13694,54238,54340,2,1155
13695,54150,54228,2,1155
13696,54172,54343,2,1155
13697,54227,54192,2,1155
13698,54200,54257,2,1155
13699,54353,54203,2,1155
13700,54282,54331,2,1155
13701,54146,54277,2,1155
13702,54383,54219,2,1155
13703,54368,54374,2,1155
13704,54245,54366,2,1155
13705,54310,54178,2,1155
13706,54285,54180,2,1155
13707,54284,54229,2,1155
13708,54352,54312,2,1155
13709,54233,54361,2,1155
13710,54224,54297,2,1155
13711,54149,54199,2,1155
13712,54302,54265,2,1155
13713,54153,54210,2,1155
13714,54351,54185,2,1155
13715,54205,54186,2,1155
13716,54358,54378,2,1155
13717,54370,54261,2,1155
13718,54305,54167,2,1155
13719,54375,54274,2,1155
13720,54202,54295,2,1155
13721,54264,54235,2,1155
13722,54168,54174,2,1155
13723,54181,54322,2,1155
13724,54177,54275,2,1155
13725,54241,54276,2,1155
13726,54356,54333,2,1155
13727,54338,54176,2,1155
13728,54271,54196,2,1155
13729,54161,54253,2,1155
13730,54347,54260,2,1155
13731,54240,54334,2,1155
13732,54214,54182,2,1155
13733,54320,54221,2,1155
13734,54321,54290,2,1155
13735,54242,54234,2,1155
13736,54213,54332,2,1155
13737,54318,54215,2,1155
13738,54278,54189,2,1155
13739,54158,54313,2,1155
13740,54256,54292,2,1155
13741,54262,54179,2,1155
13742,54308,54191,2,1155
13743,54359,54393,2,1155
13744,54156,54384,2,1155
13745,54207,54365,2,1155
13746,54188,54345,2,1155
13747,54289,54315,2,1155
13748,54381,54237,2,1155
13749,54319,54283,2,1155
13750,54357,54254,2,1155
13751,54294,54298,2,1155
13752,54330,54392,2,1155
13753,54151,54339,2,1155
13754,54281,54380,2,1155
13755,54388,54190,2,1155
13756,54389,54222,2,1155
13757,54391,54244,2,1155
13758,54232,54364,2,1155
13759,54367,54399,2,1155
13760,54372,54400,2,1155
13761,54148,54401,2,1155
13762,54397,54402,2,1155
13763,54263,54403,2,1155
13764,54270,54404,2,1155
13765,54387,54405,2,1155
13766,54162,54406,2,1155
13767,54697,54441,2,1180
13768,54822,54913,2,1180
13769,54922,54411,2,1180
13770,54477,54743,2,1180
13771,54792,54781,2,1180
13772,54589,54618,2,1180
13773,54602,54537,2,1180
13774,54683,54430,2,1180
13775,54829,54585,2,1180
13776,54932,54564,2,1180
13777,54528,54612,2,1180
13778,54446,54495,2,1180
13779,54809,54590,2,1180
13780,54499,54511,2,1180
13781,54407,54690,2,1180
13782,54857,54931,2,1180
13783,54439,54545,2,1180
13784,54474,54530,2,1180
13785,54804,54626,2,1180
13786,54450,54547,2,1180
13787,54687,54509,2,1180
13788,54777,54651,2,1180
13789,54535,54538,2,1180
13790,54606,54456,2,1180
13791,54745,54685,2,1180
13792,54711,54712,2,1180
13793,54521,54490,2,1180
13794,54572,54550,2,1180
13795,54905,54460,2,1180
13796,54546,54640,2,1180
13797,54856,54801,2,1180
13798,54900,54788,2,1180
13799,54830,54487,2,1180
13800,54921,54664,2,1180
13801,54864,54750,2,1180
13802,54796,54816,2,1180
13803,54842,54876,2,1180
13804,54844,54789,2,1180
13805,54453,54718,2,1180
13806,54488,54552,2,1180
13807,54719,54700,2,1180
13808,54907,54722,2,1180
13809,54413,54779,2,1180
13810,54410,54897,2,1180
13811,54557,54824,2,1180
13812,54705,54726,2,1180
13813,54884,54583,2,1180
13814,54733,54756,2,1180
13815,54570,54676,2,1180
13816,54556,54515,2,1180
13817,54916,54641,2,1180
13818,54628,54852,2,1180
13819,54670,54866,2,1180
13820,54653,54533,2,1180
13821,54595,54614,2,1180
13822,54542,54751,2,1180
13823,54419,54594,2,1180
13824,54770,54895,2,1180
13825,54696,54871,2,1180
13826,54665,54580,2,1180
13827,54592,54795,2,1180
13828,54736,54908,2,1180
13829,54447,54578,2,1180
13830,54652,54518,2,1180
13831,54466,54708,2,1180
13832,54660,54778,2,1180
13833,54694,54647,2,1180
13834,54669,54911,2,1180
13835,54914,54848,2,1180
13836,54637,54409,2,1180
13837,54805,54882,2,1180
13838,54436,54485,2,1180
13839,54926,54431,2,1180
13840,54532,54551,2,1180
13841,54791,54689,2,1180
13842,54875,54715,2,1180
13843,54747,54794,2,1180
13844,54440,54692,2,1180
13845,54834,54730,2,1180
13846,54416,54672,2,1180
13847,54886,54767,2,1180
13848,54674,54524,2,1180
13849,54567,54749,2,1180
13850,54784,54648,2,1180
13851,54525,54774,2,1180
13852,54454,54562,2,1180
13853,54891,54464,2,1180
13854,54603,54783,2,1180
13855,54811,54841,2,1180
13856,54845,54894,2,1180
13857,54526,54646,2,1180
13858,54731,54560,2,1180
13859,54471,54927,2,1180
13860,54571,54877,2,1180
13861,54904,54762,2,1180
13862,54735,54608,2,1180
13863,54850,54849,2,1180
13864,54827,54706,2,1180
13865,54616,54469,2,1180
13866,54472,54633,2,1180
13867,54883,54826,2,1180
13868,54536,54771,2,1180
13869,54698,54868,2,1180
13870,54507,54920,2,1180
13871,54768,54825,2,1180
13872,54675,54520,2,1180
13873,54744,54649,2,1180
13874,54609,54723,2,1180
13875,54757,54815,2,1180
13876,54559,54831,2,1180
13877,54576,54772,2,1180
13878,54732,54819,2,1180
13879,54642,54435,2,1180
13880,54527,54742,2,1180
13881,54813,54656,2,1180
13882,54601,54714,2,1180
13883,54658,54443,2,1180
13884,54753,54667,2,1180
13885,54899,54442,2,1180
13886,54519,54709,2,1180
13887,54582,54476,2,1180
13888,54879,54906,2,1180
13889,54498,54620,2,1180
13890,54630,54427,2,1180
13891,54437,54593,2,1180
13892,54494,54901,2,1180
13893,54432,54586,2,1180
13894,54746,54717,2,1180
13895,54605,54680,2,1180
13896,54573,54598,2,1180
13897,54924,54433,2,1180
13898,54639,54563,2,1180
13899,54426,54661,2,1180
13900,54644,54847,2,1180
13901,54888,54638,2,1180
13902,54823,54523,2,1180
13903,54588,54415,2,1180
13904,54504,54613,2,1180
13905,54575,54870,2,1180
13906,54912,54513,2,1180
13907,54889,54761,2,1180
13908,54632,54707,2,1180
13909,54837,54482,2,1180
13910,54577,54798,2,1180
13911,54654,54635,2,1180
13912,54623,54919,2,1180
13913,54867,54517,2,1180
13914,54930,54596,2,1180
13915,54903,54497,2,1180
13916,54702,54502,2,1180
13917,54512,54843,2,1180
13918,54820,54481,2,1180
13919,54861,54760,2,1180
13920,54422,54587,2,1180
13921,54408,54828,2,1180
13922,54741,54902,2,1180
13923,54896,54729,2,1180
13924,54799,54787,2,1180
13925,54923,54910,2,1180
13926,54414,54467,2,1180
13927,54800,54619,2,1180
13928,54611,54483,2,1180
13929,54516,54684,2,1180
13930,54541,54720,2,1180
13931,54846,54738,2,1180
13932,54470,54417,2,1180
13933,54776,54878,2,1180
13934,54865,54832,2,1180
13935,54898,54500,2,1180
13936,54448,54812,2,1180
13937,54549,54928,2,1180
13938,54682,54438,2,1180
13939,54522,54634,2,1180
13940,54835,54429,2,1180
13941,54508,54597,2,1180
13942,54716,54584,2,1180
13943,54874,54566,2,1180
13944,54851,54501,2,1180
13945,54765,54693,2,1180
13946,54434,54766,2,1180
13947,54691,54862,2,1180
13948,54452,54821,2,1180
13949,54785,54506,2,1180
13950,54887,54780,2,1180
13951,54909,54468,2,1180
13952,54793,54725,2,1180
13953,54636,54668,2,1180
13954,54754,54531,2,1180
13955,54659,54836,2,1180
13956,54486,54671,2,1180
13957,54465,54418,2,1180
13958,54479,54503,2,1180
13959,54881,54420,2,1180
13960,54807,54493,2,1180
13961,54763,54790,2,1180
13962,54643,54817,2,1180
13963,54480,54655,2,1180
13964,54457,54710,2,1180
13965,54604,54686,2,1180
13966,54775,54885,2,1180
13967,54892,54444,2,1180
13968,54839,54918,2,1180
13969,54748,54412,2,1180
13970,54539,54473,2,1180
13971,54553,54818,2,1180
13972,54657,54838,2,1180
13973,54568,54764,2,1180
13974,54666,54662,2,1180
13975,54565,54650,2,1180
13976,54840,54681,2,1180
13977,54529,54858,2,1180
13978,54484,54854,2,1180
13979,54428,54621,2,1180
13980,54514,54699,2,1180
13981,54855,54728,2,1180
13982,54548,54873,2,1180
13983,54869,54755,2,1180
13984,54579,54627,2,1180
13985,54505,54543,2,1180
13986,54786,54803,2,1180
13987,54424,54853,2,1180
13988,54695,54893,2,1180
13989,54872,54724,2,1180
13990,54489,54734,2,1180
13991,54458,54782,2,1180
13992,54929,54475,2,1180
13993,54631,54701,2,1180
13994,54704,54860,2,1180
13995,54574,54463,2,1180
13996,54544,54540,2,1180
13997,54758,54629,2,1180
13998,54615,54802,2,1180
13999,54561,54806,2,1180
14000,54663,54581,2,1180
14001,54727,54491,2,1180
14002,54421,54677,2,1180
14003,54478,54496,2,1180
14004,54455,54759,2,1180
14005,54449,54679,2,1180
14006,54610,54769,2,1180
14007,54625,54462,2,1180
14008,54808,54534,2,1180
14009,54555,54673,2,1180
14010,54510,54810,2,1180
14011,54925,54425,2,1180
14012,54459,54451,2,1180
14013,54752,54833,2,1180
14014,54688,54740,2,1180
14015,54492,54713,2,1180
14016,54461,54569,2,1180
14017,54600,54859,2,1180
14018,54890,54591,2,1180
14019,54814,54558,2,1180
14020,54933,54915,2,1180
14021,54934,54617,2,1180
14022,54935,54554,2,1180
14023,55313,54994,2,1205
14024,55182,55071,2,1205
14025,55410,55802,2,1205
14026,55368,55032,2,1205
14027,55826,55914,2,1205
14028,55812,55820,2,1205
14029,55730,55705,2,1205
14030,55060,55260,2,1205
14031,54960,55959,2,1205
14032,55487,55974,2,1205
14033,55331,55394,2,1205
14034,55335,55030,2,1205
14035,55145,55685,2,1205
14036,54953,55309,2,1205
14037,55561,55359,2,1205
14038,55853,55895,2,1205
14039,55442,55197,2,1205
14040,55355,55592,2,1205
14041,55957,55664,2,1205
14042,55696,55188,2,1205
14043,55902,55733,2,1205
14044,54956,55833,2,1205
14045,55025,55381,2,1205
14046,55038,55552,2,1205
14047,55042,55034,2,1205
14048,54958,55676,2,1205
14049,55659,55972,2,1205
14050,55869,55615,2,1205
14051,55726,55586,2,1205
14052,55681,55609,2,1205
14053,55503,55325,2,1205
14054,55347,54988,2,1205
14055,55765,55546,2,1205
14056,55597,55663,2,1205
14057,55319,55373,2,1205
14058,55654,55022,2,1205
14059,55594,55336,2,1205
14060,55301,55348,2,1205
14061,55371,55206,2,1205
14062,54984,55703,2,1205
14063,55338,54967,2,1205
14064,55827,55264,2,1205
14065,54942,55316,2,1205
14066,55649,54998,2,1205
14067,55700,55783,2,1205
14068,55106,55874,2,1205
14069,55738,55477,2,1205
14070,55628,55303,2,1205
14071,55177,55225,2,1205
14072,55803,55716,2,1205
14073,55167,55224,2,1205
14074,55246,55458,2,1205
14075,55401,55092,2,1205
14076,55103,55550,2,1205
14077,55782,55747,2,1205
14078,54961,55849,2,1205
14079,55485,54980,2,1205
14080,55484,55298,2,1205
14081,55499,55090,2,1205
14082,55119,55391,2,1205
14083,54997,55571,2,1205
14084,55829,55857,2,1205
14085,55581,55448,2,1205
14086,55400,55870,2,1205
14087,55214,55774,2,1205
14088,55305,55237,2,1205
14089,55889,55906,2,1205
14090,55330,54936,2,1205
14091,55010,55762,2,1205
14092,55180,55326,2,1205
14093,55858,55055,2,1205
14094,55097,54941,2,1205
14095,55116,55471,2,1205
14096,55713,55933,2,1205
14097,55288,55323,2,1205
14098,55267,55776,2,1205
14099,54957,55737,2,1205
14100,55008,55017,2,1205
14101,55217,55633,2,1205
14102,55536,55855,2,1205
14103,55662,55539,2,1205
14104,55789,55749,2,1205
14105,55067,55057,2,1205
14106,55105,54990,2,1205
14107,55736,55041,2,1205
14108,55131,55557,2,1205
14109,55028,55924,2,1205
14110,55441,55229,2,1205
14111,55171,55964,2,1205
14112,55328,55606,2,1205
14113,55473,55795,2,1205
14114,55742,55877,2,1205
14115,55255,55850,2,1205
14116,55158,55222,2,1205
14117,55059,55375,2,1205
14118,54970,55535,2,1205
14119,55637,54996,2,1205
14120,55731,55209,2,1205
14121,55058,55574,2,1205
14122,55109,55819,2,1205
14123,55194,55350,2,1205
14124,55691,55852,2,1205
14125,55287,55276,2,1205
14126,55312,54952,2,1205
14127,55929,55406,2,1205
14128,55374,55084,2,1205
14129,55644,55760,2,1205
14130,55515,54937,2,1205
14131,55420,55216,2,1205
14132,55677,55859,2,1205
14133,55156,55036,2,1205
14134,55360,55807,2,1205
14135,55047,55688,2,1205
14136,55012,54986,2,1205
14137,55354,55269,2,1205
14138,55238,55150,2,1205
14139,55002,55358,2,1205
14140,55111,55837,2,1205
14141,55842,55138,2,1205
14142,55873,54938,2,1205
14143,55357,55421,2,1205
14144,55892,55969,2,1205
14145,54955,55107,2,1205
14146,55144,55037,2,1205
14147,55832,55140,2,1205
14148,55786,55893,2,1205
14149,55133,55073,2,1205
14150,55395,55963,2,1205
14151,55431,55844,2,1205
14152,54977,55810,2,1205
14153,55470,54992,2,1205
14154,55755,55921,2,1205
14155,55839,55076,2,1205
14156,55429,55639,2,1205
14157,55922,55888,2,1205
14158,55611,55854,2,1205
14159,55908,55132,2,1205
14160,55631,55953,2,1205
14161,55135,55686,2,1205
14162,55724,55576,2,1205
14163,55434,55754,2,1205
14164,55702,55567,2,1205
14165,55572,55483,2,1205
14166,55452,55811,2,1205
14167,55189,55970,2,1205
14168,55020,55243,2,1205
14169,55590,54971,2,1205
14170,55063,55946,2,1205
14171,55403,55399,2,1205
14172,55828,55768,2,1205
14173,55247,55612,2,1205
14174,55604,55867,2,1205
14175,55439,55343,2,1205
14176,55281,55643,2,1205
14177,55512,55465,2,1205
14178,55285,55954,2,1205
14179,55118,55157,2,1205
14180,55672,55363,2,1205
14181,55494,55939,2,1205
14182,55678,55274,2,1205
14183,55955,55482,2,1205
14184,55815,55045,2,1205
14185,55344,55405,2,1205
14186,55142,55584,2,1205
14187,55636,55872,2,1205
14188,55607,55549,2,1205
14189,55804,55447,2,1205
14190,55013,55409,2,1205
14191,55907,55162,2,1205
14192,54982,55425,2,1205
14193,55799,55630,2,1205
14194,55480,55308,2,1205
14195,55228,55462,2,1205
14196,55321,55310,2,1205
14197,55242,55887,2,1205
14198,55490,55940,2,1205
14199,55944,55292,2,1205
14200,55566,55792,2,1205
14201,55019,55903,2,1205
14202,55928,55748,2,1205
14203,55039,55251,2,1205
14204,55201,55176,2,1205
14205,55640,55542,2,1205
14206,55675,55759,2,1205
14207,55821,55152,2,1205
14208,55891,55244,2,1205
14209,55752,55540,2,1205
14210,55265,55862,2,1205
14211,55845,55645,2,1205
14212,55396,55962,2,1205
14213,55446,55669,2,1205
14214,55266,55781,2,1205
14215,55457,55099,2,1205
14216,55334,55302,2,1205
14217,55885,55202,2,1205
14218,55495,54999,2,1205
14219,55085,54965,2,1205
14220,55613,55077,2,1205
14221,55426,55428,2,1205
14222,55072,55538,2,1205
14223,55884,55293,2,1205
14224,54966,55909,2,1205
14225,54968,55456,2,1205
14226,55218,55520,2,1205
14227,55568,55463,2,1205
14228,55377,55192,2,1205
14229,55553,55846,2,1205
14230,55634,55398,2,1205
14231,55717,55208,2,1205
14232,55809,55342,2,1205
14233,55734,55006,2,1205
14234,55023,55278,2,1205
14235,55414,55424,2,1205
14236,55879,55210,2,1205
14237,55530,54987,2,1205
14238,55668,55190,2,1205
14239,55159,55286,2,1205
14240,55104,55767,2,1205
14241,55900,55382,2,1205
14242,55595,55883,2,1205
14243,55598,55856,2,1205
14244,54948,55432,2,1205
14245,55575,55766,2,1205
14246,55840,55367,2,1205
14247,55880,55489,2,1205
14248,55865,55203,2,1205
14249,55543,55775,2,1205
14250,55351,55968,2,1205
14251,54951,54962,2,1205
14252,55129,55622,2,1205
14253,55500,55498,2,1205
14254,55096,55695,2,1205
14255,55048,55936,2,1205
14256,55961,55943,2,1205
14257,55723,55329,2,1205
14258,55838,55451,2,1205
14259,55091,55582,2,1205
14260,55618,55875,2,1205
14261,55263,55876,2,1205
14262,55089,55184,2,1205
14263,55453,55709,2,1205
14264,55620,55256,2,1205
14265,55886,55916,2,1205
14266,55517,55735,2,1205
14267,55163,55670,2,1205
14268,55556,55223,2,1205
14269,55051,55339,2,1205
14270,55502,54995,2,1205
14271,54949,55808,2,1205
14272,54991,55124,2,1205
14273,55474,55297,2,1205
14274,55797,55923,2,1205
14275,55756,55211,2,1205
14276,55161,55130,2,1205
14277,55235,55178,2,1205
14278,55443,55282,2,1205
14279,55863,55690,2,1205
14280,55522,55283,2,1205
14281,55128,55814,2,1205
14282,55960,55014,2,1205
14283,55788,55554,2,1205
14284,55153,55249,2,1205
14285,55052,55941,2,1205
14286,55120,55307,2,1205
14287,55665,55650,2,1205
14288,55220,55646,2,1205
14289,55513,55648,2,1205
14290,55068,55674,2,1205
14291,55860,55364,2,1205
14292,55769,55440,2,1205
14293,54939,55739,2,1205
14294,55175,55195,2,1205
14295,55113,55148,2,1205
14296,55174,55422,2,1205
14297,55897,55166,2,1205
14298,55093,55231,2,1205
14299,55387,55200,2,1205
14300,55155,55478,2,1205
14301,55817,55233,2,1205
14302,55894,55952,2,1205
14303,55435,55444,2,1205
14304,55652,55570,2,1205
14305,55626,55728,2,1205
14306,55956,55411,2,1205
14307,55078,54940,2,1205
14308,54964,55710,2,1205
14309,55345,55779,2,1205
14310,55280,55324,2,1205
14311,55365,55215,2,1205
14312,54983,55912,2,1205
14313,55086,55146,2,1205
14314,55635,55834,2,1205
14315,55043,55796,2,1205
14316,55784,55258,2,1205
14317,55117,55864,2,1205
14318,55758,55588,2,1205
14319,55407,55212,2,1205
14320,55741,54950,2,1205
14321,55671,55519,2,1205
14322,55706,55651,2,1205
14323,55547,55619,2,1205
14324,55491,55711,2,1205
14325,55715,55187,2,1205
14326,55501,55610,2,1205
14327,55926,55317,2,1205
14328,55693,55569,2,1205
14329,55370,55433,2,1205
14330,55890,55843,2,1205
14331,54946,55054,2,1205
14332,54974,55823,2,1205
14333,55714,54976,2,1205
14334,55577,55882,2,1205
14335,55861,55417,2,1205
14336,55800,55918,2,1205
14337,55069,55049,2,1205
14338,55147,55232,2,1205
14339,55402,55383,2,1205
14340,55910,55275,2,1205
14341,55272,55430,2,1205
14342,55386,55141,2,1205
14343,55295,55390,2,1205
14344,55257,55384,2,1205
14345,55185,55830,2,1205
14346,55024,55718,2,1205
14347,55139,55967,2,1205
14348,55137,55408,2,1205
14349,55866,55164,2,1205
14350,55958,55466,2,1205
14351,55878,55088,2,1205
14352,55415,55847,2,1205
14353,55563,55419,2,1205
14354,55658,55151,2,1205
14355,55254,55083,2,1205
14356,55787,55806,2,1205
14357,55261,55751,2,1205
14358,55207,54944,2,1205
14359,55707,55583,2,1205
14360,55005,55935,2,1205
14361,55729,55007,2,1205
14362,55074,55562,2,1205
14363,55427,55250,2,1205
14364,55469,55315,2,1205
14365,55656,54943,2,1205
14366,55627,55361,2,1205
14367,55475,55899,2,1205
14368,55332,55226,2,1205
14369,55508,55404,2,1205
14370,55070,54954,2,1205
14371,55740,55418,2,1205
14372,55661,55599,2,1205
14373,55722,55413,2,1205
14374,55488,55805,2,1205
14375,55134,55773,2,1205
14376,55179,55578,2,1205
14377,55694,55624,2,1205
14378,55193,55248,2,1205
14379,55602,55745,2,1205
14380,55589,55684,2,1205
14381,55003,55412,2,1205
14382,55532,55699,2,1205
14383,55920,55064,2,1205
14384,55449,55524,2,1205
14385,55021,55605,2,1205
14386,55818,55593,2,1205
14387,55126,55102,2,1205
14388,55638,55901,2,1205
14389,55534,55044,2,1205
14390,55029,55392,2,1205
14391,55689,55122,2,1205
14392,55481,55322,2,1205
14393,55825,55378,2,1205
14394,54947,54985,2,1205
14395,55505,55945,2,1205
14396,55616,55632,2,1205
14397,55046,54945,2,1205
14398,55931,55160,2,1205
14399,55778,55653,2,1205
14400,55523,55516,2,1205
14401,55065,55881,2,1205
14402,55657,55913,2,1205
14403,55915,55642,2,1205
14404,55591,55527,2,1205
14405,55871,55294,2,1205
14406,55075,55472,2,1205
14407,55721,55031,2,1205
14408,55564,55320,2,1205
14409,55476,55971,2,1205
14410,55436,55504,2,1205
14411,55397,55919,2,1205
14412,55573,55385,2,1205
14413,55172,55062,2,1205
14414,55816,55529,2,1205
14415,55558,55191,2,1205
14416,55121,55026,2,1205
14417,55221,55299,2,1205
14418,55165,55617,2,1205
14419,55268,55169,2,1205
14420,55917,55794,2,1205
14421,55369,55587,2,1205
14422,55379,55271,2,1205
14423,55035,55372,2,1205
14424,55170,55719,2,1205
14425,55004,55647,2,1205
14426,55240,55835,2,1205
14427,54973,54989,2,1205
14428,55623,55341,2,1205
14429,55666,55625,2,1205
14430,55496,55966,2,1205
14431,55183,55965,2,1205
14432,55110,55911,2,1205
14433,55868,55082,2,1205
14434,55950,55764,2,1205
14435,55790,55486,2,1205
14436,55942,55683,2,1205
14437,55551,55528,2,1205
14438,55836,55273,2,1205
14439,55506,55279,2,1205
14440,55101,55732,2,1205
14441,55761,55629,2,1205
14442,55801,55851,2,1205
14443,55697,55388,2,1205
14444,55559,54981,2,1205
14445,55777,55934,2,1205
14446,55548,55600,2,1205
14447,55098,55905,2,1205
14448,55655,55667,2,1205
14449,55565,55284,2,1205
14450,55763,55227,2,1205
14451,55757,55925,2,1205
14452,55904,55230,2,1205
14453,55094,55362,2,1205
14454,55018,55239,2,1205
14455,55277,55087,2,1205
14456,55241,55108,2,1205
14457,55127,55687,2,1205
14458,55393,55234,2,1205
14459,55219,55450,2,1205
14460,54979,55460,2,1205
14461,55205,55621,2,1205
14462,55614,55585,2,1205
14463,55300,54963,2,1205
14464,55560,55173,2,1205
14465,55746,55479,2,1205
14466,55555,55081,2,1205
14467,55927,55822,2,1205
14468,55720,55898,2,1205
14469,55701,55181,2,1205
14470,55445,55389,2,1205
14471,55973,55938,2,1205
14472,55061,55507,2,1205
14473,55753,55115,2,1205
14474,55011,55340,2,1205
14475,55708,55601,2,1205
14476,55680,54959,2,1205
14477,55468,55841,2,1205
14478,55896,55289,2,1205
14479,55467,55033,2,1205
14480,55259,55291,2,1205
14481,55066,54993,2,1205
14482,55380,55366,2,1205
14483,55168,55204,2,1205
14484,55337,55186,2,1205
14485,55015,55932,2,1205
14486,55114,55813,2,1205
14487,55772,55009,2,1205
14488,55056,55525,2,1205
14489,55608,55848,2,1205
14490,55252,55727,2,1205
14491,55353,55262,2,1205
14492,55698,55270,2,1205
14493,55290,55304,2,1205
14494,55318,55579,2,1205
14495,55780,55095,2,1205
14496,55455,55744,2,1205
14497,55771,55314,2,1205
14498,55937,55947,2,1205
14499,55079,55296,2,1205
14500,55544,55793,2,1205
14501,55750,55518,2,1205
14502,55679,55461,2,1205
14503,55213,55356,2,1205
14504,54969,55510,2,1205
14505,55454,55416,2,1205
14506,55580,55743,2,1205
14507,55053,55596,2,1205
14508,55199,55514,2,1205
14509,55531,55791,2,1205
14510,55521,55016,2,1205
14511,55346,55682,2,1205
14512,55311,55459,2,1205
14513,55660,55526,2,1205
14514,55236,55493,2,1205
14515,55438,55112,2,1205
14516,54972,54978,2,1205
14517,55798,55509,2,1205
14518,55376,55306,2,1205
14519,55253,55824,2,1205
14520,55143,55603,2,1205
14521,55437,55040,2,1205
14522,55712,55492,2,1205
14523,56929,56996,2,1230
14524,56327,57446,2,1230
14525,56008,56129,2,1230
14526,56422,57248,2,1230
14527,56090,57858,2,1230
14528,56221,56551,2,1230
14529,56199,57465,2,1230
14530,56967,57828,2,1230
14531,56131,56726,2,1230
14532,57202,56157,2,1230
14533,57193,56160,2,1230
14534,56452,56164,2,1230
14535,57198,56413,2,1230
14536,57075,57279,2,1230
14537,56679,56400,2,1230
14538,56755,56894,2,1230
14539,57879,57333,2,1230
14540,57122,56188,2,1230
14541,57905,57724,2,1230
14542,56620,57938,2,1230
14543,56591,56851,2,1230
14544,56750,57269,2,1230
14545,56472,57821,2,1230
14546,56905,56713,2,1230
14547,56043,56467,2,1230
14548,56868,57095,2,1230
14549,57688,56751,2,1230
14550,56063,57165,2,1230
14551,56278,57157,2,1230
14552,55986,56045,2,1230
14553,56496,57759,2,1230
14554,57163,57655,2,1230
14555,56277,57586,2,1230
14556,56355,57854,2,1230
14557,57653,57225,2,1230
14558,56098,56414,2,1230
14559,56845,57525,2,1230
14560,56807,57561,2,1230
14561,57773,57513,2,1230
14562,56556,56699,2,1230
14563,57368,56386,2,1230
14564,56342,57497,2,1230
14565,57749,56075,2,1230
14566,56026,57392,2,1230
14567,57224,57825,2,1230
14568,56609,57686,2,1230
14569,57394,57123,2,1230
14570,57436,56763,2,1230
14571,57211,57214,2,1230
14572,56708,57035,2,1230
14573,56915,56709,2,1230
14574,57495,57043,2,1230
14575,56030,57155,2,1230
14576,56220,56127,2,1230
14577,56303,57317,2,1230
14578,56329,57746,2,1230
14579,57641,57658,2,1230
14580,56797,57189,2,1230
14581,57597,57796,2,1230
14582,57877,56596,2,1230
14583,56268,56009,2,1230
14584,56457,57340,2,1230
14585,56105,56998,2,1230
14586,57482,56363,2,1230
14587,56460,56012,2,1230
14588,57197,57103,2,1230
14589,56046,56148,2,1230
14590,57907,55981,2,1230
14591,56860,56688,2,1230
14592,57718,57380,2,1230
14593,56588,57731,2,1230
14594,57509,56335,2,1230
14595,57783,57758,2,1230
14596,57010,57903,2,1230
14597,57276,56661,2,1230
14598,57813,57893,2,1230
14599,56261,57313,2,1230
14600,57880,57285,2,1230
14601,56408,57744,2,1230
14602,57910,57034,2,1230
14603,56228,57480,2,1230
14604,56876,57179,2,1230
14605,57722,56706,2,1230
14606,56368,57889,2,1230
14607,56190,56215,2,1230
14608,56483,56535,2,1230
14609,57803,57124,2,1230
14610,56604,57902,2,1230
14611,56203,57087,2,1230
14612,57390,56315,2,1230
14613,56416,57625,2,1230
14614,56502,56792,2,1230
14615,56817,56388,2,1230
14616,56526,56625,2,1230
14617,57336,56267,2,1230
14618,57164,56108,2,1230
14619,57121,57644,2,1230
14620,57790,56262,2,1230
14621,56847,57108,2,1230
14622,57515,56346,2,1230
14623,56974,57647,2,1230
14624,56275,57558,2,1230
14625,56048,57104,2,1230
14626,56680,57041,2,1230
14627,57334,57432,2,1230
14628,56532,57205,2,1230
14629,56712,55996,2,1230
14630,56195,57534,2,1230
14631,56428,56241,2,1230
14632,56439,56611,2,1230
14633,56537,56700,2,1230
14634,56169,56534,2,1230
14635,57799,56287,2,1230
14636,57275,56181,2,1230
14637,57208,57861,2,1230
14638,57105,57207,2,1230
14639,57101,57672,2,1230
14640,56453,56265,2,1230
14641,56702,57591,2,1230
14642,56942,56846,2,1230
14643,57590,56953,2,1230
14644,57826,56710,2,1230
14645,56369,56676,2,1230
14646,56743,56113,2,1230
14647,57930,56530,2,1230
14648,56504,56300,2,1230
14649,56539,57106,2,1230
14650,57612,56920,2,1230
14651,57457,57565,2,1230
14652,56896,56863,2,1230
14653,56889,56910,2,1230
14654,56960,56158,2,1230
14655,56246,56118,2,1230
14656,56013,57181,2,1230
14657,56069,56849,2,1230
14658,57769,57663,2,1230
14659,57550,56858,2,1230
14660,56522,57139,2,1230
14661,56279,56965,2,1230
14662,56417,56059,2,1230
14663,56874,57855,2,1230
14664,57713,56285,2,1230
14665,57819,56782,2,1230
14666,57687,56843,2,1230
14667,57006,57236,2,1230
14668,57904,56055,2,1230
14669,56390,57925,2,1230
14670,57521,56124,2,1230
14671,56507,57068,2,1230
14672,56211,56722,2,1230
14673,56477,57070,2,1230
14674,57679,57782,2,1230
14675,57520,57840,2,1230
14676,56166,57870,2,1230
14677,56655,57045,2,1230
14678,57859,56096,2,1230
14679,57738,57048,2,1230
14680,56418,56443,2,1230
14681,57126,56162,2,1230
14682,57100,57657,2,1230
14683,56051,57194,2,1230
14684,57115,56032,2,1230
14685,57823,57361,2,1230
14686,57335,56895,2,1230
14687,56227,56798,2,1230
14688,57135,57939,2,1230
14689,57684,56481,2,1230
14690,56820,57473,2,1230
14691,57850,57872,2,1230
14692,57452,57252,2,1230
14693,57321,57170,2,1230
14694,57072,56570,2,1230
14695,56445,56650,2,1230
14696,57603,57332,2,1230
14697,57664,56097,2,1230
14698,56302,57117,2,1230
14699,57588,55988,2,1230
14700,56310,57645,2,1230
14701,57884,57755,2,1230
14702,57149,56149,2,1230
14703,56928,57058,2,1230
14704,56381,56586,2,1230
14705,56525,57562,2,1230
14706,56766,57651,2,1230
14707,56114,56730,2,1230
14708,57347,57286,2,1230
14709,57886,57296,2,1230
14710,57018,57484,2,1230
14711,56734,56248,2,1230
14712,57245,56826,2,1230
14713,56405,56608,2,1230
14714,57238,56578,2,1230
14715,57082,56146,2,1230
14716,57173,57844,2,1230
14717,56632,56449,2,1230
14718,56081,57934,2,1230
14719,56878,57767,2,1230
14720,56567,56353,2,1230
14721,56771,56752,2,1230
14722,56397,56756,2,1230
14723,56741,56128,2,1230
14724,56728,56034,2,1230
14725,57259,57260,2,1230
14726,57114,56873,2,1230
14727,57815,57085,2,1230
14728,57714,57009,2,1230
14729,56430,57311,2,1230
14730,56692,56469,2,1230
14731,56664,57373,2,1230
14732,56000,56415,2,1230
14733,57015,57271,2,1230
14734,56685,57626,2,1230
14735,56674,56403,2,1230
14736,57598,56922,2,1230
14737,57183,57716,2,1230
14738,56675,57154,2,1230
14739,56295,56882,2,1230
14740,56775,57376,2,1230
14741,57146,56319,2,1230
14742,56047,57685,2,1230
14743,57835,56471,2,1230
14744,56999,56361,2,1230
14745,57876,57409,2,1230
14746,56584,56966,2,1230
14747,57504,56576,2,1230
14748,56937,56214,2,1230
14749,57605,56041,2,1230
14750,56681,57267,2,1230
14751,57415,56795,2,1230
14752,57438,57572,2,1230
14753,57442,57303,2,1230
14754,57136,57770,2,1230
14755,57027,57441,2,1230
14756,56178,57757,2,1230
14757,57299,56142,2,1230
14758,57212,57005,2,1230
14759,57805,57354,2,1230
14760,56784,57711,2,1230
14761,57681,56641,2,1230
14762,56642,56073,2,1230
14763,57363,56832,2,1230
14764,56764,57740,2,1230
14765,57227,57344,2,1230
14766,56879,57892,2,1230
14767,56577,56347,2,1230
14768,57013,57210,2,1230
14769,57564,56242,2,1230
14770,56204,57310,2,1230
14771,56624,57921,2,1230
14772,56825,56663,2,1230
14773,56038,56761,2,1230
14774,57257,57315,2,1230
14775,56093,56565,2,1230
14776,57573,56848,2,1230
14777,56056,57788,2,1230
14778,57818,56297,2,1230
14779,57246,57502,2,1230
14780,57671,56122,2,1230
14781,57213,56793,2,1230
14782,56506,57080,2,1230
14783,57455,57038,2,1230
14784,56442,56670,2,1230
14785,57302,57371,2,1230
14786,56015,56371,2,1230
14787,56292,56003,2,1230
14788,56323,57435,2,1230
14789,56672,57176,2,1230
14790,57022,57871,2,1230
14791,57833,57579,2,1230
14792,56130,57916,2,1230
14793,57532,56180,2,1230
14794,57935,56106,2,1230
14795,56283,56412,2,1230
14796,57792,57568,2,1230
14797,57386,57715,2,1230
14798,57033,56459,2,1230
14799,57116,56448,2,1230
14800,56444,57228,2,1230
14801,57518,57721,2,1230
14802,56548,57251,2,1230
14803,57396,56508,2,1230
14804,56126,56781,2,1230
14805,56968,56840,2,1230
14806,57720,56018,2,1230
14807,57440,56540,2,1230
14808,56593,57444,2,1230
14809,56814,57453,2,1230
14810,56256,57178,2,1230
14811,56102,56938,2,1230
14812,56852,57399,2,1230
14813,56119,56976,2,1230
14814,56037,57351,2,1230
14815,56803,56441,2,1230
14816,57839,56568,2,1230
14817,57160,56024,2,1230
14818,56733,57000,2,1230
14819,56603,57069,2,1230
14820,56161,57536,2,1230
14821,56425,57129,2,1230
14822,57083,56115,2,1230
14823,57587,56463,2,1230
14824,56683,56010,2,1230
14825,56488,57449,2,1230
14826,55977,56189,2,1230
14827,56201,56643,2,1230
14828,57909,56289,2,1230
14829,56978,56437,2,1230
14830,57356,57481,2,1230
14831,56033,56450,2,1230
14832,56668,57703,2,1230
14833,56087,56979,2,1230
14834,57030,56746,2,1230
14835,56695,56886,2,1230
14836,57582,57301,2,1230
14837,56831,57359,2,1230
14838,57388,56544,2,1230
14839,56187,56120,2,1230
14840,57610,57678,2,1230
14841,56957,57888,2,1230
14842,57475,57092,2,1230
14843,57633,56324,2,1230
14844,57175,57853,2,1230
14845,57869,56684,2,1230
14846,56821,56810,2,1230
14847,56667,57898,2,1230
14848,57701,57559,2,1230
14849,57023,56946,2,1230
14850,57078,56135,2,1230
14851,57630,56007,2,1230
14852,56779,57172,2,1230
14853,57760,57683,2,1230
14854,57234,57343,2,1230
14855,57569,56086,2,1230
14856,56249,56431,2,1230
14857,56566,56987,2,1230
14858,57125,56398,2,1230
14859,57845,56225,2,1230
14860,57423,56991,2,1230
14861,57474,56633,2,1230
14862,57928,57747,2,1230
14863,57574,57107,2,1230
14864,57021,56402,2,1230
14865,56140,56780,2,1230
14866,56653,56933,2,1230
14867,56470,56805,2,1230
14868,57592,56116,2,1230
14869,56362,56255,2,1230
14870,57413,56900,2,1230
14871,57459,56707,2,1230
14872,56243,56070,2,1230
14873,57231,56438,2,1230
14874,56333,56232,2,1230
14875,57841,57866,2,1230
14876,57791,57282,2,1230
14877,57486,57300,2,1230
14878,56314,56885,2,1230
14879,57496,56352,2,1230
14880,56514,57059,2,1230
14881,56723,57544,2,1230
14882,57784,57809,2,1230
14883,56192,57468,2,1230
14884,57537,57922,2,1230
14885,57476,56613,2,1230
14886,56870,57430,2,1230
14887,56585,57817,2,1230
14888,57240,56061,2,1230
14889,56253,56867,2,1230
14890,57545,56505,2,1230
14891,57288,56427,2,1230
14892,56487,56141,2,1230
14893,57066,56152,2,1230
14894,57420,56786,2,1230
14895,56382,56615,2,1230
14896,57800,56636,2,1230
14897,55987,56167,2,1230
14898,56306,56307,2,1230
14899,56153,57745,2,1230
14900,56758,56562,2,1230
14901,56473,56072,2,1230
14902,56629,56151,2,1230
14903,56757,57507,2,1230
14904,56351,57099,2,1230
14905,57233,57375,2,1230
14906,57608,57493,2,1230
14907,56872,56836,2,1230
14908,56074,56794,2,1230
14909,57490,56830,2,1230
14910,57109,56484,2,1230
14911,56476,57389,2,1230
14912,56076,57451,2,1230
14913,57789,57607,2,1230
14914,56252,56989,2,1230
14915,57808,56524,2,1230
14916,56824,57787,2,1230
14917,56925,56316,2,1230
14918,56753,56552,2,1230
14919,56859,57516,2,1230
14920,56935,56365,2,1230
14921,57241,56016,2,1230
14922,56202,56959,2,1230
14923,57416,57047,2,1230
14924,56284,57600,2,1230
14925,56143,56815,2,1230
14926,55975,56745,2,1230
14927,56191,57766,2,1230
14928,56338,57215,2,1230
14929,57001,57096,2,1230
14930,56914,57398,2,1230
14931,56068,56853,2,1230
14932,56235,56748,2,1230
14933,56107,57425,2,1230
14934,56546,56523,2,1230
14935,57690,57439,2,1230
14936,56094,57185,2,1230
14937,57408,57772,2,1230
14938,57522,57797,2,1230
14939,57358,57908,2,1230
14940,56962,57895,2,1230
14941,57112,56587,2,1230
14942,57140,56222,2,1230
14943,57060,56367,2,1230
14944,55995,56877,2,1230
14945,57585,57063,2,1230
14946,56888,57712,2,1230
14947,56919,56266,2,1230
14948,57751,57024,2,1230
14949,56703,57418,2,1230
14950,57337,56923,2,1230
14951,56630,56545,2,1230
14952,56571,56290,2,1230
14953,56691,56423,2,1230
14954,56972,57217,2,1230
14955,57016,56862,2,1230
14956,57931,57867,2,1230
14957,57547,56155,2,1230
14958,57924,56374,2,1230
14959,56640,57427,2,1230
14960,56898,56019,2,1230
14961,57640,56210,2,1230
14962,56294,56364,2,1230
14963,57090,57890,2,1230
14964,56612,56104,2,1230
14965,56778,57768,2,1230
14966,56186,57761,2,1230
14967,56002,55993,2,1230
14968,57616,56986,2,1230
14969,56383,57806,2,1230
14970,56071,57485,2,1230
14971,56677,56084,2,1230
14972,56648,57339,2,1230
14973,56720,56988,2,1230
14974,56649,57367,2,1230
14975,56564,56715,2,1230
14976,56801,57739,2,1230
14977,57512,56711,2,1230
14978,56819,56247,2,1230
14979,57381,56085,2,1230
14980,57216,57741,2,1230
14981,56006,56212,2,1230
14982,56772,56941,2,1230
14983,56932,56001,2,1230
14984,57141,57650,2,1230
14985,56036,57878,2,1230
14986,57466,56429,2,1230
14987,56493,56639,2,1230
14988,56172,56229,2,1230
14989,57201,56111,2,1230
14990,57076,56816,2,1230
14991,56973,57695,2,1230
14992,57323,57064,2,1230
14993,56447,57785,2,1230
14994,56236,56607,2,1230
14995,56260,56785,2,1230
14996,56963,56809,2,1230
14997,56563,56134,2,1230
14998,57923,57307,2,1230
14999,56697,56293,2,1230
15000,56433,56378,2,1230
15001,57383,57097,2,1230
15002,57094,57599,2,1230
15003,56401,56982,2,1230
15004,57615,57807,2,1230
15005,57638,57256,2,1230
15006,56328,56597,2,1230
15007,56689,57128,2,1230
15008,57492,57851,2,1230
15009,56682,57554,2,1230
15010,56558,57827,2,1230
15011,56773,57400,2,1230
15012,56768,56944,2,1230
15013,56701,57051,2,1230
15014,57611,57407,2,1230
15015,56251,57052,2,1230
15016,59879,59880,3,1025
15017,59879,59880,3,1005
15018,59881,59882,3,1005
15019,59887,59889,3,1030
15020,59884,59891,3,1030
15021,59885,59886,3,1030
15022,59888,59893,3,1030
15023,59901,59903,3,1055
15024,59899,59898,3,1055
15025,59906,59894,3,1055
15026,59902,59904,3,1055
15027,59900,59905,3,1055
15028,59907,59911,3,1055
15029,59908,59912,3,1055
15030,59909,59913,3,1055
15031,59916,59927,3,1080
15032,59937,59928,3,1080
15033,59922,59915,3,1080
15034,59914,59940,3,1080
15035,59926,59918,3,1080
15036,59942,59936,3,1080
15037,59925,59944,3,1080
15038,59941,59920,3,1080
15039,59932,59917,3,1080
15040,59943,59919,3,1080
15041,59934,59935,3,1080
15042,59924,59923,3,1080
15043,59930,59945,3,1080
15044,59933,59946,3,1080
15045,59939,59947,3,1080
15046,59938,59948,3,1080
15047,60005,59985,3,1105
15048,59996,59998,3,1105
15049,59955,60004,3,1105
15050,59984,59976,3,1105
15051,60002,59964,3,1105
15052,59958,59990,3,1105
15053,59971,60001,3,1105
15054,59962,59967,3,1105
15055,59978,59986,3,1105
15056,59991,59999,3,1105
15057,59989,59970,3,1105
15058,59961,59981,3,1105
15059,59994,59982,3,1105
15060,59966,59983,3,1105
15061,59995,59992,3,1105
15062,59951,59953,3,1105
15063,59949,59993,3,1105
15064,59950,59975,3,1105
15065,59957,59952,3,1105
15066,59969,59979,3,1105
15067,60000,59968,3,1105
15068,59956,59980,3,1105
15069,59987,59977,3,1105
15070,59972,59960,3,1105
15071,59988,59954,3,1105
15072,59965,59973,3,1105
15073,60003,59959,3,1105
15074,60006,59997,3,1105
15075,60007,59974,3,1105
15076,60008,59963,3,1105
15077,60009,60011,3,1105
15078,60010,60012,3,1105
15079,60102,60021,3,1130
15080,60018,60084,3,1130
15081,60075,60032,3,1130
15082,60125,60091,3,1130
15083,60058,60049,3,1130
15084,60109,60117,3,1130
15085,60027,60078,3,1130
15086,60094,60134,3,1130
15087,60079,60055,3,1130
15088,60141,60086,3,1130
15089,60019,60015,3,1130
15090,60071,60062,3,1130
15091,60114,60045,3,1130
15092,60129,60063,3,1130
15093,60031,60083,3,1130
15094,60061,60064,3,1130
15095,60076,60068,3,1130
15096,60065,60106,3,1130
15097,60054,60133,3,1130
15098,60107,60051,3,1130
15099,60038,60108,3,1130
15100,60039,60029,3,1130
15101,60082,60140,3,1130
15102,60077,60124,3,1130
15103,60056,60048,3,1130
15104,60024,60116,3,1130
15105,60042,60132,3,1130
15106,60025,60135,3,1130
15107,60053,60035,3,1130
15108,60016,60022,3,1130
15109,60036,60130,3,1130
15110,60095,60080,3,1130
15111,60092,60137,3,1130
15112,60105,60101,3,1130
15113,60028,60118,3,1130
15114,60034,60103,3,1130
15115,60090,60098,3,1130
15116,60088,60037,3,1130
15117,60110,60111,3,1130
15118,60074,60089,3,1130
15119,60112,60070,3,1130
15120,60123,60120,3,1130
15121,60085,60013,3,1130
15122,60069,60014,3,1130
15123,60052,60020,3,1130
15124,60040,60047,3,1130
15125,60043,60046,3,1130
15126,60026,60128,3,1130
15127,60072,60139,3,1130
15128,60081,60100,3,1130
15129,60113,60127,3,1130
15130,60121,60131,3,1130
15131,60059,60066,3,1130
15132,60099,60115,3,1130
15133,60122,60017,3,1130
15134,60073,60138,3,1130
15135,60136,60126,3,1130
15136,60023,60087,3,1130
15137,60030,60096,3,1130
15138,60057,60097,3,1130
15139,60067,60044,3,1130
15140,60033,60142,3,1130
15141,60050,60143,3,1130
15142,60104,60144,3,1130
15143,60247,60322,3,1155
15144,60233,60291,3,1155
15145,60327,60283,3,1155
15146,60273,60320,3,1155
15147,60345,60307,3,1155
15148,60221,60367,3,1155
15149,60171,60340,3,1155
15150,60383,60228,3,1155
15151,60145,60253,3,1155
15152,60326,60308,3,1155
15153,60315,60299,3,1155
15154,60334,60168,3,1155
15155,60165,60166,3,1155
15156,60282,60348,3,1155
15157,60202,60293,3,1155
15158,60371,60361,3,1155
15159,60323,60306,3,1155
15160,60190,60259,3,1155
15161,60341,60156,3,1155
15162,60289,60230,3,1155
15163,60321,60148,3,1155
15164,60226,60372,3,1155
15165,60227,60384,3,1155
15166,60162,60194,3,1155
15167,60173,60174,3,1155
15168,60330,60219,3,1155
15169,60374,60297,3,1155
15170,60296,60154,3,1155
15171,60216,60285,3,1155
15172,60339,60287,3,1155
15173,60352,60336,3,1155
15174,60238,60266,3,1155
15175,60187,60277,3,1155
15176,60353,60281,3,1155
15177,60210,60255,3,1155
15178,60337,60218,3,1155
15179,60180,60224,3,1155
15180,60184,60149,3,1155
15181,60295,60344,3,1155
15182,60377,60220,3,1155
15183,60272,60243,3,1155
15184,60250,60185,3,1155
15185,60217,60328,3,1155
15186,60172,60304,3,1155
15187,60301,60199,3,1155
15188,60380,60246,3,1155
15189,60346,60355,3,1155
15190,60319,60223,3,1155
15191,60160,60316,3,1155
15192,60153,60310,3,1155
15193,60158,60192,3,1155
15194,60189,60274,3,1155
15195,60354,60147,3,1155
15196,60258,60290,3,1155
15197,60324,60343,3,1155
15198,60358,60229,3,1155
15199,60368,60163,3,1155
15200,60254,60248,3,1155
15201,60271,60157,3,1155
15202,60335,60338,3,1155
15203,60188,60252,3,1155
15204,60350,60213,3,1155
15205,60378,60376,3,1155
15206,60240,60159,3,1155
15207,60170,60382,3,1155
15208,60177,60150,3,1155
15209,60275,60161,3,1155
15210,60232,60305,3,1155
15211,60269,60349,3,1155
15212,60265,60379,3,1155
15213,60244,60279,3,1155
15214,60197,60317,3,1155
15215,60182,60313,3,1155
15216,60264,60284,3,1155
15217,60239,60207,3,1155
15218,60286,60236,3,1155
15219,60270,60206,3,1155
15220,60325,60302,3,1155
15221,60356,60200,3,1155
15222,60347,60263,3,1155
15223,60360,60314,3,1155
15224,60225,60203,3,1155
15225,60257,60249,3,1155
15226,60176,60351,3,1155
15227,60155,60366,3,1155
15228,60292,60164,3,1155
15229,60201,60331,3,1155
15230,60300,60181,3,1155
15231,60169,60365,3,1155
15232,60364,60208,3,1155
15233,60241,60375,3,1155
15234,60342,60373,3,1155
15235,60242,60256,3,1155
15236,60151,60179,3,1155
15237,60386,60388,3,1155
15238,60309,60294,3,1155
15239,60262,60303,3,1155
15240,60209,60214,3,1155
15241,60222,60311,3,1155
15242,60235,60385,3,1155
15243,60288,60390,3,1155
15244,60329,60196,3,1155
15245,60231,60191,3,1155
15246,60186,60278,3,1155
15247,60370,60260,3,1155
15248,60333,60261,3,1155
15249,60193,60267,3,1155
15250,60391,60280,3,1155
15251,60392,60183,3,1155
15252,60393,60318,3,1155
15253,60394,60212,3,1155
15254,60395,60332,3,1155
15255,60396,60167,3,1155
15256,60397,60363,3,1155
15257,60398,60178,3,1155
15258,60399,60198,3,1155
15259,60400,60268,3,1155
15260,60401,60357,3,1155
15261,60402,60205,3,1155
15262,60403,60215,3,1155
15263,60404,60146,3,1155
15264,60405,60298,3,1155
15265,60406,60381,3,1155
15266,60407,60204,3,1155
15267,60408,60245,3,1155
15268,60409,60312,3,1155
15269,60410,60362,3,1155
15270,60411,60152,3,1155
15271,60927,60503,3,1180
15272,60639,60695,3,1180
15273,60900,60536,3,1180
15274,60530,60577,3,1180
15275,60662,60773,3,1180
15276,60923,60417,3,1180
15277,60850,60770,3,1180
15278,60906,60867,3,1180
15279,60414,60793,3,1180
15280,60652,60533,3,1180
15281,60856,60432,3,1180
15282,60443,60434,3,1180
15283,60715,60742,3,1180
15284,60875,60904,3,1180
15285,60701,60874,3,1180
15286,60496,60554,3,1180
15287,60777,60830,3,1180
15288,60494,60891,3,1180
15289,60824,60553,3,1180
15290,60817,60514,3,1180
15291,60693,60559,3,1180
15292,60846,60689,3,1180
15293,60587,60457,3,1180
15294,60644,60663,3,1180
15295,60629,60862,3,1180
15296,60567,60741,3,1180
15297,60779,60545,3,1180
15298,60911,60437,3,1180
15299,60807,60764,3,1180
15300,60642,60631,3,1180
15301,60412,60486,3,1180
15302,60760,60669,3,1180
15303,60430,60707,3,1180
15304,60572,60819,3,1180
15305,60499,60915,3,1180
15306,60712,60667,3,1180
15307,60581,60461,3,1180
15308,60763,60930,3,1180
15309,60579,60914,3,1180
15310,60920,60805,3,1180
15311,60596,60594,3,1180
15312,60907,60440,3,1180
15313,60425,60623,3,1180
15314,60687,60679,3,1180
15315,60722,60635,3,1180
15316,60427,60919,3,1180
15317,60865,60569,3,1180
15318,60541,60768,3,1180
15319,60656,60674,3,1180
15320,60568,60787,3,1180
15321,60573,60493,3,1180
15322,60756,60726,3,1180
15323,60845,60681,3,1180
15324,60458,60784,3,1180
15325,60455,60522,3,1180
15326,60921,60728,3,1180
15327,60851,60649,3,1180
15328,60452,60655,3,1180
15329,60878,60866,3,1180
15330,60433,60775,3,1180
15331,60871,60857,3,1180
15332,60848,60882,3,1180
15333,60838,60589,3,1180
15334,60868,60482,3,1180
15335,60643,60686,3,1180
15336,60677,60661,3,1180
15337,60922,60887,3,1180
15338,60765,60497,3,1180
15339,60646,60725,3,1180
15340,60625,60520,3,1180
15341,60716,60637,3,1180
15342,60560,60843,3,1180
15343,60435,60442,3,1180
15344,60441,60931,3,1180
15345,60502,60470,3,1180
15346,60717,60466,3,1180
15347,60529,60666,3,1180
15348,60419,60439,3,1180
15349,60731,60888,3,1180
15350,60791,60834,3,1180
15351,60638,60597,3,1180
15352,60699,60810,3,1180
15353,60515,60413,3,1180
15354,60753,60585,3,1180
15355,60881,60460,3,1180
15356,60905,60861,3,1180
15357,60469,60516,3,1180
15358,60889,60421,3,1180
15359,60446,60648,3,1180
15360,60498,60630,3,1180
15361,60673,60654,3,1180
15362,60605,60692,3,1180
15363,60532,60582,3,1180
15364,60698,60682,3,1180
15365,60690,60423,3,1180
15366,60549,60739,3,1180
15367,60710,60550,3,1180
15368,60706,60708,3,1180
15369,60481,60863,3,1180
15370,60721,60676,3,1180
15371,60853,60551,3,1180
15372,60744,60886,3,1180
15373,60700,60928,3,1180
15374,60908,60792,3,1180
15375,60590,60737,3,1180
15376,60835,60526,3,1180
15377,60600,60506,3,1180
15378,60578,60732,3,1180
15379,60465,60858,3,1180
15380,60621,60854,3,1180
15381,60634,60650,3,1180
15382,60601,60593,3,1180
15383,60558,60837,3,1180
15384,60608,60899,3,1180
15385,60825,60628,3,1180
15386,60519,60504,3,1180
15387,60448,60711,3,1180
15388,60684,60524,3,1180
15389,60733,60575,3,1180
15390,60751,60565,3,1180
15391,60694,60518,3,1180
15392,60864,60822,3,1180
15393,60925,60436,3,1180
15394,60665,60610,3,1180
15395,60563,60653,3,1180
15396,60839,60489,3,1180
15397,60912,60909,3,1180
15398,60818,60580,3,1180
15399,60815,60668,3,1180
15400,60547,60517,3,1180
15401,60552,60757,3,1180
15402,60415,60761,3,1180
15403,60523,60789,3,1180
15404,60444,60566,3,1180
15405,60750,60680,3,1180
15406,60431,60451,3,1180
15407,60827,60603,3,1180
15408,60671,60812,3,1180
15409,60557,60627,3,1180
15410,60893,60678,3,1180
15411,60796,60890,3,1180
15412,60429,60832,3,1180
15413,60485,60873,3,1180
15414,60829,60782,3,1180
15415,60645,60894,3,1180
15416,60859,60424,3,1180
15417,60447,60546,3,1180
15418,60836,60478,3,1180
15419,60607,60658,3,1180
15420,60785,60738,3,1180
15421,60462,60803,3,1180
15422,60790,60618,3,1180
15423,60480,60926,3,1180
15424,60870,60619,3,1180
15425,60420,60727,3,1180
15426,60657,60613,3,1180
15427,60901,60758,3,1180
15428,60672,60511,3,1180
15429,60823,60570,3,1180
15430,60924,60781,3,1180
15431,60426,60450,3,1180
15432,60492,60844,3,1180
15433,60513,60483,3,1180
15434,60624,60729,3,1180
15435,60802,60709,3,1180
15436,60892,60599,3,1180
15437,60561,60564,3,1180
15438,60449,60876,3,1180
15439,60685,60771,3,1180
15440,60488,60574,3,1180
15441,60475,60472,3,1180
15442,60538,60877,3,1180
15443,60501,60788,3,1180
15444,60473,60795,3,1180
15445,60640,60611,3,1180
15446,60809,60804,3,1180
15447,60683,60798,3,1180
15448,60842,60723,3,1180
15449,60754,60459,3,1180
15450,60917,60799,3,1180
15451,60841,60696,3,1180
15452,60617,60884,3,1180
15453,60495,60766,3,1180
15454,60602,60820,3,1180
15455,60831,60576,3,1180
15456,60855,60705,3,1180
15457,60468,60651,3,1180
15458,60453,60916,3,1180
15459,60813,60614,3,1180
15460,60583,60767,3,1180
15461,60806,60913,3,1180
15462,60772,60719,3,1180
15463,60691,60840,3,1180
15464,60929,60849,3,1180
15465,60471,60872,3,1180
15466,60539,60454,3,1180
15467,60821,60509,3,1180
15468,60542,60632,3,1180
15469,60531,60808,3,1180
15470,60641,60898,3,1180
15471,60769,60438,3,1180
15472,60535,60521,3,1180
15473,60688,60670,3,1180
15474,60660,60500,3,1180
15475,60528,60704,3,1180
15476,60778,60713,3,1180
15477,60604,60622,3,1180
15478,60776,60749,3,1180
15479,60474,60786,3,1180
15480,60730,60445,3,1180
15481,60636,60477,3,1180
15482,60484,60548,3,1180
15483,60571,60616,3,1180
15484,60620,60811,3,1180
15485,60562,60464,3,1180
15486,60422,60697,3,1180
15487,60759,60801,3,1180
15488,60508,60736,3,1180
15489,60718,60814,3,1180
15490,60525,60418,3,1180
15491,60591,60896,3,1180
15492,60800,60647,3,1180
15493,60664,60903,3,1180
15494,60556,60543,3,1180
15495,60783,60626,3,1180
15496,60797,60606,3,1180
15497,60883,60826,3,1180
15498,60487,60748,3,1180
15499,60743,60467,3,1180
15500,60491,60747,3,1180
15501,60885,60490,3,1180
15502,60735,60463,3,1180
15503,60724,60752,3,1180
15504,60762,60588,3,1180
15505,60507,60880,3,1180
15506,60869,60633,3,1180
15507,60534,60847,3,1180
15508,60476,60910,3,1180
15509,60537,60932,3,1180
15510,60540,60933,3,1180
15511,60918,60934,3,1180
15512,60609,60935,3,1180
15513,60586,60936,3,1180
15514,60527,60937,3,1180
15515,60428,60938,3,1180
15516,60740,60939,3,1180
15517,60479,60940,3,1180
15518,60584,60941,3,1180
15519,60879,60942,3,1180
15520,60510,60943,3,1180
15521,60702,60944,3,1180
15522,60794,60945,3,1180
15523,60828,60946,3,1180
15524,60780,60947,3,1180
15525,60833,60948,3,1180
15526,60720,60949,3,1180
15527,61437,61278,3,1205
15528,61389,61101,3,1205
15529,61454,61141,3,1205
15530,61136,61551,3,1205
15531,61445,61179,3,1205
15532,61647,60964,3,1205
15533,61315,61596,3,1205
15534,61561,61809,3,1205
15535,61675,61822,3,1205
15536,61500,61644,3,1205
15537,61531,61147,3,1205
15538,61012,61691,3,1205
15539,60969,61862,3,1205
15540,61045,61826,3,1205
15541,61168,61704,3,1205
15542,61723,61571,3,1205
15543,61462,61252,3,1205
15544,61181,61065,3,1205
15545,61517,60983,3,1205
15546,61714,61237,3,1205
15547,61122,61864,3,1205
15548,61396,61794,3,1205
15549,61878,61884,3,1205
15550,61781,61554,3,1205
15551,61501,61844,3,1205
15552,61431,61156,3,1205
15553,61428,61760,3,1205
15554,61545,61299,3,1205
15555,61576,61093,3,1205
15556,61109,61839,3,1205
15557,61656,61721,3,1205
15558,61914,61568,3,1205
15559,61100,61332,3,1205
15560,61099,61344,3,1205
15561,61519,61289,3,1205
15562,61548,61846,3,1205
15563,61682,61041,3,1205
15564,61070,61684,3,1205
15565,61737,61096,3,1205
15566,61964,61550,3,1205
15567,61035,61962,3,1205
15568,61349,61263,3,1205
15569,61927,61872,3,1205
15570,61680,61795,3,1205
15571,61002,61341,3,1205
15572,61027,61420,3,1205
15573,61139,61881,3,1205
15574,61969,60998,3,1205
15575,61200,61797,3,1205
15576,61072,61352,3,1205
15577,61473,61018,3,1205
15578,61923,61940,3,1205
15579,61019,61601,3,1205
15580,61504,60954,3,1205
15581,61460,61725,3,1205
15582,61717,61518,3,1205
15583,61026,61155,3,1205
15584,61818,61399,3,1205
15585,61912,61037,3,1205
15586,61199,61104,3,1205
15587,61231,61759,3,1205
15588,61946,60977,3,1205
15589,61544,60956,3,1205
15590,61498,61329,3,1205
15591,61706,61705,3,1205
15592,61933,61326,3,1205
15593,61936,61909,3,1205
15594,61810,61784,3,1205
15595,61480,61670,3,1205
15596,61604,61842,3,1205
15597,61171,61613,3,1205
15598,61578,61414,3,1205
15599,61689,60960,3,1205
15600,61097,61381,3,1205
15601,61105,61812,3,1205
15602,61380,61322,3,1205
15603,61916,61639,3,1205
15604,60995,61772,3,1205
15605,61766,61356,3,1205
15606,61556,61754,3,1205
15607,61546,61605,3,1205
15608,61712,61022,3,1205
15609,61095,60959,3,1205
15610,61673,61770,3,1205
15611,61522,61159,3,1205
15612,61537,61432,3,1205
15613,61803,61201,3,1205
15614,61672,61132,3,1205
15615,61930,61330,3,1205
15616,61251,61287,3,1205
15617,61180,61447,3,1205
15618,61107,61750,3,1205
15619,61866,61028,3,1205
15620,61624,60972,3,1205
15621,61956,61363,3,1205
15622,61257,61144,3,1205
15623,60975,61157,3,1205
15624,61391,61311,3,1205
15625,61757,61007,3,1205
15626,61313,61030,3,1205
15627,61165,61258,3,1205
15628,61928,61295,3,1205
15629,61899,61752,3,1205
15630,61532,60958,3,1205
15631,61243,61918,3,1205
15632,61129,61743,3,1205
15633,61339,61150,3,1205
15634,61274,61563,3,1205
15635,61913,61260,3,1205
15636,61908,61253,3,1205
15637,61087,61520,3,1205
15638,61505,61698,3,1205
15639,61921,61719,3,1205
15640,61193,61067,3,1205
15641,61889,60967,3,1205
15642,61449,61572,3,1205
15643,61350,61955,3,1205
15644,61060,61135,3,1205
15645,61590,61805,3,1205
15646,61971,61143,3,1205
15647,61481,61952,3,1205
15648,61370,61348,3,1205
15649,61277,61943,3,1205
15650,61184,61269,3,1205
15651,61198,61700,3,1205
15652,61402,61694,3,1205
15653,61636,61951,3,1205
15654,61935,61832,3,1205
15655,61073,61937,3,1205
15656,61569,61882,3,1205
15657,61529,61273,3,1205
15658,61827,61972,3,1205
15659,60974,61401,3,1205
15660,60981,61856,3,1205
15661,60965,61620,3,1205
15662,61511,61493,3,1205
15663,61804,61385,3,1205
15664,61582,61581,3,1205
15665,61623,61376,3,1205
15666,61075,61788,3,1205
15667,61081,61947,3,1205
15668,61079,61926,3,1205
15669,61134,61958,3,1205
15670,61117,61170,3,1205
15671,61825,61422,3,1205
15672,61197,61580,3,1205
15673,61182,61375,3,1205
15674,61169,61039,3,1205
15675,61419,61114,3,1205
15676,61489,61482,3,1205
15677,61021,61126,3,1205
15678,61487,61521,3,1205
15679,61411,61233,3,1205
15680,61192,61423,3,1205
15681,61216,61564,3,1205
15682,61586,61703,3,1205
15683,61166,61751,3,1205
15684,61149,61083,3,1205
15685,61959,61110,3,1205
15686,61455,61753,3,1205
15687,61404,60961,3,1205
15688,61108,61088,3,1205
15689,61598,61016,3,1205
15690,61911,61915,3,1205
15691,61739,61726,3,1205
15692,61666,61853,3,1205
15693,61924,61456,3,1205
15694,61286,61475,3,1205
15695,61154,61773,3,1205
15696,61887,61226,3,1205
15697,61713,61337,3,1205
15698,61798,61621,3,1205
15699,61276,61699,3,1205
15700,61080,60999,3,1205
15701,61609,61250,3,1205
15702,61669,61875,3,1205
15703,61640,61575,3,1205
15704,61787,61868,3,1205
15705,61461,61345,3,1205
15706,61945,61777,3,1205
15707,61746,61309,3,1205
15708,60970,61612,3,1205
15709,61597,61268,3,1205
15710,61406,61208,3,1205
15711,61555,61137,3,1205
15712,61679,61919,3,1205
15713,61316,61219,3,1205
15714,61410,61176,3,1205
15715,61296,61526,3,1205
15716,61478,61711,3,1205
15717,61213,61814,3,1205
15718,61074,61949,3,1205
15719,61607,61246,3,1205
15720,61310,61836,3,1205
15721,61292,61222,3,1205
15722,61645,61587,3,1205
15723,61577,61024,3,1205
15724,61015,61160,3,1205
15725,61033,61248,3,1205
15726,61112,61340,3,1205
15727,60993,61186,3,1205
15728,61932,61716,3,1205
15729,61196,61776,3,1205
15730,61451,61304,3,1205
15731,60987,61902,3,1205
15732,61444,61905,3,1205
15733,61415,61667,3,1205
15734,61637,61335,3,1205
15735,61641,61796,3,1205
15736,61367,61288,3,1205
15737,61973,61282,3,1205
15738,61539,61281,3,1205
15739,61850,61732,3,1205
15740,61854,61123,3,1205
15741,61632,61191,3,1205
15742,61653,61463,3,1205
15743,61530,61433,3,1205
15744,61056,61221,3,1205
15745,61092,61728,3,1205
15746,61312,60971,3,1205
15747,61235,61394,3,1205
15748,61297,61786,3,1205
15749,61004,61852,3,1205
15750,61961,60962,3,1205
15751,60990,61342,3,1205
15752,61459,61014,3,1205
15753,61211,61834,3,1205
15754,61071,61894,3,1205
15755,61681,61652,3,1205
15756,61922,61968,3,1205
15757,61630,61300,3,1205
15758,61417,61888,3,1205
15759,61702,61957,3,1205
15760,61807,61499,3,1205
15761,61334,61390,3,1205
15762,61547,61574,3,1205
15763,61321,61360,3,1205
15764,60991,61161,3,1205
15765,61764,61386,3,1205
15766,61841,61897,3,1205
15767,61205,61507,3,1205
15768,61646,61910,3,1205
15769,61731,61747,3,1205
15770,61642,61378,3,1205
15771,61106,61758,3,1205
15772,61848,61631,3,1205
15773,61261,61514,3,1205
15774,61187,61938,3,1205
15775,61819,61931,3,1205
15776,61175,61229,3,1205
15777,61203,60997,3,1205
15778,61585,61372,3,1205
15779,61210,61440,3,1205
15780,61111,61051,3,1205
15781,61164,61013,3,1205
15782,61283,61047,3,1205
15783,61503,61446,3,1205
15784,61907,61119,3,1205
15785,61792,61579,3,1205
15786,61220,61557,3,1205
15787,61369,61443,3,1205
15788,61265,61023,3,1205
15789,61061,61430,3,1205
15790,61941,61967,3,1205
15791,61892,61418,3,1205
15792,61677,61131,3,1205
15793,61775,61701,3,1205
15794,61618,61816,3,1205
15795,61063,61543,3,1205
15796,61755,61145,3,1205
15797,61676,61735,3,1205
15798,61880,61215,3,1205
15799,61540,61362,3,1205
15800,61151,61062,3,1205
15801,61438,61858,3,1205
15802,61388,61861,3,1205
15803,61588,61528,3,1205
15804,61458,61490,3,1205
15805,61084,61347,3,1205
15806,61416,61124,3,1205
15807,61904,61318,3,1205
15808,61374,61158,3,1205
15809,61082,61573,3,1205
15810,61025,61271,3,1205
15811,61768,61508,3,1205
15812,61657,61944,3,1205
15813,61534,61515,3,1205
15814,61929,60982,3,1205
15815,61533,61206,3,1205
15816,61898,61008,3,1205
15817,61377,61212,3,1205
15818,61740,61660,3,1205
15819,61280,61736,3,1205
15820,61146,61328,3,1205
15821,61722,61765,3,1205
15822,61552,61234,3,1205
15823,61153,61965,3,1205
15824,61876,61066,3,1205
15825,61103,61565,3,1205
15826,61643,61665,3,1205
15827,61162,61190,3,1205
15828,61562,61600,3,1205
15829,61427,61877,3,1205
15830,61783,61483,3,1205
15831,61057,61815,3,1205
15832,61617,61405,3,1205
15833,61442,61174,3,1205
15834,61364,61769,3,1205
15835,60978,61368,3,1205
15836,61138,61346,3,1205
15837,61409,61953,3,1205
15838,61789,61658,3,1205
15839,61239,61509,3,1205
15840,61116,61448,3,1205
15841,61172,61650,3,1205
15842,61120,61874,3,1205
15843,61272,61470,3,1205
15844,61763,61662,3,1205
15845,61674,61052,3,1205
15846,61602,61628,3,1205
15847,61603,61560,3,1205
15848,61127,61140,3,1205
15849,61032,61209,3,1205
15850,61494,61006,3,1205
15851,61090,61049,3,1205
15852,61745,61397,3,1205
15853,61840,61228,3,1205
15854,61686,61465,3,1205
15855,61828,60957,3,1205
15856,60952,61382,3,1205
15857,61392,61434,3,1205
15858,61407,61452,3,1205
15859,61917,61068,3,1205
15860,61510,61583,3,1205
15861,61906,61869,3,1205
15862,61194,61320,3,1205
15863,60989,61398,3,1205
15864,61333,61896,3,1205
15865,61177,61435,3,1205
15866,61317,61622,3,1205
15867,61102,61690,3,1205
15868,60985,61549,3,1205
15869,61361,61046,3,1205
15870,61845,61730,3,1205
15871,61302,61357,3,1205
15872,61806,61687,3,1205
15873,61359,61900,3,1205
15874,61343,61696,3,1205
15875,61749,61833,3,1205
15876,61661,61284,3,1205
15877,61648,61298,3,1205
15878,61043,61960,3,1205
15879,61948,61450,3,1205
15880,61525,61319,3,1205
15881,60968,61285,3,1205
15882,61614,61255,3,1205
15883,61838,61242,3,1205
15884,61053,61553,3,1205
15885,61821,61232,3,1205
15886,61227,61774,3,1205
15887,61247,61591,3,1205
15888,61497,61535,3,1205
15889,61939,61859,3,1205
15890,61800,61727,3,1205
15891,61294,61167,3,1205
15892,61625,61491,3,1205
15893,61338,61003,3,1205
15894,61275,61323,3,1205
15895,61472,61476,3,1205
15896,61502,61863,3,1205
15897,61010,61592,3,1205
15898,61279,61715,3,1205
15899,61331,61365,3,1205
15900,61860,61291,3,1205
15901,60963,61009,3,1205
15902,61824,61589,3,1205
15903,61970,61040,3,1205
15904,61387,61204,3,1205
15905,61267,61121,3,1205
15906,61468,61708,3,1205
15907,61379,60994,3,1205
15908,61615,61843,3,1205
15909,61307,61086,3,1205
15910,61488,61064,3,1205
15911,61538,61734,3,1205
15912,61366,61649,3,1205
15913,61484,61693,3,1205
15914,61780,61629,3,1205
15915,61207,61697,3,1205
15916,61351,61189,3,1205
15917,61336,60992,3,1205
15918,61820,61683,3,1205
15919,61883,61506,3,1205
15920,61011,61148,3,1205
15921,61779,61626,3,1205
15922,61542,61616,3,1205
15923,60955,61608,3,1205
15924,61094,61873,3,1205
15925,61327,61512,3,1205
15926,61790,61847,3,1205
15927,61654,61058,3,1205
15928,61042,61264,3,1205
15929,61659,61085,3,1205
15930,61671,61492,3,1205
15931,61733,61038,3,1205
15932,61017,61178,3,1205
15933,61185,61692,3,1205
15934,61078,61256,3,1205
15935,61813,61893,3,1205
15936,61223,61371,3,1205
15937,60988,61244,3,1205
15938,61354,61655,3,1205
15939,61113,61457,3,1205
15940,61741,61469,3,1205
15941,61664,61036,3,1205
15942,61635,61254,3,1205
15943,61214,61054,3,1205
15944,61524,61707,3,1205
15945,61709,61421,3,1205
15946,61831,61358,3,1205
15947,61849,61801,3,1205
15948,61118,61429,3,1205
15949,61441,61000,3,1205
15950,61128,61799,3,1205
15951,61627,61044,3,1205
15952,61857,60979,3,1205
15953,61663,61034,3,1205
15954,61966,61262,3,1205
15955,61305,61593,3,1205
15956,61466,61240,3,1205
15957,61308,61851,3,1205
15958,61306,61817,3,1205
15959,61355,61791,3,1205
15960,61785,61651,3,1205
15961,61125,61403,3,1205
15962,61467,61325,3,1205
15963,61249,61353,3,1205
15964,61163,61230,3,1205
15965,61048,61767,3,1205
15966,61527,61633,3,1205
15967,61173,61412,3,1205
15968,61879,61668,3,1205
15969,61217,61183,3,1205
15970,61762,60976,3,1205
15971,61238,61942,3,1205
15972,61782,61950,3,1205
15973,61408,61133,3,1205
15974,61855,61324,3,1205
15975,61793,61570,3,1205
15976,61393,61383,3,1205
15977,61871,61395,3,1205
15978,61218,61142,3,1205
15979,61895,61566,3,1205
15980,61729,61195,3,1205
15981,61610,61710,3,1205
15982,60966,61619,3,1205
15983,61756,61020,3,1205
15984,60984,61076,3,1205
15985,61241,61031,3,1205
15986,61901,61738,3,1205
15987,60980,61130,3,1205
15988,60973,61771,3,1205
15989,61400,61744,3,1205
15990,61829,61471,3,1205
15991,61934,61301,3,1205
15992,61059,61464,3,1205
15993,61837,61685,3,1205
15994,61802,61479,3,1205
15995,60986,61005,3,1205
15996,61823,61720,3,1205
15997,60953,61595,3,1205
15998,61718,61485,3,1205
15999,61599,61439,3,1205
16000,61830,61425,3,1205
16001,61001,61688,3,1205
16002,61266,61474,3,1205
16003,61890,61293,3,1205
16004,61567,61925,3,1205
16005,61188,61724,3,1205
16006,61638,61224,3,1205
16007,61050,61089,3,1205
16008,61761,61808,3,1205
16009,61426,61584,3,1205
16010,61314,61870,3,1205
16011,61811,61954,3,1205
16012,61634,61413,3,1205
16013,61778,61611,3,1205
16014,61606,61678,3,1205
16015,61867,61225,3,1205
16016,61865,61202,3,1205
16017,61436,61523,3,1205
16018,61077,61069,3,1205
16019,61495,61384,3,1205
16020,61920,61115,3,1205
16021,61270,61891,3,1205
16022,61055,61513,3,1205
16023,61516,61245,3,1205
16024,61236,61424,3,1205
16025,61742,61496,3,1205
16026,61303,61558,3,1205
16027,62978,62345,3,1230
16028,62150,62085,3,1230
16029,62774,63899,3,1230
16030,63768,62435,3,1230
16031,63010,62181,3,1230
16032,63216,63647,3,1230
16033,62575,62627,3,1230
16034,62515,63075,3,1230
16035,62681,62453,3,1230
16036,62674,62463,3,1230
16037,62019,62266,3,1230
16038,63571,63793,3,1230
16039,62195,62865,3,1230
16040,63648,62612,3,1230
16041,62242,62611,3,1230
16042,63358,63876,3,1230
16043,62478,63014,3,1230
16044,62557,63710,3,1230
16045,62639,63360,3,1230
16046,62870,63878,3,1230
16047,63256,62986,3,1230
16048,62330,62212,3,1230
16049,61982,63708,3,1230
16050,63853,63769,3,1230
16051,63252,63869,3,1230
16052,63258,63613,3,1230
16053,62078,62015,3,1230
16054,62307,63475,3,1230
16055,62935,62238,3,1230
16056,62230,63451,3,1230
16057,62786,63735,3,1230
16058,62793,62264,3,1230
16059,62493,62409,3,1230
16060,62152,63181,3,1230
16061,63538,62939,3,1230
16062,63697,62160,3,1230
16063,63386,62001,3,1230
16064,63615,62253,3,1230
16065,63762,62219,3,1230
16066,62450,62221,3,1230
16067,63321,62166,3,1230
16068,63431,63604,3,1230
16069,61976,63035,3,1230
16070,62696,62697,3,1230
16071,62850,63391,3,1230
16072,62889,63636,3,1230
16073,61990,63875,3,1230
16074,62541,63021,3,1230
16075,63267,62668,3,1230
16076,62539,62477,3,1230
16077,63333,63611,3,1230
16078,63700,63474,3,1230
16079,63929,62273,3,1230
16080,62783,61979,3,1230
16081,62808,62896,3,1230
16082,63243,62462,3,1230
16083,63834,62760,3,1230
16084,63289,63291,3,1230
16085,62380,63094,3,1230
16086,62582,63092,3,1230
16087,63099,62079,3,1230
16088,63802,63034,3,1230
16089,62703,62308,3,1230
16090,63687,63045,3,1230
16091,62551,63785,3,1230
16092,62751,62097,3,1230
16093,62357,62091,3,1230
16094,63836,62038,3,1230
16095,63018,63090,3,1230
16096,62400,63600,3,1230
16097,63286,63740,3,1230
16098,63873,62050,3,1230
16099,63640,62825,3,1230
16100,62191,62325,3,1230
16101,62560,62633,3,1230
16102,63751,63281,3,1230
16103,63384,63190,3,1230
16104,62296,62008,3,1230
16105,63348,62864,3,1230
16106,63299,63698,3,1230
16107,63361,63006,3,1230
16108,62088,63590,3,1230
16109,63927,62465,3,1230
16110,62267,62445,3,1230
16111,63189,62250,3,1230
16112,62172,62726,3,1230
16113,62872,63325,3,1230
16114,61986,63486,3,1230
16115,62615,63007,3,1230
16116,62173,63421,3,1230
16117,62115,63657,3,1230
16118,62270,63749,3,1230
16119,63579,62748,3,1230
16120,63622,62869,3,1230
16121,63280,62857,3,1230
16122,62324,63188,3,1230
16123,62585,62143,3,1230
16124,63889,62845,3,1230
16125,62280,63002,3,1230
16126,62795,63197,3,1230
16127,62120,63371,3,1230
16128,63112,62834,3,1230
16129,63803,63364,3,1230
16130,63193,63847,3,1230
16131,62482,63440,3,1230
16132,62624,63865,3,1230
16133,63568,62759,3,1230
16134,62044,62378,3,1230
16135,62646,63357,3,1230
16136,62431,63743,3,1230
16137,62086,62157,3,1230
16138,62320,62194,3,1230
16139,63236,63851,3,1230
16140,63347,63765,3,1230
16141,62276,62123,3,1230
16142,62381,63621,3,1230
16143,63132,62643,3,1230
16144,63525,63857,3,1230
16145,62198,62377,3,1230
16146,62121,63481,3,1230
16147,62980,62004,3,1230
16148,63158,62388,3,1230
16149,62114,62706,3,1230
16150,62042,63954,3,1230
16151,63350,62190,3,1230
16152,63684,62807,3,1230
16153,62285,62846,3,1230
16154,63907,62351,3,1230
16155,62167,62913,3,1230
16156,63952,62928,3,1230
16157,63526,62712,3,1230
16158,62517,63920,3,1230
16159,62471,63900,3,1230
16160,62652,62133,3,1230
16161,62023,62359,3,1230
16162,62590,63367,3,1230
16163,62835,62561,3,1230
16164,63548,62220,3,1230
16165,62784,62192,3,1230
16166,62642,63880,3,1230
16167,63338,63307,3,1230
16168,63626,62565,3,1230
16169,62829,63125,3,1230
16170,62669,63947,3,1230
16171,63872,63505,3,1230
16172,62924,62989,3,1230
16173,62025,63959,3,1230
16174,62233,62607,3,1230
16175,63030,62010,3,1230
16176,63279,63478,3,1230
16177,62534,62723,3,1230
16178,62544,62694,3,1230
16179,62418,62068,3,1230
16180,63111,62066,3,1230
16181,62243,63352,3,1230
16182,63257,63201,3,1230
16183,63432,62531,3,1230
16184,62915,63438,3,1230
16185,62352,62881,3,1230
16186,63150,63323,3,1230
16187,63303,63295,3,1230
16188,63767,62519,3,1230
16189,63535,62154,3,1230
16190,61980,62923,3,1230
16191,63635,63091,3,1230
16192,63349,63649,3,1230
16193,63801,62975,3,1230
16194,63177,62815,3,1230
16195,63225,62536,3,1230
16196,62584,61992,3,1230
16197,62245,63624,3,1230
16198,62750,63241,3,1230
16199,62366,62504,3,1230
16200,62903,63449,3,1230
16201,62792,62348,3,1230
16202,63724,62650,3,1230
16203,63623,62375,3,1230
16204,62486,63103,3,1230
16205,63933,63701,3,1230
16206,63098,62427,3,1230
16207,62743,63184,3,1230
16208,62014,62393,3,1230
16209,62619,62595,3,1230
16210,63498,63791,3,1230
16211,63675,63854,3,1230
16212,62823,62802,3,1230
16213,62062,63463,3,1230
16214,63426,63182,3,1230
16215,63262,63100,3,1230
16216,63068,63531,3,1230
16217,62262,63683,3,1230
16218,62197,62522,3,1230
16219,62231,63555,3,1230
16220,62844,63797,3,1230
16221,63490,62094,3,1230
16222,62516,62303,3,1230
16223,62856,63595,3,1230
16224,63545,63082,3,1230
16225,62196,62125,3,1230
16226,62129,63543,3,1230
16227,63747,63406,3,1230
16228,62950,62081,3,1230
16229,62614,62926,3,1230
16230,62227,63610,3,1230
16231,62116,62628,3,1230
16232,62146,63549,3,1230
16233,62271,63164,3,1230
16234,63917,63337,3,1230
16235,62479,63576,3,1230
16236,62873,63254,3,1230
16237,62337,63823,3,1230
16238,63745,63641,3,1230
16239,63306,62063,3,1230
16240,62064,63442,3,1230
16241,62211,62417,3,1230
16242,62338,63658,3,1230
16243,63163,63053,3,1230
16244,61975,63200,3,1230
16245,62254,63388,3,1230
16246,63329,62237,3,1230
16247,62229,63887,3,1230
16248,63422,63087,3,1230
16249,63137,62140,3,1230
16250,63817,63469,3,1230
16251,62438,62670,3,1230
16252,63394,63250,3,1230
16253,63537,62122,3,1230
16254,62933,62466,3,1230
16255,62518,63230,3,1230
16256,63850,63832,3,1230
16257,63070,62754,3,1230
16258,63310,62379,3,1230
16259,63932,62894,3,1230
16260,63707,63062,3,1230
16261,62298,62128,3,1230
16262,62041,63786,3,1230
16263,62579,63682,3,1230
16264,63605,62501,3,1230
16265,63443,63183,3,1230
16266,62424,63025,3,1230
16267,63073,63028,3,1230
16268,62170,63130,3,1230
16269,63168,62333,3,1230
16270,63415,63114,3,1230
16271,62818,62398,3,1230
16272,63354,62552,3,1230
16273,62442,62009,3,1230
16274,63409,62224,3,1230
16275,62821,63142,3,1230
16276,63551,63496,3,1230
16277,63378,63274,3,1230
16278,62663,62553,3,1230
16279,62037,63599,3,1230
16280,63619,62678,3,1230
16281,62259,62347,3,1230
16282,62428,63663,3,1230
16283,62524,63288,3,1230
16284,63930,63041,3,1230
16285,63179,63706,3,1230
16286,63646,62658,3,1230
16287,63855,62098,3,1230
16288,62439,62992,3,1230
16289,63037,62907,3,1230
16290,63506,62030,3,1230
16291,62991,63716,3,1230
16292,62069,62648,3,1230
16293,63550,63027,3,1230
16294,63581,62620,3,1230
16295,63115,63713,3,1230
16296,62299,62500,3,1230
16297,63251,63418,3,1230
16298,62967,63109,3,1230
16299,63173,63918,3,1230
16300,62382,63828,3,1230
16301,63072,62132,3,1230
16302,62599,62369,3,1230
16303,63559,63435,3,1230
16304,63296,63946,3,1230
16305,63148,62055,3,1230
16306,62806,63632,3,1230
16307,63165,63278,3,1230
16308,63796,63692,3,1230
16309,62984,63879,3,1230
16310,63728,62957,3,1230
16311,63283,63960,3,1230
16312,63902,63650,3,1230
16313,62284,63841,3,1230
16314,62514,62563,3,1230
16315,62752,62395,3,1230
16316,62592,62616,3,1230
16317,63509,62315,3,1230
16318,63147,62880,3,1230
16319,62084,63120,3,1230
16320,62241,62467,3,1230
16321,63678,63829,3,1230
16322,62319,62988,3,1230
16323,62931,63040,3,1230
16324,63436,63276,3,1230
16325,62056,63617,3,1230
16326,63515,63204,3,1230
16327,62842,63516,3,1230
16328,63558,63532,3,1230
16329,62569,63304,3,1230
16330,62816,62480,3,1230
16331,62142,63524,3,1230
16332,63268,62666,3,1230
16333,62679,63906,3,1230
16334,62363,63001,3,1230
16335,62458,62882,3,1230
16336,62027,62208,3,1230
16337,62969,63387,3,1230
16338,62530,63694,3,1230
16339,62429,63033,3,1230
16340,63896,62994,3,1230
16341,62698,63561,3,1230
16342,63015,63502,3,1230
16343,63048,63676,3,1230
16344,62013,63301,3,1230
16345,62798,62777,3,1230
16346,62060,63842,3,1230
16347,63159,62209,3,1230
16348,62483,62396,3,1230
16349,62868,63107,3,1230
16350,63812,63161,3,1230
16351,63544,63455,3,1230
16352,62891,63155,3,1230
16353,62437,63066,3,1230
16354,63203,62533,3,1230
16355,62827,62131,3,1230
16356,63049,63789,3,1230
16357,62218,63944,3,1230
16358,62549,63862,3,1230
16359,63688,62546,3,1230
16360,63521,62447,3,1230
16361,63404,63585,3,1230
16362,62416,63898,3,1230
16363,62836,63410,3,1230
16364,62105,62739,3,1230
16365,63643,62272,3,1230
16366,62391,62953,3,1230
16367,63939,63265,3,1230
16368,63298,63671,3,1230
16369,62136,63631,3,1230
16370,63536,63071,3,1230
16371,62911,63067,3,1230
16372,62810,61983,3,1230
16373,62559,62699,3,1230
16374,62148,62537,3,1230
16375,62258,63219,3,1230
16376,62406,63141,3,1230
16377,63405,62867,3,1230
16378,63244,62051,3,1230
16379,63063,63695,3,1230
16380,63264,62057,3,1230
16381,63305,63736,3,1230
16382,62207,63126,3,1230
16383,63893,63577,3,1230
16384,63592,63711,3,1230
16385,63214,62384,3,1230
16386,63810,62542,3,1230
16387,63787,63169,3,1230
16388,63480,63379,3,1230
16389,63448,62721,3,1230
16390,62035,63363,3,1230
16391,63733,62185,3,1230
16392,62488,63642,3,1230
16393,63703,63818,3,1230
16394,63224,63776,3,1230
16395,62350,62617,3,1230
16396,63054,63084,3,1230
16397,62955,62729,3,1230
16398,62791,63343,3,1230
16399,63316,62755,3,1230
16400,62589,61978,3,1230
16401,62937,62768,3,1230
16402,63217,62764,3,1230
16403,62306,63482,3,1230
16404,62370,63738,3,1230
16405,62358,62744,3,1230
16406,62295,62675,3,1230
16407,62362,62175,3,1230
16408,62965,62390,3,1230
16409,62580,62779,3,1230
16410,62408,62340,3,1230
16411,62108,63185,3,1230
16412,62510,62353,3,1230
16413,62336,62200,3,1230
16414,63696,62763,3,1230
16415,63522,62859,3,1230
16416,62343,62341,3,1230
16417,63433,63336,3,1230
16418,62641,62789,3,1230
16419,63029,63275,3,1230
16420,63016,63911,3,1230
16421,62505,63890,3,1230
16422,62288,62032,3,1230
16423,63353,62892,3,1230
16424,63527,62096,3,1230
16425,62441,62719,3,1230
16426,62421,63152,3,1230
16427,63223,63447,3,1230
16428,62604,62790,3,1230
16429,62176,62012,3,1230
16430,62011,63540,3,1230
16431,62684,62709,3,1230
16432,63140,62622,3,1230
16433,63541,63081,3,1230
16434,63795,62725,3,1230
16435,63260,63445,3,1230
16436,63499,63104,3,1230
16437,62651,63618,3,1230
16438,63504,62102,3,1230
16439,63439,63596,3,1230
16440,63958,63131,3,1230
16441,63582,63366,3,1230
16442,63705,62749,3,1230
16443,63284,62327,3,1230
16444,62189,63488,3,1230
16445,63194,62089,3,1230
16446,62112,63038,3,1230
16447,62110,63143,3,1230
16448,63457,62972,3,1230
16449,63222,63931,3,1230
16450,62187,62958,3,1230
16451,63377,62930,3,1230
16452,63240,63529,3,1230
16453,63744,63673,3,1230
16454,62422,62043,3,1230
16455,62548,62485,3,1230
16456,63108,63315,3,1230
16457,62577,63206,3,1230
16458,62461,62331,3,1230
16459,63891,62855,3,1230
16460,62526,63666,3,1230
16461,62117,63922,3,1230
16462,63319,62997,3,1230
16463,62080,62683,3,1230
16464,63609,62568,3,1230
16465,62788,62581,3,1230
16466,63860,62399,3,1230
16467,62594,62291,3,1230
16468,63359,62630,3,1230
16469,63546,62111,3,1230
16470,62740,63820,3,1230
16471,63105,63764,3,1230
16472,62113,63485,3,1230
16473,63009,62397,3,1230
16474,63940,61995,3,1230
16475,62355,63500,3,1230
16476,63562,63530,3,1230
16477,62811,62054,3,1230
16478,62554,63413,3,1230
16479,62058,62540,3,1230
16480,63843,62940,3,1230
16481,62476,62503,3,1230
16482,63176,63788,3,1230
16483,63218,63326,3,1230
16484,62693,63905,3,1230
16485,63759,63385,3,1230
16486,63402,62342,3,1230
16487,62843,62932,3,1230
16488,62564,63670,3,1230
16489,62545,63441,3,1230
16490,62005,63175,3,1230
16491,62993,63935,3,1230
16492,63844,62202,3,1230
16493,63570,62948,3,1230
16494,62387,62603,3,1230
16495,62899,63679,3,1230
16496,63122,62334,3,1230
16497,62177,62246,3,1230
16498,62274,63651,3,1230
16499,63868,62061,3,1230
16500,63088,63285,3,1230
16501,63144,63804,3,1230
16502,65882,65883,4,1025
16503,65882,65883,4,1005
16504,65884,65885,4,1005
16505,65886,65889,4,1030
16506,65890,65893,4,1030
16507,65888,65892,4,1030
16508,65894,65887,4,1030
16509,65897,65901,4,1055
16510,65902,65904,4,1055
16511,65896,65899,4,1055
16512,65900,65895,4,1055
16513,65903,65906,4,1055
16514,65905,65908,4,1055
16515,65898,65909,4,1055
16516,65907,65910,4,1055
16517,65927,65941,4,1080
16518,65916,65919,4,1080
16519,65914,65917,4,1080
16520,65936,65924,4,1080
16521,65930,65912,4,1080
16522,65925,65937,4,1080
16523,65934,65911,4,1080
16524,65918,65913,4,1080
16525,65926,65940,4,1080
16526,65932,65939,4,1080
16527,65935,65915,4,1080
16528,65933,65923,4,1080
16529,65922,65929,4,1080
16530,65921,65931,4,1080
16531,65928,65938,4,1080
16532,65920,65942,4,1080
16533,65968,65945,4,1105
16534,65961,65951,4,1105
16535,65986,66004,4,1105
16536,65993,65964,4,1105
16537,65980,65974,4,1105
16538,65970,65969,4,1105
16539,65966,65991,4,1105
16540,65958,65994,4,1105
16541,65946,65960,4,1105
16542,65957,65967,4,1105
16543,65948,65950,4,1105
16544,65973,65984,4,1105
16545,65989,65996,4,1105
16546,65976,65952,4,1105
16547,65983,66000,4,1105
16548,65987,65962,4,1105
16549,65963,66002,4,1105
16550,65959,65971,4,1105
16551,65972,65956,4,1105
16552,65997,65992,4,1105
16553,65985,65965,4,1105
16554,65999,65977,4,1105
16555,65990,65978,4,1105
16556,66005,65947,4,1105
16557,65988,65953,4,1105
16558,65975,66001,4,1105
16559,65995,65998,4,1105
16560,65943,66006,4,1105
16561,66003,66007,4,1105
16562,65949,66008,4,1105
16563,65944,66009,4,1105
16564,65954,66010,4,1105
16565,66075,66054,4,1130
16566,66038,66076,4,1130
16567,66037,66023,4,1130
16568,66078,66042,4,1130
16569,66129,66080,4,1130
16570,66084,66089,4,1130
16571,66056,66113,4,1130
16572,66127,66016,4,1130
16573,66085,66073,4,1130
16574,66018,66019,4,1130
16575,66120,66030,4,1130
16576,66017,66026,4,1130
16577,66024,66029,4,1130
16578,66051,66025,4,1130
16579,66094,66102,4,1130
16580,66139,66044,4,1130
16581,66062,66033,4,1130
16582,66117,66128,4,1130
16583,66066,66081,4,1130
16584,66061,66049,4,1130
16585,66095,66105,4,1130
16586,66101,66131,4,1130
16587,66124,66072,4,1130
16588,66133,66134,4,1130
16589,66096,66015,4,1130
16590,66034,66100,4,1130
16591,66125,66112,4,1130
16592,66036,66106,4,1130
16593,66041,66011,4,1130
16594,66083,66028,4,1130
16595,66012,66039,4,1130
16596,66116,66055,4,1130
16597,66093,66069,4,1130
16598,66088,66136,4,1130
16599,66130,66058,4,1130
16600,66137,66119,4,1130
16601,66032,66114,4,1130
16602,66107,66121,4,1130
16603,66132,66048,4,1130
16604,66022,66138,4,1130
16605,66035,66109,4,1130
16606,66098,66064,4,1130
16607,66050,66020,4,1130
16608,66115,66047,4,1130
16609,66103,66074,4,1130
16610,66099,66013,4,1130
16611,66031,66060,4,1130
16612,66090,66091,4,1130
16613,66118,66082,4,1130
16614,66135,66108,4,1130
16615,66027,66052,4,1130
16616,66067,66141,4,1130
16617,66086,66142,4,1130
16618,66065,66143,4,1130
16619,66087,66144,4,1130
16620,66063,66145,4,1130
16621,66126,66146,4,1130
16622,66140,66147,4,1130
16623,66059,66148,4,1130
16624,66045,66149,4,1130
16625,66092,66150,4,1130
16626,66053,66151,4,1130
16627,66071,66152,4,1130
16628,66123,66153,4,1130
16629,66363,66283,4,1155
16630,66265,66381,4,1155
16631,66400,66362,4,1155
16632,66251,66382,4,1155
16633,66257,66347,4,1155
16634,66200,66258,4,1155
16635,66333,66309,4,1155
16636,66230,66351,4,1155
16637,66163,66240,4,1155
16638,66188,66287,4,1155
16639,66214,66401,4,1155
16640,66324,66211,4,1155
16641,66218,66298,4,1155
16642,66256,66162,4,1155
16643,66294,66379,4,1155
16644,66344,66365,4,1155
16645,66204,66395,4,1155
16646,66217,66406,4,1155
16647,66355,66215,4,1155
16648,66386,66397,4,1155
16649,66405,66172,4,1155
16650,66262,66410,4,1155
16651,66267,66376,4,1155
16652,66175,66371,4,1155
16653,66174,66290,4,1155
16654,66275,66216,4,1155
16655,66202,66270,4,1155
16656,66354,66223,4,1155
16657,66220,66168,4,1155
16658,66374,66297,4,1155
16659,66185,66165,4,1155
16660,66404,66171,4,1155
16661,66249,66226,4,1155
16662,66212,66210,4,1155
16663,66154,66341,4,1155
16664,66173,66229,4,1155
16665,66247,66269,4,1155
16666,66233,66166,4,1155
16667,66213,66335,4,1155
16668,66195,66326,4,1155
16669,66206,66342,4,1155
16670,66242,66264,4,1155
16671,66227,66388,4,1155
16672,66197,66228,4,1155
16673,66289,66231,4,1155
16674,66157,66340,4,1155
16675,66301,66192,4,1155
16676,66385,66201,4,1155
16677,66349,66367,4,1155
16678,66277,66248,4,1155
16679,66179,66361,4,1155
16680,66322,66221,4,1155
16681,66158,66366,4,1155
16682,66334,66389,4,1155
16683,66184,66396,4,1155
16684,66353,66278,4,1155
16685,66339,66328,4,1155
16686,66219,66235,4,1155
16687,66180,66304,4,1155
16688,66318,66317,4,1155
16689,66176,66372,4,1155
16690,66272,66286,4,1155
16691,66313,66391,4,1155
16692,66246,66315,4,1155
16693,66364,66346,4,1155
16694,66369,66244,4,1155
16695,66205,66311,4,1155
16696,66375,66170,4,1155
16697,66241,66191,4,1155
16698,66243,66209,4,1155
16699,66161,66282,4,1155
16700,66187,66167,4,1155
16701,66357,66403,4,1155
16702,66384,66308,4,1155
16703,66325,66281,4,1155
16704,66164,66383,4,1155
16705,66198,66186,4,1155
16706,66260,66394,4,1155
16707,66370,66234,4,1155
16708,66312,66292,4,1155
16709,66276,66373,4,1155
16710,66193,66295,4,1155
16711,66296,66224,4,1155
16712,66238,66390,4,1155
16713,66245,66348,4,1155
16714,66196,66207,4,1155
16715,66316,66329,4,1155
16716,66321,66199,4,1155
16717,66323,66380,4,1155
16718,66190,66338,4,1155
16719,66345,66360,4,1155
16720,66189,66352,4,1155
16721,66250,66253,4,1155
16722,66156,66299,4,1155
16723,66378,66194,4,1155
16724,66320,66181,4,1155
16725,66271,66239,4,1155
16726,66284,66399,4,1155
16727,66236,66303,4,1155
16728,66307,66336,4,1155
16729,66159,66274,4,1155
16730,66291,66208,4,1155
16731,66327,66232,4,1155
16732,66263,66314,4,1155
16733,66330,66273,4,1155
16734,66259,66183,4,1155
16735,66408,66155,4,1155
16736,66222,66254,4,1155
16737,66177,66182,4,1155
16738,66393,66169,4,1155
16739,66305,66293,4,1155
16740,66288,66359,4,1155
16741,66332,66358,4,1155
16742,66409,66160,4,1155
16743,66387,66237,4,1155
16744,66356,66266,4,1155
16745,66178,66350,4,1155
16746,66407,66268,4,1155
16747,66225,66398,4,1155
16748,66331,66279,4,1155
16749,66280,66252,4,1155
16750,66368,66302,4,1155
16751,66306,66285,4,1155
16752,66261,66300,4,1155
16753,66402,66337,4,1155
16754,66203,66377,4,1155
16755,66411,66392,4,1155
16756,66412,66343,4,1155
16757,66472,66910,4,1180
16758,66555,66567,4,1180
16759,66754,66804,4,1180
16760,66447,66826,4,1180
16761,66729,66846,4,1180
16762,66669,66663,4,1180
16763,66767,66886,4,1180
16764,66841,66448,4,1180
16765,66832,66808,4,1180
16766,66917,66660,4,1180
16767,66697,66749,4,1180
16768,66593,66774,4,1180
16769,66430,66782,4,1180
16770,66685,66624,4,1180
16771,66611,66687,4,1180
16772,66911,66654,4,1180
16773,66498,66435,4,1180
16774,66629,66715,4,1180
16775,66860,66417,4,1180
16776,66688,66711,4,1180
16777,66470,66640,4,1180
16778,66614,66865,4,1180
16779,66790,66901,4,1180
16780,66600,66617,4,1180
16781,66689,66708,4,1180
16782,66818,66462,4,1180
16783,66680,66540,4,1180
16784,66423,66493,4,1180
16785,66524,66885,4,1180
16786,66922,66778,4,1180
16787,66538,66468,4,1180
16788,66691,66549,4,1180
16789,66755,66558,4,1180
16790,66854,66559,4,1180
16791,66578,66902,4,1180
16792,66416,66909,4,1180
16793,66707,66706,4,1180
16794,66891,66635,4,1180
16795,66463,66537,4,1180
16796,66694,66858,4,1180
16797,66753,66829,4,1180
16798,66712,66631,4,1180
16799,66927,66899,4,1180
16800,66420,66847,4,1180
16801,66907,66652,4,1180
16802,66459,66625,4,1180
16803,66464,66894,4,1180
16804,66762,66758,4,1180
16805,66817,66606,4,1180
16806,66693,66816,4,1180
16807,66568,66667,4,1180
16808,66655,66893,4,1180
16809,66802,66598,4,1180
16810,66783,66575,4,1180
16811,66750,66882,4,1180
16812,66836,66771,4,1180
16813,66716,66866,4,1180
16814,66460,66422,4,1180
16815,66628,66703,4,1180
16816,66506,66849,4,1180
16817,66604,66503,4,1180
16818,66521,66450,4,1180
16819,66657,66421,4,1180
16820,66491,66651,4,1180
16821,66704,66837,4,1180
16822,66664,66785,4,1180
16823,66609,66591,4,1180
16824,66686,66840,4,1180
16825,66827,66434,4,1180
16826,66702,66671,4,1180
16827,66473,66777,4,1180
16828,66482,66510,4,1180
16829,66726,66613,4,1180
16830,66484,66819,4,1180
16831,66737,66779,4,1180
16832,66576,66414,4,1180
16833,66523,66599,4,1180
16834,66415,66630,4,1180
16835,66867,66581,4,1180
16836,66519,66436,4,1180
16837,66678,66924,4,1180
16838,66437,66761,4,1180
16839,66428,66803,4,1180
16840,66869,66504,4,1180
16841,66855,66926,4,1180
16842,66736,66528,4,1180
16843,66789,66526,4,1180
16844,66719,66763,4,1180
16845,66705,66535,4,1180
16846,66458,66590,4,1180
16847,66592,66638,4,1180
16848,66732,66695,4,1180
16849,66903,66650,4,1180
16850,66446,66432,4,1180
16851,66805,66502,4,1180
16852,66511,66717,4,1180
16853,66851,66499,4,1180
16854,66864,66636,4,1180
16855,66441,66930,4,1180
16856,66536,66679,4,1180
16857,66752,66476,4,1180
16858,66492,66883,4,1180
16859,66594,66621,4,1180
16860,66445,66622,4,1180
16861,66494,66775,4,1180
16862,66439,66838,4,1180
16863,66587,66583,4,1180
16864,66577,66725,4,1180
16865,66921,66857,4,1180
16866,66895,66451,4,1180
16867,66727,66770,4,1180
16868,66897,66801,4,1180
16869,66913,66748,4,1180
16870,66881,66821,4,1180
16871,66545,66791,4,1180
16872,66810,66677,4,1180
16873,66531,66588,4,1180
16874,66773,66735,4,1180
16875,66619,66627,4,1180
16876,66862,66928,4,1180
16877,66713,66586,4,1180
16878,66765,66580,4,1180
16879,66500,66923,4,1180
16880,66431,66792,4,1180
16881,66514,66641,4,1180
16882,66788,66874,4,1180
16883,66728,66828,4,1180
16884,66845,66457,4,1180
16885,66413,66556,4,1180
16886,66585,66834,4,1180
16887,66814,66904,4,1180
16888,66515,66656,4,1180
16889,66520,66454,4,1180
16890,66573,66700,4,1180
16891,66873,66647,4,1180
16892,66787,66918,4,1180
16893,66597,66905,4,1180
16894,66709,66665,4,1180
16895,66553,66645,4,1180
16896,66542,66486,4,1180
16897,66871,66527,4,1180
16898,66461,66513,4,1180
16899,66570,66720,4,1180
16900,66723,66824,4,1180
16901,66427,66807,4,1180
16902,66710,66615,4,1180
16903,66569,66505,4,1180
16904,66666,66543,4,1180
16905,66797,66589,4,1180
16906,66684,66525,4,1180
16907,66661,66648,4,1180
16908,66831,66668,4,1180
16909,66850,66644,4,1180
16910,66481,66509,4,1180
16911,66780,66872,4,1180
16912,66718,66757,4,1180
16913,66714,66830,4,1180
16914,66495,66682,4,1180
16915,66856,66793,4,1180
16916,66751,66572,4,1180
16917,66560,66747,4,1180
16918,66533,66541,4,1180
16919,66741,66670,4,1180
16920,66601,66878,4,1180
16921,66571,66806,4,1180
16922,66456,66501,4,1180
16923,66612,66632,4,1180
16924,66835,66478,4,1180
16925,66674,66912,4,1180
16926,66730,66916,4,1180
16927,66419,66449,4,1180
16928,66701,66809,4,1180
16929,66426,66544,4,1180
16930,66877,66516,4,1180
16931,66739,66760,4,1180
16932,66595,66483,4,1180
16933,66517,66746,4,1180
16934,66471,66692,4,1180
16935,66658,66539,4,1180
16936,66919,66522,4,1180
16937,66623,66683,4,1180
16938,66475,66898,4,1180
16939,66605,66552,4,1180
16940,66890,66562,4,1180
16941,66442,66653,4,1180
16942,66485,66453,4,1180
16943,66811,66440,4,1180
16944,66825,66563,4,1180
16945,66820,66662,4,1180
16946,66633,66557,4,1180
16947,66512,66518,4,1180
16948,66547,66786,4,1180
16949,66574,66603,4,1180
16950,66870,66479,4,1180
16951,66618,66861,4,1180
16952,66676,66477,4,1180
16953,66879,66659,4,1180
16954,66925,66920,4,1180
16955,66822,66634,4,1180
16956,66582,66740,4,1180
16957,66776,66529,4,1180
16958,66488,66672,4,1180
16959,66929,66876,4,1180
16960,66900,66455,4,1180
16961,66888,66799,4,1180
16962,66784,66443,4,1180
16963,66565,66896,4,1180
16964,66561,66497,4,1180
16965,66764,66744,4,1180
16966,66534,66769,4,1180
16967,66681,66564,4,1180
16968,66796,66823,4,1180
16969,66853,66467,4,1180
16970,66490,66698,4,1180
16971,66424,66722,4,1180
16972,66474,66508,4,1180
16973,66602,66546,4,1180
16974,66795,66452,4,1180
16975,66610,66772,4,1180
16976,66842,66642,4,1180
16977,66620,66794,4,1180
16978,66813,66906,4,1180
16979,66844,66889,4,1180
16980,66465,66626,4,1180
16981,66487,66646,4,1180
16982,66884,66742,4,1180
16983,66444,66584,4,1180
16984,66696,66800,4,1180
16985,66649,66675,4,1180
16986,66489,66607,4,1180
16987,66429,66551,4,1180
16988,66469,66887,4,1180
16989,66734,66690,4,1180
16990,66418,66532,4,1180
16991,66833,66768,4,1180
16992,66438,66425,4,1180
16993,66798,66880,4,1180
16994,66852,66931,4,1180
16995,66554,66932,4,1180
16996,66721,66933,4,1180
16997,66466,66934,4,1180
16998,66548,66935,4,1180
16999,66743,66936,4,1180
17000,66596,66937,4,1180
17001,66875,66938,4,1180
17002,66433,66939,4,1180
17003,66815,66940,4,1180
17004,66550,66941,4,1180
17005,66608,66942,4,1180
17006,66639,66943,4,1180
17007,66868,66944,4,1180
17008,66863,66945,4,1180
17009,66848,66946,4,1180
17010,66507,66947,4,1180
17011,66781,66948,4,1180
17012,66643,66949,4,1180
17013,67618,67779,4,1205
17014,67965,67888,4,1205
17015,67809,67749,4,1205
17016,67701,67819,4,1205
17017,67244,67816,4,1205
17018,67341,67345,4,1205
17019,67843,67910,4,1205
17020,67870,67971,4,1205
17021,67978,67473,4,1205
17022,67166,67684,4,1205
17023,67675,67417,4,1205
17024,67535,67567,4,1205
17025,67776,67348,4,1205
17026,67627,67513,4,1205
17027,66992,67639,4,1205
17028,67102,67607,4,1205
17029,67475,67599,4,1205
17030,67959,67893,4,1205
17031,67307,67631,4,1205
17032,67956,67082,4,1205
17033,67100,67388,4,1205
17034,67186,67902,4,1205
17035,67441,67092,4,1205
17036,67359,67933,4,1205
17037,67282,67941,4,1205
17038,67960,67065,4,1205
17039,67026,67724,4,1205
17040,67666,67366,4,1205
17041,67931,66951,4,1205
17042,67257,67610,4,1205
17043,67299,67418,4,1205
17044,67937,67653,4,1205
17045,67122,67977,4,1205
17046,67643,67463,4,1205
17047,67575,67647,4,1205
17048,67616,67143,4,1205
17049,66985,67031,4,1205
17050,67799,67490,4,1205
17051,67435,67421,4,1205
17052,66952,67119,4,1205
17053,67480,67746,4,1205
17054,67460,67034,4,1205
17055,67044,67426,4,1205
17056,67017,67159,4,1205
17057,67437,67428,4,1205
17058,67430,67409,4,1205
17059,67651,67379,4,1205
17060,67539,67206,4,1205
17061,67932,67131,4,1205
17062,67591,67014,4,1205
17063,67133,67487,4,1205
17064,66956,67768,4,1205
17065,67603,67420,4,1205
17066,67455,67759,4,1205
17067,67650,67364,4,1205
17068,67729,67752,4,1205
17069,67545,67195,4,1205
17070,67804,67568,4,1205
17071,67286,67700,4,1205
17072,67396,67001,4,1205
17073,67873,67743,4,1205
17074,67408,67633,4,1205
17075,67022,67674,4,1205
17076,67126,66973,4,1205
17077,67351,67288,4,1205
17078,67384,67691,4,1205
17079,67735,67692,4,1205
17080,67142,66971,4,1205
17081,67805,67876,4,1205
17082,67950,67461,4,1205
17083,67273,67140,4,1205
17084,67859,67869,4,1205
17085,67917,67699,4,1205
17086,67573,67494,4,1205
17087,67710,67777,4,1205
17088,67760,67856,4,1205
17089,67585,67220,4,1205
17090,67357,67939,4,1205
17091,67726,67243,4,1205
17092,67764,66953,4,1205
17093,67253,67758,4,1205
17094,67733,67757,4,1205
17095,67416,67739,4,1205
17096,67536,67373,4,1205
17097,67676,67125,4,1205
17098,67042,67272,4,1205
17099,67183,67370,4,1205
17100,67593,67250,4,1205
17101,67865,67317,4,1205
17102,67290,67783,4,1205
17103,67006,67008,4,1205
17104,67667,67433,4,1205
17105,66991,67425,4,1205
17106,66993,67522,4,1205
17107,67916,67387,4,1205
17108,67340,67898,4,1205
17109,67198,67720,4,1205
17110,66979,67291,4,1205
17111,67302,67969,4,1205
17112,67223,67107,4,1205
17113,67511,67894,4,1205
17114,67645,67853,4,1205
17115,67086,67263,4,1205
17116,67456,67294,4,1205
17117,67310,67256,4,1205
17118,67659,67794,4,1205
17119,67905,66986,4,1205
17120,67577,67854,4,1205
17121,66980,67613,4,1205
17122,67462,67477,4,1205
17123,67178,67316,4,1205
17124,67207,67023,4,1205
17125,67656,67966,4,1205
17126,67617,67661,4,1205
17127,67502,67496,4,1205
17128,67652,67139,4,1205
17129,67398,67930,4,1205
17130,67721,67952,4,1205
17131,67923,67176,4,1205
17132,67600,67132,4,1205
17133,67007,67949,4,1205
17134,67450,67848,4,1205
17135,67544,67305,4,1205
17136,67839,67376,4,1205
17137,67606,67597,4,1205
17138,66977,67814,4,1205
17139,67361,67232,4,1205
17140,66954,67309,4,1205
17141,66964,67438,4,1205
17142,67169,67884,4,1205
17143,67975,67154,4,1205
17144,66984,67863,4,1205
17145,67369,66963,4,1205
17146,67270,67492,4,1205
17147,67069,67135,4,1205
17148,67640,67079,4,1205
17149,67495,67321,4,1205
17150,67094,67427,4,1205
17151,67897,67972,4,1205
17152,67632,67785,4,1205
17153,67655,66996,4,1205
17154,67503,67325,4,1205
17155,67738,67415,4,1205
17156,67337,67711,4,1205
17157,67827,67381,4,1205
17158,67788,67199,4,1205
17159,67672,67397,4,1205
17160,67414,67709,4,1205
17161,67167,66975,4,1205
17162,67792,66989,4,1205
17163,67303,67981,4,1205
17164,67269,67313,4,1205
17165,67780,67237,4,1205
17166,67526,67347,4,1205
17167,67481,67280,4,1205
17168,67346,66981,4,1205
17169,67532,67474,4,1205
17170,67964,67588,4,1205
17171,67389,67878,4,1205
17172,67801,67164,4,1205
17173,67896,67239,4,1205
17174,67716,67096,4,1205
17175,67419,67404,4,1205
17176,67213,67832,4,1205
17177,67076,67761,4,1205
17178,67784,67828,4,1205
17179,67390,67559,4,1205
17180,67172,67889,4,1205
17181,67285,67943,4,1205
17182,67040,67230,4,1205
17183,67400,67775,4,1205
17184,67074,67453,4,1205
17185,67293,67066,4,1205
17186,67730,67025,4,1205
17187,67740,67225,4,1205
17188,67732,67234,4,1205
17189,67646,67297,4,1205
17190,67557,67217,4,1205
17191,66988,67970,4,1205
17192,67301,67821,4,1205
17193,67342,67579,4,1205
17194,67380,67260,4,1205
17195,67800,67668,4,1205
17196,67458,67200,4,1205
17197,67296,67609,4,1205
17198,67907,67813,4,1205
17199,67660,67715,4,1205
17200,67546,67478,4,1205
17201,67209,67945,4,1205
17202,67935,67871,4,1205
17203,67336,67594,4,1205
17204,67790,67552,4,1205
17205,67281,67533,4,1205
17206,67514,67439,4,1205
17207,67781,67447,4,1205
17208,67685,67248,4,1205
17209,67798,67284,4,1205
17210,67062,67129,4,1205
17211,67041,67630,4,1205
17212,67574,67289,4,1205
17213,67371,67362,4,1205
17214,67071,67642,4,1205
17215,67003,67160,4,1205
17216,67411,67731,4,1205
17217,67558,67592,4,1205
17218,67947,67218,4,1205
17219,66959,67829,4,1205
17220,67265,67489,4,1205
17221,67484,67772,4,1205
17222,67375,67393,4,1205
17223,67298,67802,4,1205
17224,67485,67641,4,1205
17225,67537,67500,4,1205
17226,67488,67774,4,1205
17227,66987,67875,4,1205
17228,67815,67338,4,1205
17229,67353,67072,4,1205
17230,67604,67314,4,1205
17231,67706,67028,4,1205
17232,67900,67009,4,1205
17233,67648,67501,4,1205
17234,67734,67000,4,1205
17235,67936,67601,4,1205
17236,67727,67892,4,1205
17237,67283,67088,4,1205
17238,67866,67112,4,1205
17239,67868,66972,4,1205
17240,66966,67493,4,1205
17241,67702,67787,4,1205
17242,67064,67249,4,1205
17243,67770,67410,4,1205
17244,67862,67963,4,1205
17245,67664,67707,4,1205
17246,67665,67469,4,1205
17247,66957,67422,4,1205
17248,67569,67254,4,1205
17249,67890,67944,4,1205
17250,67901,67043,4,1205
17251,67556,67882,4,1205
17252,67406,67035,4,1205
17253,67595,67246,4,1205
17254,67214,67185,4,1205
17255,67534,67424,4,1205
17256,67483,67694,4,1205
17257,67412,67703,4,1205
17258,67466,67405,4,1205
17259,67562,67306,4,1205
17260,66960,67669,4,1205
17261,67181,67368,4,1205
17262,67682,67073,4,1205
17263,67339,67861,4,1205
17264,67163,66958,4,1205
17265,67443,67350,4,1205
17266,67061,67268,4,1205
17267,67982,67957,4,1205
17268,67830,67899,4,1205
17269,67060,67763,4,1205
17270,67518,67687,4,1205
17271,67628,67796,4,1205
17272,67476,67864,4,1205
17273,67197,67688,4,1205
17274,67934,67926,4,1205
17275,67255,67922,4,1205
17276,67849,67446,4,1205
17277,67095,67058,4,1205
17278,67030,67515,4,1205
17279,67157,67449,4,1205
17280,67874,67391,4,1205
17281,67586,67722,4,1205
17282,67725,67326,4,1205
17283,67445,67551,4,1205
17284,67367,67564,4,1205
17285,67277,67130,4,1205
17286,67137,67078,4,1205
17287,67766,67940,4,1205
17288,67497,67523,4,1205
17289,67212,67654,4,1205
17290,67605,67236,4,1205
17291,67120,67673,4,1205
17292,67919,67741,4,1205
17293,67689,67698,4,1205
17294,67486,67052,4,1205
17295,67324,67013,4,1205
17296,67663,67036,4,1205
17297,67319,67134,4,1205
17298,67352,67300,4,1205
17299,67457,66969,4,1205
17300,66990,67216,4,1205
17301,67194,67318,4,1205
17302,66962,67226,4,1205
17303,67394,67099,4,1205
17304,67825,67275,4,1205
17305,67615,67124,4,1205
17306,67308,67879,4,1205
17307,67382,67554,4,1205
17308,67271,66998,4,1205
17309,67311,67029,4,1205
17310,67811,67221,4,1205
17311,67033,67149,4,1205
17312,67771,67479,4,1205
17313,67320,67499,4,1205
17314,67528,67817,4,1205
17315,67377,67038,4,1205
17316,67714,67032,4,1205
17317,67576,67432,4,1205
17318,67108,67678,4,1205
17319,67401,67872,4,1205
17320,67358,67786,4,1205
17321,67049,67778,4,1205
17322,67611,67327,4,1205
17323,66994,67233,4,1205
17324,67578,67295,4,1205
17325,67505,67247,4,1205
17326,67565,67580,4,1205
17327,67402,67141,4,1205
17328,67323,67175,4,1205
17329,67436,67855,4,1205
17330,67883,67378,4,1205
17331,67904,67084,4,1205
17332,67906,67090,4,1205
17333,67589,67810,4,1205
17334,67649,67413,4,1205
17335,67165,67229,4,1205
17336,67807,67145,4,1205
17337,67363,67156,4,1205
17338,67751,67638,4,1205
17339,67516,67385,4,1205
17340,66968,67091,4,1205
17341,67355,67354,4,1205
17342,67548,67386,4,1205
17343,67620,66999,4,1205
17344,67177,67838,4,1205
17345,67571,67085,4,1205
17346,67797,67908,4,1205
17347,67531,67636,4,1205
17348,67098,67155,4,1205
17349,67322,67782,4,1205
17350,67681,67292,4,1205
17351,67219,67196,4,1205
17352,67168,67525,4,1205
17353,67182,67187,4,1205
17354,67719,67962,4,1205
17355,67590,67572,4,1205
17356,67104,67927,4,1205
17357,67602,67123,4,1205
17358,67383,67836,4,1205
17359,66982,67053,4,1205
17360,67928,67622,4,1205
17361,67506,67903,4,1205
17362,67541,67180,4,1205
17363,67097,66995,4,1205
17364,67512,67737,4,1205
17365,67245,67429,4,1205
17366,67114,67789,4,1205
17367,67696,67946,4,1205
17368,67392,67468,4,1205
17369,67491,67948,4,1205
17370,67399,67329,4,1205
17371,67063,67773,4,1205
17372,67024,67021,4,1205
17373,67968,67837,4,1205
17374,66967,67330,4,1205
17375,67767,67304,4,1205
17376,67583,67953,4,1205
17377,67315,67842,4,1205
17378,67795,67980,4,1205
17379,67210,67581,4,1205
17380,67754,67012,4,1205
17381,67844,67808,4,1205
17382,67822,67444,4,1205
17383,67046,67067,4,1205
17384,67344,67508,4,1205
17385,67750,67068,4,1205
17386,67105,67111,4,1205
17387,67011,67343,4,1205
17388,67423,67823,4,1205
17389,67543,67103,4,1205
17390,67002,67961,4,1205
17391,67635,67374,4,1205
17392,67624,67240,4,1205
17393,67914,66974,4,1205
17394,67657,67608,4,1205
17395,67203,67958,4,1205
17396,67708,67192,4,1205
17397,67670,67973,4,1205
17398,67658,67820,4,1205
17399,67191,67818,4,1205
17400,67683,67549,4,1205
17401,67128,67442,4,1205
17402,67793,67081,4,1205
17403,67925,67976,4,1205
17404,67051,67915,4,1205
17405,66970,67762,4,1205
17406,67252,67867,4,1205
17407,67228,67563,4,1205
17408,67498,67753,4,1205
17409,67261,67264,4,1205
17410,67598,67566,4,1205
17411,67612,67056,4,1205
17412,67529,67728,4,1205
17413,67850,67619,4,1205
17414,67967,67050,4,1205
17415,67179,67184,4,1205
17416,67695,67150,4,1205
17417,67847,67887,4,1205
17418,67093,67596,4,1205
17419,67895,67877,4,1205
17420,67769,67547,4,1205
17421,66983,67235,4,1205
17422,67921,67806,4,1205
17423,66978,67070,4,1205
17424,67845,67713,4,1205
17425,67637,67840,4,1205
17426,67190,67087,4,1205
17427,67403,67434,4,1205
17428,67215,67626,4,1205
17429,67471,67440,4,1205
17430,67258,67055,4,1205
17431,67929,67834,4,1205
17432,67587,67057,4,1205
17433,67521,67170,4,1205
17434,67686,67117,4,1205
17435,67147,67334,4,1205
17436,67942,67621,4,1205
17437,66976,67520,4,1205
17438,67555,67113,4,1205
17439,67852,67146,4,1205
17440,67614,67803,4,1205
17441,67005,67712,4,1205
17442,67742,67019,4,1205
17443,67171,67136,4,1205
17444,67465,67152,4,1205
17445,67332,67312,4,1205
17446,67039,67173,4,1205
17447,67266,67909,4,1205
17448,67671,66961,4,1205
17449,67158,67365,4,1205
17450,67211,67736,4,1205
17451,67920,67075,4,1205
17452,67524,67188,4,1205
17453,67121,67360,4,1205
17454,67723,66950,4,1205
17455,67027,67791,4,1205
17456,67464,67037,4,1205
17457,67153,67018,4,1205
17458,67954,67470,4,1205
17459,67202,66997,4,1205
17460,67582,67744,4,1205
17461,67951,67812,4,1205
17462,67222,67116,4,1205
17463,67560,67918,4,1205
17464,67881,67451,4,1205
17465,67745,67857,4,1205
17466,67262,67584,4,1205
17467,67454,67748,4,1205
17468,67634,67858,4,1205
17469,67697,67679,4,1205
17470,67148,67101,4,1205
17471,67718,67860,4,1205
17472,67259,67015,4,1205
17473,67349,67372,4,1205
17474,67912,67924,4,1205
17475,67851,67331,4,1205
17476,67913,67109,4,1205
17477,67509,67625,4,1205
17478,67138,67891,4,1205
17479,67561,67174,4,1205
17480,67047,67467,4,1205
17481,67846,67193,4,1205
17482,67106,67016,4,1205
17483,67472,67705,4,1205
17484,67020,67517,4,1205
17485,67519,67448,4,1205
17486,67287,67938,4,1205
17487,67276,67747,4,1205
17488,67251,67510,4,1205
17489,67765,67333,4,1205
17490,67201,67833,4,1205
17491,67886,67755,4,1205
17492,67979,67328,4,1205
17493,67077,67274,4,1205
17494,67205,67127,4,1205
17495,67704,67110,4,1205
17496,67644,67955,4,1205
17497,67831,67189,4,1205
17498,67241,67048,4,1205
17499,67911,67204,4,1205
17500,67118,66955,4,1205
17501,67242,67431,4,1205
17502,67690,67717,4,1205
17503,67161,67115,4,1205
17504,67004,67570,4,1205
17505,67835,67482,4,1205
17506,67623,67059,4,1205
17507,67527,67974,4,1205
17508,67459,67983,4,1205
17509,67507,67984,4,1205
17510,67162,67985,4,1205
17511,67227,67986,4,1205
17512,67680,67987,4,1205
17513,68862,69725,4,1230
17514,68033,68741,4,1230
17515,68681,68637,4,1230
17516,68898,69792,4,1230
17517,69836,68328,4,1230
17518,68788,69879,4,1230
17519,68818,68381,4,1230
17520,68384,68408,4,1230
17521,69172,68680,4,1230
17522,69232,69480,4,1230
17523,68855,69072,4,1230
17524,68954,68322,4,1230
17525,69628,68040,4,1230
17526,68014,68389,4,1230
17527,68086,69188,4,1230
17528,68825,68060,4,1230
17529,68682,69850,4,1230
17530,69131,69930,4,1230
17531,68815,69126,4,1230
17532,69469,68684,4,1230
17533,68319,68136,4,1230
17534,68634,68012,4,1230
17535,69615,69402,4,1230
17536,69186,68145,4,1230
17537,68908,68456,4,1230
17538,68331,68353,4,1230
17539,68220,68035,4,1230
17540,68696,68906,4,1230
17541,68274,68127,4,1230
17542,69687,69470,4,1230
17543,68851,69529,4,1230
17544,68242,68053,4,1230
17545,68768,68075,4,1230
17546,69476,69101,4,1230
17547,68478,69892,4,1230
17548,68694,69486,4,1230
17549,68647,69432,4,1230
17550,68655,69650,4,1230
17551,68620,68772,4,1230
17552,69657,69682,4,1230
17553,68686,68402,4,1230
17554,68197,69357,4,1230
17555,69728,69279,4,1230
17556,69620,68609,4,1230
17557,69931,68836,4,1230
17558,68089,68580,4,1230
17559,69015,69098,4,1230
17560,69528,68541,4,1230
17561,68427,69117,4,1230
17562,69465,68043,4,1230
17563,69045,68959,4,1230
17564,68150,68993,4,1230
17565,69821,68654,4,1230
17566,69843,69408,4,1230
17567,68073,69097,4,1230
17568,69339,68712,4,1230
17569,69161,68876,4,1230
17570,69539,69749,4,1230
17571,68990,68170,4,1230
17572,68004,68592,4,1230
17573,69686,69275,4,1230
17574,69565,69373,4,1230
17575,69596,68757,4,1230
17576,69948,69039,4,1230
17577,68723,68733,4,1230
17578,68256,68981,4,1230
17579,69425,69540,4,1230
17580,69163,69333,4,1230
17581,68144,69810,4,1230
17582,68360,68434,4,1230
17583,68400,69707,4,1230
17584,68920,69562,4,1230
17585,68658,68502,4,1230
17586,68472,69222,4,1230
17587,69234,68208,4,1230
17588,68114,69203,4,1230
17589,69423,68348,4,1230
17590,68494,69917,4,1230
17591,68013,68444,4,1230
17592,69265,68813,4,1230
17593,68077,68566,4,1230
17594,68183,68036,4,1230
17595,68195,69896,4,1230
17596,69937,68178,4,1230
17597,68677,69254,4,1230
17598,69941,68282,4,1230
17599,68446,69155,4,1230
17600,68218,68968,4,1230
17601,68678,68584,4,1230
17602,69943,69238,4,1230
17603,69812,69685,4,1230
17604,69253,69770,4,1230
17605,68924,68565,4,1230
17606,69642,69935,4,1230
17607,69454,68726,4,1230
17608,68081,68278,4,1230
17609,68919,69029,4,1230
17610,68796,69794,4,1230
17611,68668,68526,4,1230
17612,68069,68952,4,1230
17613,69668,69306,4,1230
17614,69546,68497,4,1230
17615,69020,69127,4,1230
17616,69956,68202,4,1230
17617,69447,68846,4,1230
17618,69865,69561,4,1230
17619,68570,68080,4,1230
17620,68874,69576,4,1230
17621,68970,68243,4,1230
17622,68808,68210,4,1230
17623,68868,67994,4,1230
17624,69220,68747,4,1230
17625,69324,68949,4,1230
17626,68589,69152,4,1230
17627,68884,68844,4,1230
17628,69621,68927,4,1230
17629,69453,69575,4,1230
17630,69839,69216,4,1230
17631,68842,68604,4,1230
17632,69477,68995,4,1230
17633,69775,69438,4,1230
17634,69336,69704,4,1230
17635,69638,69089,4,1230
17636,68140,69945,4,1230
17637,68728,69151,4,1230
17638,69133,69499,4,1230
17639,69195,68461,4,1230
17640,69415,69493,4,1230
17641,68921,69371,4,1230
17642,69059,69184,4,1230
17643,69280,69799,4,1230
17644,69210,69009,4,1230
17645,69708,68789,4,1230
17646,68251,69337,4,1230
17647,69722,68554,4,1230
17648,69171,68579,4,1230
17649,68897,68887,4,1230
17650,68740,68281,4,1230
17651,69136,68239,4,1230
17652,68612,68840,4,1230
17653,68600,68159,4,1230
17654,68603,68245,4,1230
17655,68118,69761,4,1230
17656,68037,69530,4,1230
17657,69311,68831,4,1230
17658,68445,69393,4,1230
17659,69632,68832,4,1230
17660,69223,69566,4,1230
17661,69444,68926,4,1230
17662,69413,69384,4,1230
17663,69845,69452,4,1230
17664,69108,69491,4,1230
17665,69071,68667,4,1230
17666,69177,69027,4,1230
17667,69262,69873,4,1230
17668,69623,69853,4,1230
17669,69846,69067,4,1230
17670,68602,68237,4,1230
17671,69521,69248,4,1230
17672,68608,68829,4,1230
17673,69744,69446,4,1230
17674,68067,68537,4,1230
17675,68623,68905,4,1230
17676,69055,68794,4,1230
17677,68016,69807,4,1230
17678,68872,69506,4,1230
17679,68363,69830,4,1230
17680,68867,68135,4,1230
17681,68101,68653,4,1230
17682,68671,69658,4,1230
17683,67991,69191,4,1230
17684,69912,69692,4,1230
17685,69636,69913,4,1230
17686,68092,69697,4,1230
17687,68277,68882,4,1230
17688,69122,69669,4,1230
17689,69634,69293,4,1230
17690,68270,68942,4,1230
17691,69378,68196,4,1230
17692,69624,68529,4,1230
17693,68961,68039,4,1230
17694,68314,69617,4,1230
17695,69857,69153,4,1230
17696,68263,69237,4,1230
17697,69342,68166,4,1230
17698,68175,68629,4,1230
17699,69305,68760,4,1230
17700,69940,69450,4,1230
17701,68362,68601,4,1230
17702,68957,68289,4,1230
17703,69696,68032,4,1230
17704,68710,69952,4,1230
17705,69495,68064,4,1230
17706,69647,69024,4,1230
17707,69261,68847,4,1230
17708,69277,68340,4,1230
17709,69953,69637,4,1230
17710,69488,69054,4,1230
17711,68929,69910,4,1230
17712,68293,68742,4,1230
17713,69208,69236,4,1230
17714,68881,68458,4,1230
17715,69508,68091,4,1230
17716,69174,69793,4,1230
17717,69861,69878,4,1230
17718,69010,68645,4,1230
17719,68727,69955,4,1230
17720,69257,69819,4,1230
17721,68617,68616,4,1230
17722,69321,69666,4,1230
17723,69622,69190,4,1230
17724,69512,69698,4,1230
17725,68966,68801,4,1230
17726,68308,69505,4,1230
17727,68260,68164,4,1230
17728,68209,68476,4,1230
17729,68607,69492,4,1230
17730,69718,68095,4,1230
17731,69957,69249,4,1230
17732,68469,69604,4,1230
17733,69313,68852,4,1230
17734,69511,69614,4,1230
17735,68017,69924,4,1230
17736,68404,69442,4,1230
17737,69578,69662,4,1230
17738,69207,68388,4,1230
17739,69175,69717,4,1230
17740,68849,68061,4,1230
17741,69147,68148,4,1230
17742,68939,69513,4,1230
17743,69125,68074,4,1230
17744,69712,68614,4,1230
17745,69362,69786,4,1230
17746,69849,69842,4,1230
17747,69398,69436,4,1230
17748,69726,68287,4,1230
17749,68996,69353,4,1230
17750,69901,69860,4,1230
17751,69872,68215,4,1230
17752,69358,68443,4,1230
17753,69567,69822,4,1230
17754,68171,68722,4,1230
17755,69445,68830,4,1230
17756,69797,69099,4,1230
17757,68206,68823,4,1230
17758,68501,68116,4,1230
17759,68972,69921,4,1230
17760,69379,69387,4,1230
17761,69863,68372,4,1230
17762,68156,69588,4,1230
17763,68422,69435,4,1230
17764,69550,68863,4,1230
17765,68361,68536,4,1230
17766,68300,69483,4,1230
17767,68430,68665,4,1230
17768,68915,68820,4,1230
17769,68785,69504,4,1230
17770,68292,68759,4,1230
17771,68503,69063,4,1230
17772,68193,68557,4,1230
17773,68944,69468,4,1230
17774,69325,69890,4,1230
17775,68452,68838,4,1230
17776,69677,69329,4,1230
17777,68699,68598,4,1230
17778,68332,69002,4,1230
17779,68048,69618,4,1230
17780,68409,69795,4,1230
17781,68713,68031,4,1230
17782,68157,68248,4,1230
17783,69788,69753,4,1230
17784,68418,68901,4,1230
17785,69802,69936,4,1230
17786,68792,69410,4,1230
17787,68364,68753,4,1230
17788,69587,69777,4,1230
17789,68900,69573,4,1230
17790,68370,68213,4,1230
17791,69187,69014,4,1230
17792,68358,69211,4,1230
17793,69231,68588,4,1230
17794,69649,69679,4,1230
17795,68065,68134,4,1230
17796,68807,68770,4,1230
17797,68719,68951,4,1230
17798,68781,68405,4,1230
17799,69341,69230,4,1230
17800,68964,69551,4,1230
17801,69735,69847,4,1230
17802,68585,68532,4,1230
17803,68414,69648,4,1230
17804,68548,68931,4,1230
17805,68875,69928,4,1230
17806,69000,68252,4,1230
17807,68481,69112,4,1230
17808,69552,68383,4,1230
17809,69765,68424,4,1230
17810,69434,69524,4,1230
17811,69141,69544,4,1230
17812,69906,68003,4,1230
17813,69271,69922,4,1230
17814,68211,68205,4,1230
17815,68096,68879,4,1230
17816,68305,69547,4,1230
17817,69897,69938,4,1230
17818,68597,68192,4,1230
17819,68011,69625,4,1230
17820,69760,68310,4,1230
17821,68394,68359,4,1230
17822,69274,69939,4,1230
17823,68296,69813,4,1230
17824,68068,69691,4,1230
17825,69555,69895,4,1230
17826,68778,68803,4,1230
17827,68298,68250,4,1230
17828,68762,69284,4,1230
17829,69013,69041,4,1230
17830,68393,69440,4,1230
17831,68659,68190,4,1230
17832,68819,68376,4,1230
17833,69288,69800,4,1230
17834,68994,68026,4,1230
17835,69318,69461,4,1230
17836,69170,68571,4,1230
17837,69424,69517,4,1230
17838,69017,69272,4,1230
17839,68812,68515,4,1230
17840,69100,68804,4,1230
17841,69460,68562,4,1230
17842,69709,68471,4,1230
17843,68774,69474,4,1230
17844,68752,68750,4,1230
17845,69715,68200,4,1230
17846,69130,68232,4,1230
17847,69785,69428,4,1230
17848,68563,69451,4,1230
17849,68123,69294,4,1230
17850,69200,69044,4,1230
17851,68743,69369,4,1230
17852,68018,68097,4,1230
17853,68379,69564,4,1230
17854,69459,69811,4,1230
17855,68986,69466,4,1230
17856,68126,69093,4,1230
17857,69851,68771,4,1230
17858,69416,69390,4,1230
17859,69119,69571,4,1230
17860,68182,68999,4,1230
17861,69487,69509,4,1230
17862,68163,69346,4,1230
17863,69675,69227,4,1230
17864,68286,68082,4,1230
17865,68435,69673,4,1230
17866,69088,68030,4,1230
17867,69407,69918,4,1230
17868,68561,69582,4,1230
17869,69263,67998,4,1230
17870,68648,69080,4,1230
17871,69742,68499,4,1230
17872,69583,68160,4,1230
17873,68174,68407,4,1230
17874,69671,68892,4,1230
17875,68204,69062,4,1230
17876,69581,69554,4,1230
17877,69844,69804,4,1230
17878,69607,69429,4,1230
17879,69363,68522,4,1230
17880,68001,69779,4,1230
17881,69688,68899,4,1230
17882,69326,68692,4,1230
17883,69858,68365,4,1230
17884,69354,68015,4,1230
17885,68410,68320,4,1230
17886,68843,68664,4,1230
17887,68325,68978,4,1230
17888,69228,69676,4,1230
17889,68980,68180,4,1230
17890,68054,69900,4,1230
17891,68734,69138,4,1230
17892,69240,69727,4,1230
17893,68265,68113,4,1230
17894,68169,69169,4,1230
17895,68973,69719,4,1230
17896,69828,68861,4,1230
17897,68425,69774,4,1230
17898,69884,69137,4,1230
17899,69515,69292,4,1230
17900,68151,68259,4,1230
17901,68962,69194,4,1230
17902,68187,69349,4,1230
17903,68564,68241,4,1230
17904,68230,69875,4,1230
17905,69464,68448,4,1230
17906,69776,69909,4,1230
17907,68586,68969,4,1230
17908,69154,69601,4,1230
17909,68780,68850,4,1230
17910,69542,68257,4,1230
17911,68679,69291,4,1230
17912,68084,68582,4,1230
17913,69032,69314,4,1230
17914,68417,69182,4,1230
17915,68483,69889,4,1230
17916,69606,69377,4,1230
17917,68891,68453,4,1230
17918,68079,68534,4,1230
17919,69115,69168,4,1230
17920,69132,69854,4,1230
17921,68488,68542,4,1230
17922,69919,69523,4,1230
17923,69806,67997,4,1230
17924,69107,68661,4,1230
17925,68783,68591,4,1230
17926,68028,68010,4,1230
17927,68268,69140,4,1230
17928,69885,69348,4,1230
17929,69772,69494,4,1230
17930,68119,69124,4,1230
17931,69805,68511,4,1230
17932,69652,69814,4,1230
17933,68546,69848,4,1230
17934,68396,68810,4,1230
17935,68848,69568,4,1230
17936,68312,68841,4,1230
17937,68888,69597,4,1230
17938,69689,68038,4,1230
17939,69694,69201,4,1230
17940,69431,68975,4,1230
17941,69502,68517,4,1230
17942,68976,68766,4,1230
17943,68997,68387,4,1230
17944,69841,69563,4,1230
17945,69303,68071,4,1230
17946,68736,69298,4,1230
17947,68514,69522,4,1230
17948,68839,68527,4,1230
17949,68702,69866,4,1230
17950,68124,68943,4,1230
17951,69881,68786,4,1230
17952,69084,69916,4,1230
17953,69911,68120,4,1230
17954,69574,69040,4,1230
17955,68776,69385,4,1230
17956,68406,68236,4,1230
17957,68106,69243,4,1230
17958,68869,69114,4,1230
17959,68301,68350,4,1230
17960,69443,69664,4,1230
17961,68590,68141,4,1230
17962,68429,69876,4,1230
17963,69148,69751,4,1230
17964,69701,69887,4,1230
17965,68506,69654,4,1230
17966,68455,68133,4,1230
17967,69507,68559,4,1230
17968,68992,68329,4,1230
17969,68987,68490,4,1230
17970,69766,68683,4,1230
17971,69868,69883,4,1230
17972,68508,68549,4,1230
17973,68662,69859,4,1230
17974,68285,69297,4,1230
17975,69173,69196,4,1230
17976,68110,69380,4,1230
17977,69221,69729,4,1230
17978,68805,69716,4,1230
17979,69295,69351,4,1230
17980,68191,69427,4,1230
17981,69736,68107,4,1230
17982,68613,68706,4,1230
17983,69534,69737,4,1230
17984,68264,68763,4,1230
17985,68042,69934,4,1230
17986,69310,69514,4,1230
17987,69532,68870,4,1230
17988,69411,68903,4,1230
17989,69787,69631,4,1230
17990,68111,68552,4,1230
17991,68463,68223,4,1230
17992,68411,69016,4,1230
17993,69478,69142,4,1230
17994,71883,71884,5,1025
17995,71883,71884,5,1005
17996,71885,71886,5,1005
17997,71893,71887,5,1030
17998,71890,71892,5,1030
17999,71891,71894,5,1030
18000,71889,71895,5,1030
18001,71909,71903,5,1055
18002,71906,71904,5,1055
18003,71907,71899,5,1055
18004,71897,71910,5,1055
18005,71898,71900,5,1055
18006,71911,71902,5,1055
18007,71912,71905,5,1055
18008,71913,71896,5,1055
18009,71945,71931,5,1080
18010,71944,71918,5,1080
18011,71916,71943,5,1080
18012,71924,71937,5,1080
18013,71915,71934,5,1080
18014,71930,71925,5,1080
18015,71932,71928,5,1080
18016,71929,71938,5,1080
18017,71922,71942,5,1080
18018,71927,71920,5,1080
18019,71940,71933,5,1080
18020,71935,71936,5,1080
18021,71921,71946,5,1080
18022,71914,71947,5,1080
18023,71919,71948,5,1080
18024,71939,71949,5,1080
18025,71991,71959,5,1105
18026,71985,71979,5,1105
18027,71971,72009,5,1105
18028,72007,71996,5,1105
18029,71994,71987,5,1105
18030,71980,71969,5,1105
18031,71989,71999,5,1105
18032,71978,71998,5,1105
18033,72002,71972,5,1105
18034,71995,71951,5,1105
18035,71955,71976,5,1105
18036,71984,71968,5,1105
18037,71997,71975,5,1105
18038,71964,71963,5,1105
18039,71986,71967,5,1105
18040,71992,71973,5,1105
18041,71952,72006,5,1105
18042,72000,71958,5,1105
18043,72013,71977,5,1105
18044,72010,72001,5,1105
18045,71954,71981,5,1105
18046,71974,72012,5,1105
18047,72003,71965,5,1105
18048,71993,71983,5,1105
18049,71988,71961,5,1105
18050,71953,71966,5,1105
18051,71970,71957,5,1105
18052,71990,71960,5,1105
18053,71982,72014,5,1105
18054,72004,72015,5,1105
18055,71950,72016,5,1105
18056,72008,72017,5,1105
18057,72042,72055,5,1130
18058,72069,72037,5,1130
18059,72029,72114,5,1130
18060,72091,72120,5,1130
18061,72058,72065,5,1130
18062,72081,72115,5,1130
18063,72129,72112,5,1130
18064,72078,72143,5,1130
18065,72095,72084,5,1130
18066,72046,72064,5,1130
18067,72036,72038,5,1130
18068,72068,72070,5,1130
18069,72040,72100,5,1130
18070,72027,72074,5,1130
18071,72142,72030,5,1130
18072,72018,72076,5,1130
18073,72034,72047,5,1130
18074,72101,72119,5,1130
18075,72107,72097,5,1130
18076,72083,72061,5,1130
18077,72056,72052,5,1130
18078,72045,72054,5,1130
18079,72051,72135,5,1130
18080,72136,72080,5,1130
18081,72053,72048,5,1130
18082,72102,72122,5,1130
18083,72109,72123,5,1130
18084,72126,72106,5,1130
18085,72089,72028,5,1130
18086,72077,72099,5,1130
18087,72032,72041,5,1130
18088,72127,72023,5,1130
18089,72057,72079,5,1130
18090,72111,72071,5,1130
18091,72092,72139,5,1130
18092,72044,72116,5,1130
18093,72141,72024,5,1130
18094,72043,72049,5,1130
18095,72066,72098,5,1130
18096,72108,72125,5,1130
18097,72050,72020,5,1130
18098,72137,72090,5,1130
18099,72035,72132,5,1130
18100,72131,72039,5,1130
18101,72103,72072,5,1130
18102,72062,72060,5,1130
18103,72096,72022,5,1130
18104,72085,72073,5,1130
18105,72117,72134,5,1130
18106,72104,72144,5,1130
18107,72093,72031,5,1130
18108,72145,72130,5,1130
18109,72118,72082,5,1130
18110,72019,72021,5,1130
18111,72124,72075,5,1130
18112,72025,72063,5,1130
18113,72113,72087,5,1130
18114,72110,72094,5,1130
18115,72033,72088,5,1130
18116,72138,72059,5,1130
18117,72105,72067,5,1130
18118,72086,72026,5,1130
18119,72140,72121,5,1130
18120,72128,72133,5,1130
18121,72206,72255,5,1155
18122,72293,72172,5,1155
18123,72260,72378,5,1155
18124,72274,72154,5,1155
18125,72186,72328,5,1155
18126,72358,72160,5,1155
18127,72276,72323,5,1155
18128,72317,72239,5,1155
18129,72269,72204,5,1155
18130,72163,72267,5,1155
18131,72195,72222,5,1155
18132,72288,72238,5,1155
18133,72332,72165,5,1155
18134,72357,72161,5,1155
18135,72205,72220,5,1155
18136,72218,72264,5,1155
18137,72316,72237,5,1155
18138,72365,72295,5,1155
18139,72253,72336,5,1155
18140,72270,72368,5,1155
18141,72349,72344,5,1155
18142,72200,72178,5,1155
18143,72282,72271,5,1155
18144,72308,72398,5,1155
18145,72359,72167,5,1155
18146,72263,72198,5,1155
18147,72190,72324,5,1155
18148,72278,72275,5,1155
18149,72375,72191,5,1155
18150,72374,72203,5,1155
18151,72373,72300,5,1155
18152,72321,72180,5,1155
18153,72232,72286,5,1155
18154,72254,72305,5,1155
18155,72389,72225,5,1155
18156,72352,72333,5,1155
18157,72146,72325,5,1155
18158,72371,72151,5,1155
18159,72219,72313,5,1155
18160,72184,72369,5,1155
18161,72258,72197,5,1155
18162,72363,72213,5,1155
18163,72212,72216,5,1155
18164,72386,72392,5,1155
18165,72159,72221,5,1155
18166,72259,72345,5,1155
18167,72346,72302,5,1155
18168,72319,72377,5,1155
18169,72252,72310,5,1155
18170,72155,72329,5,1155
18171,72334,72353,5,1155
18172,72256,72320,5,1155
18173,72327,72201,5,1155
18174,72361,72290,5,1155
18175,72340,72171,5,1155
18176,72342,72348,5,1155
18177,72318,72395,5,1155
18178,72217,72231,5,1155
18179,72193,72337,5,1155
18180,72315,72356,5,1155
18181,72246,72383,5,1155
18182,72241,72294,5,1155
18183,72381,72235,5,1155
18184,72230,72394,5,1155
18185,72277,72284,5,1155
18186,72207,72343,5,1155
18187,72181,72280,5,1155
18188,72289,72182,5,1155
18189,72174,72199,5,1155
18190,72209,72347,5,1155
18191,72194,72272,5,1155
18192,72196,72382,5,1155
18193,72262,72149,5,1155
18194,72287,72385,5,1155
18195,72211,72299,5,1155
18196,72175,72168,5,1155
18197,72152,72388,5,1155
18198,72192,72311,5,1155
18199,72243,72309,5,1155
18200,72281,72391,5,1155
18201,72226,72249,5,1155
18202,72245,72331,5,1155
18203,72179,72247,5,1155
18204,72166,72362,5,1155
18205,72301,72376,5,1155
18206,72384,72396,5,1155
18207,72157,72214,5,1155
18208,72233,72303,5,1155
18209,72339,72261,5,1155
18210,72268,72360,5,1155
18211,72227,72304,5,1155
18212,72307,72341,5,1155
18213,72393,72350,5,1155
18214,72162,72229,5,1155
18215,72250,72372,5,1155
18216,72248,72397,5,1155
18217,72242,72177,5,1155
18218,72279,72354,5,1155
18219,72366,72380,5,1155
18220,72169,72170,5,1155
18221,72298,72387,5,1155
18222,72188,72379,5,1155
18223,72224,72312,5,1155
18224,72283,72189,5,1155
18225,72223,72297,5,1155
18226,72158,72322,5,1155
18227,72265,72314,5,1155
18228,72215,72370,5,1155
18229,72183,72153,5,1155
18230,72187,72202,5,1155
18231,72185,72306,5,1155
18232,72292,72176,5,1155
18233,72326,72291,5,1155
18234,72273,72296,5,1155
18235,72208,72367,5,1155
18236,72228,72240,5,1155
18237,72390,72147,5,1155
18238,72351,72355,5,1155
18239,72257,72330,5,1155
18240,72338,72150,5,1155
18241,72236,72148,5,1155
18242,72210,72164,5,1155
18243,72173,72251,5,1155
18244,72156,72335,5,1155
18245,72266,72364,5,1155
18246,72399,72285,5,1155
18247,72400,72244,5,1155
18248,72401,72234,5,1155
18249,72801,72449,5,1180
18250,72537,72650,5,1180
18251,72860,72506,5,1180
18252,72897,72615,5,1180
18253,72678,72913,5,1180
18254,72568,72445,5,1180
18255,72639,72511,5,1180
18256,72819,72830,5,1180
18257,72733,72753,5,1180
18258,72768,72701,5,1180
18259,72538,72664,5,1180
18260,72555,72831,5,1180
18261,72456,72824,5,1180
18262,72605,72667,5,1180
18263,72881,72448,5,1180
18264,72547,72510,5,1180
18265,72659,72770,5,1180
18266,72721,72784,5,1180
18267,72810,72711,5,1180
18268,72468,72700,5,1180
18269,72740,72522,5,1180
18270,72563,72662,5,1180
18271,72787,72732,5,1180
18272,72872,72682,5,1180
18273,72822,72853,5,1180
18274,72495,72491,5,1180
18275,72702,72795,5,1180
18276,72442,72744,5,1180
18277,72599,72690,5,1180
18278,72692,72591,5,1180
18279,72847,72565,5,1180
18280,72502,72450,5,1180
18281,72514,72827,5,1180
18282,72918,72674,5,1180
18283,72527,72829,5,1180
18284,72553,72788,5,1180
18285,72743,72917,5,1180
18286,72754,72778,5,1180
18287,72524,72572,5,1180
18288,72716,72873,5,1180
18289,72807,72471,5,1180
18290,72590,72777,5,1180
18291,72609,72654,5,1180
18292,72462,72759,5,1180
18293,72815,72542,5,1180
18294,72867,72923,5,1180
18295,72571,72437,5,1180
18296,72858,72484,5,1180
18297,72473,72420,5,1180
18298,72651,72433,5,1180
18299,72480,72638,5,1180
18300,72735,72773,5,1180
18301,72596,72665,5,1180
18302,72739,72453,5,1180
18303,72802,72602,5,1180
18304,72818,72693,5,1180
18305,72606,72797,5,1180
18306,72730,72849,5,1180
18307,72745,72880,5,1180
18308,72890,72500,5,1180
18309,72798,72436,5,1180
18310,72622,72529,5,1180
18311,72585,72446,5,1180
18312,72593,72850,5,1180
18313,72848,72634,5,1180
18314,72488,72418,5,1180
18315,72915,72842,5,1180
18316,72631,72756,5,1180
18317,72637,72428,5,1180
18318,72704,72474,5,1180
18319,72494,72727,5,1180
18320,72490,72567,5,1180
18321,72512,72685,5,1180
18322,72501,72828,5,1180
18323,72663,72546,5,1180
18324,72764,72855,5,1180
18325,72610,72808,5,1180
18326,72619,72780,5,1180
18327,72620,72402,5,1180
18328,72698,72839,5,1180
18329,72589,72616,5,1180
18330,72883,72900,5,1180
18331,72627,72475,5,1180
18332,72595,72779,5,1180
18333,72416,72882,5,1180
18334,72763,72875,5,1180
18335,72689,72557,5,1180
18336,72517,72600,5,1180
18337,72825,72911,5,1180
18338,72712,72793,5,1180
18339,72686,72672,5,1180
18340,72852,72865,5,1180
18341,72424,72526,5,1180
18342,72752,72642,5,1180
18343,72791,72520,5,1180
18344,72738,72741,5,1180
18345,72498,72403,5,1180
18346,72800,72481,5,1180
18347,72441,72767,5,1180
18348,72412,72669,5,1180
18349,72454,72414,5,1180
18350,72598,72751,5,1180
18351,72719,72758,5,1180
18352,72521,72761,5,1180
18353,72482,72649,5,1180
18354,72864,72728,5,1180
18355,72458,72628,5,1180
18356,72837,72909,5,1180
18357,72497,72726,5,1180
18358,72455,72907,5,1180
18359,72840,72835,5,1180
18360,72452,72607,5,1180
18361,72477,72587,5,1180
18362,72617,72411,5,1180
18363,72823,72871,5,1180
18364,72854,72554,5,1180
18365,72660,72410,5,1180
18366,72645,72489,5,1180
18367,72535,72461,5,1180
18368,72799,72632,5,1180
18369,72826,72513,5,1180
18370,72817,72561,5,1180
18371,72629,72874,5,1180
18372,72671,72676,5,1180
18373,72694,72515,5,1180
18374,72806,72851,5,1180
18375,72578,72892,5,1180
18376,72886,72464,5,1180
18377,72523,72889,5,1180
18378,72706,72878,5,1180
18379,72908,72409,5,1180
18380,72679,72431,5,1180
18381,72725,72812,5,1180
18382,72857,72415,5,1180
18383,72541,72505,5,1180
18384,72635,72560,5,1180
18385,72731,72573,5,1180
18386,72438,72540,5,1180
18387,72457,72566,5,1180
18388,72525,72916,5,1180
18389,72574,72472,5,1180
18390,72714,72625,5,1180
18391,72677,72504,5,1180
18392,72577,72790,5,1180
18393,72548,72427,5,1180
18394,72556,72443,5,1180
18395,72656,72661,5,1180
18396,72843,72507,5,1180
18397,72487,72626,5,1180
18398,72476,72419,5,1180
18399,72570,72760,5,1180
18400,72862,72804,5,1180
18401,72673,72722,5,1180
18402,72569,72781,5,1180
18403,72460,72762,5,1180
18404,72919,72658,5,1180
18405,72910,72644,5,1180
18406,72486,72528,5,1180
18407,72697,72592,5,1180
18408,72742,72653,5,1180
18409,72838,72896,5,1180
18410,72425,72612,5,1180
18411,72552,72496,5,1180
18412,72887,72757,5,1180
18413,72891,72469,5,1180
18414,72845,72470,5,1180
18415,72755,72816,5,1180
18416,72623,72805,5,1180
18417,72859,72834,5,1180
18418,72783,72463,5,1180
18419,72813,72705,5,1180
18420,72786,72614,5,1180
18421,72516,72422,5,1180
18422,72894,72666,5,1180
18423,72877,72407,5,1180
18424,72603,72903,5,1180
18425,72493,72633,5,1180
18426,72549,72579,5,1180
18427,72737,72558,5,1180
18428,72785,72613,5,1180
18429,72640,72749,5,1180
18430,72774,72836,5,1180
18431,72551,72893,5,1180
18432,72618,72814,5,1180
18433,72720,72876,5,1180
18434,72533,72902,5,1180
18435,72789,72439,5,1180
18436,72483,72703,5,1180
18437,72447,72683,5,1180
18438,72586,72710,5,1180
18439,72584,72713,5,1180
18440,72846,72544,5,1180
18441,72451,72796,5,1180
18442,72748,72879,5,1180
18443,72844,72440,5,1180
18444,72531,72707,5,1180
18445,72746,72766,5,1180
18446,72532,72717,5,1180
18447,72668,72611,5,1180
18448,72492,72423,5,1180
18449,72478,72912,5,1180
18450,72465,72435,5,1180
18451,72885,72485,5,1180
18452,72624,72621,5,1180
18453,72575,72794,5,1180
18454,72576,72459,5,1180
18455,72432,72688,5,1180
18456,72695,72803,5,1180
18457,72833,72775,5,1180
18458,72734,72699,5,1180
18459,72747,72868,5,1180
18460,72723,72680,5,1180
18461,72582,72657,5,1180
18462,72921,72687,5,1180
18463,72866,72543,5,1180
18464,72736,72641,5,1180
18465,72648,72564,5,1180
18466,72406,72404,5,1180
18467,72580,72643,5,1180
18468,72684,72636,5,1180
18469,72920,72508,5,1180
18470,72545,72841,5,1180
18471,72408,72899,5,1180
18472,72444,72417,5,1180
18473,72905,72421,5,1180
18474,72509,72769,5,1180
18475,72550,72594,5,1180
18476,72562,72536,5,1180
18477,72811,72466,5,1180
18478,72647,72870,5,1180
18479,72583,72821,5,1180
18480,72888,72856,5,1180
18481,72914,72691,5,1180
18482,72581,72771,5,1180
18483,72429,72675,5,1180
18484,72670,72597,5,1180
18485,72655,72518,5,1180
18486,72503,72884,5,1180
18487,72530,72430,5,1180
18488,72906,72820,5,1180
18489,72608,72724,5,1180
18490,72630,72861,5,1180
18491,72559,72499,5,1180
18492,72895,72898,5,1180
18493,72681,72776,5,1180
18494,72772,72467,5,1180
18495,72718,72426,5,1180
18496,72646,72539,5,1180
18497,72708,72479,5,1180
18498,72696,72750,5,1180
18499,72832,72534,5,1180
18500,72922,72715,5,1180
18501,72405,72519,5,1180
18502,72652,72729,5,1180
18503,72792,72869,5,1180
18504,72904,72709,5,1180
18505,73758,72957,5,1205
18506,72947,73748,5,1205
18507,73587,73146,5,1205
18508,73390,73364,5,1205
18509,73001,73076,5,1205
18510,73131,73622,5,1205
18511,73736,73860,5,1205
18512,73348,73889,5,1205
18513,73835,73186,5,1205
18514,73480,73581,5,1205
18515,73494,73190,5,1205
18516,73295,73884,5,1205
18517,73643,73590,5,1205
18518,73557,73567,5,1205
18519,73522,73936,5,1205
18520,73300,73572,5,1205
18521,73162,73921,5,1205
18522,73446,73806,5,1205
18523,73877,73500,5,1205
18524,73488,73266,5,1205
18525,73411,73353,5,1205
18526,73584,73834,5,1205
18527,73585,72966,5,1205
18528,73011,73422,5,1205
18529,73150,73498,5,1205
18530,73730,73167,5,1205
18531,73241,73321,5,1205
18532,73837,73746,5,1205
18533,73442,73282,5,1205
18534,73493,73361,5,1205
18535,73396,73287,5,1205
18536,72997,73414,5,1205
18537,73739,73741,5,1205
18538,73386,73490,5,1205
18539,73491,73372,5,1205
18540,73630,73474,5,1205
18541,73682,73506,5,1205
18542,73375,73398,5,1205
18543,73588,73606,5,1205
18544,72973,73259,5,1205
18545,73479,73036,5,1205
18546,73497,73107,5,1205
18547,73863,73713,5,1205
18548,73641,73509,5,1205
18549,73197,73883,5,1205
18550,73784,73898,5,1205
18551,73215,73513,5,1205
18552,73426,73383,5,1205
18553,73425,73747,5,1205
18554,73122,73714,5,1205
18555,73681,73814,5,1205
18556,73245,73659,5,1205
18557,73073,73329,5,1205
18558,73098,73865,5,1205
18559,73132,72980,5,1205
18560,73297,72984,5,1205
18561,73810,73795,5,1205
18562,73221,73512,5,1205
18563,73770,73459,5,1205
18564,73600,73621,5,1205
18565,73130,72978,5,1205
18566,73105,73356,5,1205
18567,73315,73754,5,1205
18568,73903,73358,5,1205
18569,73658,73453,5,1205
18570,73025,73181,5,1205
18571,73808,73232,5,1205
18572,73072,73890,5,1205
18573,73868,73594,5,1205
18574,72961,73450,5,1205
18575,73316,73247,5,1205
18576,73634,73851,5,1205
18577,73443,73304,5,1205
18578,73589,73841,5,1205
18579,73911,73340,5,1205
18580,73468,73050,5,1205
18581,73177,73670,5,1205
18582,73717,73262,5,1205
18583,73371,73275,5,1205
18584,73313,73269,5,1205
18585,73123,72965,5,1205
18586,73928,73118,5,1205
18587,73311,73787,5,1205
18588,73071,73303,5,1205
18589,73853,73284,5,1205
18590,73226,73265,5,1205
18591,73242,73069,5,1205
18592,73086,73528,5,1205
18593,73113,73564,5,1205
18594,73393,73852,5,1205
18595,73477,73869,5,1205
18596,73019,73798,5,1205
18597,73325,73909,5,1205
18598,73395,72971,5,1205
18599,73413,73533,5,1205
18600,73166,73096,5,1205
18601,73294,73020,5,1205
18602,73151,73722,5,1205
18603,73052,73410,5,1205
18604,73216,73233,5,1205
18605,73625,73752,5,1205
18606,73671,73560,5,1205
18607,73349,73095,5,1205
18608,73707,73700,5,1205
18609,73440,73698,5,1205
18610,73724,73686,5,1205
18611,73640,73405,5,1205
18612,73345,73802,5,1205
18613,73148,73195,5,1205
18614,73663,72999,5,1205
18615,73141,73537,5,1205
18616,73416,73388,5,1205
18617,73318,72926,5,1205
18618,73250,72939,5,1205
18619,73725,73403,5,1205
18620,73002,73692,5,1205
18621,73667,73526,5,1205
18622,73155,73683,5,1205
18623,73277,73550,5,1205
18624,73924,73666,5,1205
18625,73412,73892,5,1205
18626,73013,73127,5,1205
18627,73164,73048,5,1205
18628,73469,73516,5,1205
18629,73429,73679,5,1205
18630,73264,73731,5,1205
18631,73478,73923,5,1205
18632,73435,73114,5,1205
18633,73510,73874,5,1205
18634,73559,73102,5,1205
18635,73664,73156,5,1205
18636,73843,73760,5,1205
18637,73556,73178,5,1205
18638,73511,73885,5,1205
18639,73577,73895,5,1205
18640,73614,73508,5,1205
18641,73397,72958,5,1205
18642,73401,73120,5,1205
18643,73639,73462,5,1205
18644,73701,73365,5,1205
18645,73783,73580,5,1205
18646,73578,73687,5,1205
18647,73202,73299,5,1205
18648,72970,73871,5,1205
18649,73712,73711,5,1205
18650,72976,73910,5,1205
18651,73677,73662,5,1205
18652,73521,73549,5,1205
18653,73809,73527,5,1205
18654,73078,73205,5,1205
18655,73456,73268,5,1205
18656,72940,73014,5,1205
18657,73328,73695,5,1205
18658,73740,72991,5,1205
18659,73225,73796,5,1205
18660,73466,73336,5,1205
18661,73200,73743,5,1205
18662,73470,73121,5,1205
18663,73785,73137,5,1205
18664,72930,73373,5,1205
18665,73291,73545,5,1205
18666,73596,73791,5,1205
18667,72982,73674,5,1205
18668,73792,73258,5,1205
18669,73540,73586,5,1205
18670,73292,73680,5,1205
18671,73046,73042,5,1205
18672,73483,72938,5,1205
18673,72924,73720,5,1205
18674,72995,73704,5,1205
18675,73631,73535,5,1205
18676,73597,73110,5,1205
18677,73856,73780,5,1205
18678,73566,73449,5,1205
18679,73239,73530,5,1205
18680,73755,73448,5,1205
18681,73327,73382,5,1205
18682,72956,73710,5,1205
18683,73280,73024,5,1205
18684,73697,73839,5,1205
18685,73074,73461,5,1205
18686,73763,73867,5,1205
18687,73392,73464,5,1205
18688,73822,73041,5,1205
18689,73251,73525,5,1205
18690,73068,73803,5,1205
18691,73716,73875,5,1205
18692,73455,73206,5,1205
18693,73004,73673,5,1205
18694,73199,73486,5,1205
18695,73307,73362,5,1205
18696,73576,73765,5,1205
18697,73346,73912,5,1205
18698,73152,73286,5,1205
18699,73125,73144,5,1205
18700,73154,73056,5,1205
18701,73789,73904,5,1205
18702,73882,73085,5,1205
18703,73870,73887,5,1205
18704,73237,73260,5,1205
18705,73772,73507,5,1205
18706,73424,73005,5,1205
18707,73211,73582,5,1205
18708,73079,73058,5,1205
18709,72932,73135,5,1205
18710,73145,73922,5,1205
18711,73208,73902,5,1205
18712,73705,73690,5,1205
18713,73894,73174,5,1205
18714,73831,73029,5,1205
18715,73737,73931,5,1205
18716,73128,73888,5,1205
18717,73343,73857,5,1205
18718,73541,73858,5,1205
18719,73552,73672,5,1205
18720,73040,73454,5,1205
18721,73302,73893,5,1205
18722,73732,73628,5,1205
18723,73654,72949,5,1205
18724,73032,73133,5,1205
18725,73060,73296,5,1205
18726,73088,73669,5,1205
18727,73290,73301,5,1205
18728,73427,73201,5,1205
18729,73438,73926,5,1205
18730,73044,73298,5,1205
18731,73075,73735,5,1205
18732,73862,73147,5,1205
18733,73774,73179,5,1205
18734,73742,73100,5,1205
18735,73626,73463,5,1205
18736,73441,73184,5,1205
18737,73501,73543,5,1205
18738,73542,73338,5,1205
18739,73878,73532,5,1205
18740,73847,73927,5,1205
18741,73930,73168,5,1205
18742,73263,73840,5,1205
18743,73334,73134,5,1205
18744,73059,73030,5,1205
18745,73034,73185,5,1205
18746,73647,73602,5,1205
18747,73529,73782,5,1205
18748,72952,73485,5,1205
18749,73613,73381,5,1205
18750,73773,73022,5,1205
18751,73342,73611,5,1205
18752,73431,73838,5,1205
18753,73471,72968,5,1205
18754,73505,73380,5,1205
18755,73790,73797,5,1205
18756,73771,73312,5,1205
18757,72928,73481,5,1205
18758,73799,73165,5,1205
18759,73420,73753,5,1205
18760,73124,73805,5,1205
18761,73866,72993,5,1205
18762,73157,73111,5,1205
18763,73777,73306,5,1205
18764,73089,73829,5,1205
18765,73116,73080,5,1205
18766,72925,73317,5,1205
18767,73807,73906,5,1205
18768,73097,73523,5,1205
18769,73451,72974,5,1205
18770,72972,73330,5,1205
18771,73187,73568,5,1205
18772,73270,73227,5,1205
18773,73176,73794,5,1205
18774,73238,73655,5,1205
18775,73915,73896,5,1205
18776,72942,73907,5,1205
18777,73757,73101,5,1205
18778,73430,73492,5,1205
18779,73288,73347,5,1205
18780,73377,73423,5,1205
18781,73439,73762,5,1205
18782,73932,73214,5,1205
18783,73191,73499,5,1205
18784,73593,73432,5,1205
18785,72933,73285,5,1205
18786,73913,73394,5,1205
18787,73544,73158,5,1205
18788,73119,73115,5,1205
18789,73188,73415,5,1205
18790,73320,73319,5,1205
18791,73043,73061,5,1205
18792,73308,73767,5,1205
18793,73314,72937,5,1205
18794,73065,72936,5,1205
18795,72969,72987,5,1205
18796,73051,73272,5,1205
18797,73620,73070,5,1205
18798,73094,73723,5,1205
18799,72927,73721,5,1205
18800,73278,73603,5,1205
18801,73108,73339,5,1205
18802,73183,73163,5,1205
18803,73082,72977,5,1205
18804,73604,73360,5,1205
18805,73289,73524,5,1205
18806,73434,73387,5,1205
18807,73037,73224,5,1205
18808,73781,73517,5,1205
18809,73428,73384,5,1205
18810,73140,73574,5,1205
18811,73818,73473,5,1205
18812,73876,73934,5,1205
18813,72979,72954,5,1205
18814,72953,73514,5,1205
18815,73112,73880,5,1205
18816,73220,73419,5,1205
18817,73217,73331,5,1205
18818,73257,72975,5,1205
18819,73823,73189,5,1205
18820,73766,73607,5,1205
18821,73149,73003,5,1205
18822,72994,73218,5,1205
18823,73281,73719,5,1205
18824,73084,73139,5,1205
18825,73249,73229,5,1205
18826,73734,73244,5,1205
18827,73054,72996,5,1205
18828,73253,73558,5,1205
18829,73899,73333,5,1205
18830,73694,73832,5,1205
18831,72959,72963,5,1205
18832,73093,73561,5,1205
18833,73341,73914,5,1205
18834,73209,73326,5,1205
18835,73335,73138,5,1205
18836,73689,73160,5,1205
18837,73210,72944,5,1205
18838,73231,73615,5,1205
18839,73886,72964,5,1205
18840,73489,73750,5,1205
18841,73252,73192,5,1205
18842,73633,73650,5,1205
18843,73538,73172,5,1205
18844,73635,73916,5,1205
18845,73570,73569,5,1205
18846,73749,73391,5,1205
18847,73066,73173,5,1205
18848,73768,73305,5,1205
18849,73228,73502,5,1205
18850,73126,73651,5,1205
18851,73678,73031,5,1205
18852,73332,73751,5,1205
18853,73933,73015,5,1205
18854,73849,73855,5,1205
18855,73548,73573,5,1205
18856,73437,73099,5,1205
18857,73161,73083,5,1205
18858,73813,73616,5,1205
18859,73496,73276,5,1205
18860,73409,73458,5,1205
18861,73175,73551,5,1205
18862,73925,73648,5,1205
18863,73728,73547,5,1205
18864,73219,73378,5,1205
18865,73103,73039,5,1205
18866,73153,73171,5,1205
18867,73503,73418,5,1205
18868,73699,73776,5,1205
18869,73366,73836,5,1205
18870,73465,73104,5,1205
18871,73274,73417,5,1205
18872,73897,73848,5,1205
18873,73812,73212,5,1205
18874,72998,73236,5,1205
18875,73354,73106,5,1205
18876,73519,73143,5,1205
18877,73917,73827,5,1205
18878,73109,73246,5,1205
18879,73515,72985,5,1205
18880,72951,72955,5,1205
18881,73779,73738,5,1205
18882,73759,73018,5,1205
18883,73881,73703,5,1205
18884,73261,73271,5,1205
18885,73638,73235,5,1205
18886,73617,73646,5,1205
18887,73047,73592,5,1205
18888,72981,73661,5,1205
18889,73918,73608,5,1205
18890,73482,73057,5,1205
18891,72990,73819,5,1205
18892,73684,73421,5,1205
18893,73775,73825,5,1205
18894,73676,73279,5,1205
18895,73859,73196,5,1205
18896,73169,73908,5,1205
18897,73708,73283,5,1205
18898,73873,73182,5,1205
18899,72945,73204,5,1205
18900,73920,73820,5,1205
18901,73495,73816,5,1205
18902,73793,73618,5,1205
18903,73475,73665,5,1205
18904,73652,73599,5,1205
18905,73565,73612,5,1205
18906,73756,73447,5,1205
18907,73273,73064,5,1205
18908,73579,73575,5,1205
18909,73223,72986,5,1205
18910,73255,73675,5,1205
18911,73352,73363,5,1205
18912,73180,73407,5,1205
18913,73035,73081,5,1205
18914,73660,73627,5,1205
18915,73293,73038,5,1205
18916,73745,73668,5,1205
18917,73657,73207,5,1205
18918,73591,73637,5,1205
18919,73553,73400,5,1205
18920,73815,73534,5,1205
18921,73546,73821,5,1205
18922,73433,73518,5,1205
18923,73583,73012,5,1205
18924,73504,73769,5,1205
18925,73324,72989,5,1205
18926,73644,73240,5,1205
18927,73243,73645,5,1205
18928,73267,73028,5,1205
18929,73213,73248,5,1205
18930,72988,73045,5,1205
18931,73008,73203,5,1205
18932,73452,73368,5,1205
18933,73399,73090,5,1205
18934,73017,73653,5,1205
18935,73021,73656,5,1205
18936,73636,73846,5,1205
18937,73864,73833,5,1205
18938,73891,73370,5,1205
18939,72929,73389,5,1205
18940,73764,72943,5,1205
18941,73367,73693,5,1205
18942,73817,72992,5,1205
18943,73901,73929,5,1205
18944,73402,73854,5,1205
18945,73879,73554,5,1205
18946,73788,73487,5,1205
18947,73408,73092,5,1205
18948,73844,73323,5,1205
18949,73436,73709,5,1205
18950,73555,73632,5,1205
18951,73744,73007,5,1205
18952,73598,73222,5,1205
18953,73649,73350,5,1205
18954,73033,73445,5,1205
18955,73696,73562,5,1205
18956,73539,73142,5,1205
18957,73198,73385,5,1205
18958,73601,73935,5,1205
18959,73715,73801,5,1205
18960,73861,73571,5,1205
18961,73826,73006,5,1205
18962,73520,73049,5,1205
18963,73379,73026,5,1205
18964,73023,73159,5,1205
18965,73337,73900,5,1205
18966,73016,73310,5,1205
18967,72948,73685,5,1205
18968,73872,73761,5,1205
18969,73256,73609,5,1205
18970,73845,73629,5,1205
18971,73702,73077,5,1205
18972,73595,73786,5,1205
18973,72935,73642,5,1205
18974,73457,73193,5,1205
18975,72967,73170,5,1205
18976,73718,73800,5,1205
18977,73850,73828,5,1205
18978,73351,73234,5,1205
18979,73476,73536,5,1205
18980,73778,73729,5,1205
18981,73087,73605,5,1205
18982,73619,73055,5,1205
18983,73000,73688,5,1205
18984,73706,73563,5,1205
18985,73136,73444,5,1205
18986,72941,73322,5,1205
18987,73376,73727,5,1205
18988,72983,72946,5,1205
18989,73905,73691,5,1205
18990,73063,73406,5,1205
18991,72934,73811,5,1205
18992,73404,73369,5,1205
18993,72950,73053,5,1205
18994,73460,73194,5,1205
18995,73733,73357,5,1205
18996,73010,73623,5,1205
18997,73467,73359,5,1205
18998,73472,73254,5,1205
18999,73129,72931,5,1205
19000,73824,73919,5,1205
19001,73842,73009,5,1205
19002,73230,73091,5,1205
19003,73484,73344,5,1205
19004,72962,72960,5,1205
19005,75756,74969,5,1230
19006,74664,74942,5,1230
19007,75614,74996,5,1230
19008,75177,75658,5,1230
19009,73960,75110,5,1230
19010,74754,74041,5,1230
19011,75095,74120,5,1230
19012,74530,74159,5,1230
19013,73947,74524,5,1230
19014,75341,75432,5,1230
19015,74482,74546,5,1230
19016,75887,74636,5,1230
19017,75741,75226,5,1230
19018,75694,75590,5,1230
19019,75475,75212,5,1230
19020,74148,75248,5,1230
19021,74057,74917,5,1230
19022,74186,74027,5,1230
19023,75034,75659,5,1230
19024,74049,75934,5,1230
19025,74802,75002,5,1230
19026,75489,74883,5,1230
19027,75473,74849,5,1230
19028,74501,75480,5,1230
19029,75558,75349,5,1230
19030,75900,74494,5,1230
19031,74099,74140,5,1230
19032,75180,74480,5,1230
19033,74193,74177,5,1230
19034,74180,75808,5,1230
19035,74059,74029,5,1230
19036,75927,74071,5,1230
19037,75004,74466,5,1230
19038,74711,74610,5,1230
19039,74600,74045,5,1230
19040,75430,74255,5,1230
19041,75343,75774,5,1230
19042,75544,75883,5,1230
19043,74223,74529,5,1230
19044,74931,74980,5,1230
19045,75666,75040,5,1230
19046,74408,74134,5,1230
19047,74151,75448,5,1230
19048,74420,75418,5,1230
19049,74326,74641,5,1230
19050,75442,74260,5,1230
19051,74873,75469,5,1230
19052,74922,75772,5,1230
19053,75351,74988,5,1230
19054,75220,75292,5,1230
19055,75626,75079,5,1230
19056,74936,75137,5,1230
19057,75296,74403,5,1230
19058,75950,74493,5,1230
19059,75910,74342,5,1230
19060,75327,74405,5,1230
19061,75159,75435,5,1230
19062,74302,73954,5,1230
19063,75948,75466,5,1230
19064,75235,74954,5,1230
19065,74679,74536,5,1230
19066,74563,74814,5,1230
19067,74171,75045,5,1230
19068,75122,74150,5,1230
19069,75874,75503,5,1230
19070,74562,74088,5,1230
19071,75134,74602,5,1230
19072,74705,74689,5,1230
19073,74307,73970,5,1230
19074,74888,75695,5,1230
19075,74978,74640,5,1230
19076,75750,74199,5,1230
19077,75492,75293,5,1230
19078,74598,75142,5,1230
19079,74249,74697,5,1230
19080,74175,75321,5,1230
19081,73986,74882,5,1230
19082,74592,74221,5,1230
19083,75329,75320,5,1230
19084,75655,75632,5,1230
19085,75521,75389,5,1230
19086,74968,75860,5,1230
19087,75022,75903,5,1230
19088,75029,74421,5,1230
19089,74100,75458,5,1230
19090,75224,75184,5,1230
19091,75665,74386,5,1230
19092,75769,75816,5,1230
19093,75723,74321,5,1230
19094,73998,74413,5,1230
19095,75203,74875,5,1230
19096,75061,75037,5,1230
19097,74573,74894,5,1230
19098,74955,75057,5,1230
19099,73994,74876,5,1230
19100,75218,75117,5,1230
19101,74668,75523,5,1230
19102,74200,75578,5,1230
19103,74203,75513,5,1230
19104,75299,75660,5,1230
19105,75592,75287,5,1230
19106,75733,75689,5,1230
19107,75705,74870,5,1230
19108,75391,74333,5,1230
19109,75073,75078,5,1230
19110,74776,75526,5,1230
19111,74951,74346,5,1230
19112,73965,75832,5,1230
19113,74013,74347,5,1230
19114,75132,75933,5,1230
19115,75525,75482,5,1230
19116,74467,74551,5,1230
19117,74352,75145,5,1230
19118,74165,75936,5,1230
19119,73953,74079,5,1230
19120,75819,74306,5,1230
19121,73985,75945,5,1230
19122,74766,75712,5,1230
19123,74248,75763,5,1230
19124,75187,75468,5,1230
19125,74146,75916,5,1230
19126,74355,74320,5,1230
19127,74354,75580,5,1230
19128,74738,74726,5,1230
19129,74135,74234,5,1230
19130,75167,75803,5,1230
19131,75209,75607,5,1230
19132,75867,74841,5,1230
19133,75163,74549,5,1230
19134,73946,73961,5,1230
19135,75181,75462,5,1230
19136,75176,75907,5,1230
19137,74975,74843,5,1230
19138,73943,75728,5,1230
19139,74116,74777,5,1230
19140,74540,74792,5,1230
19141,75791,74566,5,1230
19142,75788,75173,5,1230
19143,75870,75671,5,1230
19144,74232,74090,5,1230
19145,75384,74434,5,1230
19146,74817,75390,5,1230
19147,74533,74943,5,1230
19148,74026,75569,5,1230
19149,75229,74375,5,1230
19150,75259,75814,5,1230
19151,74042,75561,5,1230
19152,75217,75072,5,1230
19153,74730,74052,5,1230
19154,75403,75162,5,1230
19155,74075,74850,5,1230
19156,74002,74750,5,1230
19157,74582,74343,5,1230
19158,74432,74844,5,1230
19159,74709,74506,5,1230
19160,75010,74091,5,1230
19161,75700,74068,5,1230
19162,75014,74953,5,1230
19163,74763,75848,5,1230
19164,74612,75603,5,1230
19165,75369,75533,5,1230
19166,74499,75940,5,1230
19167,75339,75026,5,1230
19168,75601,75324,5,1230
19169,74660,74087,5,1230
19170,74893,75123,5,1230
19171,74164,74657,5,1230
19172,75003,75102,5,1230
19173,75082,75648,5,1230
19174,75817,75839,5,1230
19175,74240,75202,5,1230
19176,75846,75615,5,1230
19177,74063,75383,5,1230
19178,75361,73955,5,1230
19179,74292,74745,5,1230
19180,73940,75611,5,1230
19181,75736,75382,5,1230
19182,74811,75336,5,1230
19183,75456,74803,5,1230
19184,74062,74809,5,1230
19185,74682,75890,5,1230
19186,75727,75629,5,1230
19187,75739,75256,5,1230
19188,74939,73993,5,1230
19189,75083,75949,5,1230
19190,75722,74502,5,1230
19191,75335,75572,5,1230
19192,74508,75457,5,1230
19193,74056,74534,5,1230
19194,74496,74520,5,1230
19195,75273,74395,5,1230
19196,74401,75086,5,1230
19197,74254,75748,5,1230
19198,75582,75283,5,1230
19199,75664,74862,5,1230
19200,75600,75793,5,1230
19201,74548,74445,5,1230
19202,74758,74595,5,1230
19203,74739,74284,5,1230
19204,74778,75020,5,1230
19205,74928,75693,5,1230
19206,74774,73958,5,1230
19207,74363,74929,5,1230
19208,75409,75193,5,1230
19209,75886,75031,5,1230
19210,74909,74603,5,1230
19211,75404,75060,5,1230
19212,75330,75627,5,1230
19213,75485,74419,5,1230
19214,74020,74753,5,1230
19215,74834,74796,5,1230
19216,74261,74458,5,1230
19217,75780,74891,5,1230
19218,74515,75238,5,1230
19219,74162,75701,5,1230
19220,75205,75683,5,1230
19221,75925,75386,5,1230
19222,74209,74584,5,1230
19223,74649,74940,5,1230
19224,75586,74242,5,1230
19225,74583,74828,5,1230
19226,75751,75702,5,1230
19227,74080,75800,5,1230
19228,75470,75797,5,1230
19229,75647,74639,5,1230
19230,74295,73949,5,1230
19231,75198,74143,5,1230
19232,74550,75364,5,1230
19233,74770,75204,5,1230
19234,75223,74118,5,1230
19235,74818,74829,5,1230
19236,75405,75510,5,1230
19237,74765,75613,5,1230
19238,74433,75024,5,1230
19239,75550,75821,5,1230
19240,74906,75923,5,1230
19241,74362,74457,5,1230
19242,75213,74224,5,1230
19243,75428,74074,5,1230
19244,75781,75289,5,1230
19245,74319,74952,5,1230
19246,75716,75008,5,1230
19247,75347,75370,5,1230
19248,75112,74275,5,1230
19249,75559,75947,5,1230
19250,74961,75644,5,1230
19251,74825,74262,5,1230
19252,74061,75345,5,1230
19253,75801,74339,5,1230
19254,74490,75118,5,1230
19255,75164,74122,5,1230
19256,74993,75424,5,1230
19257,75012,73963,5,1230
19258,75677,75055,5,1230
19259,75452,74662,5,1230
19260,74189,75269,5,1230
19261,75787,74762,5,1230
19262,74107,74786,5,1230
19263,74357,75440,5,1230
19264,74535,75951,5,1230
19265,74367,75522,5,1230
19266,75672,75280,5,1230
19267,74880,75815,5,1230
19268,74016,75395,5,1230
19269,74688,75564,5,1230
19270,75326,75368,5,1230
19271,75216,74268,5,1230
19272,74854,74887,5,1230
19273,74154,75939,5,1230
19274,74804,75027,5,1230
19275,74204,74821,5,1230
19276,75830,75588,5,1230
19277,74435,75338,5,1230
19278,75089,74977,5,1230
19279,74277,74861,5,1230
19280,75634,74725,5,1230
19281,75272,75274,5,1230
19282,75251,74680,5,1230
19283,74608,74509,5,1230
19284,75106,74035,5,1230
19285,75307,73979,5,1230
19286,75250,75111,5,1230
19287,74422,75305,5,1230
19288,74144,75076,5,1230
19289,74336,75661,5,1230
19290,74923,75565,5,1230
19291,74369,75446,5,1230
19292,74991,74115,5,1230
19293,75047,74784,5,1230
19294,75221,75423,5,1230
19295,74095,75295,5,1230
19296,74404,73944,5,1230
19297,75074,75891,5,1230
19298,75919,74141,5,1230
19299,75675,75493,5,1230
19300,75281,74449,5,1230
19301,74376,75880,5,1230
19302,74576,74358,5,1230
19303,74890,75624,5,1230
19304,74191,75422,5,1230
19305,75684,74927,5,1230
19306,74596,74710,5,1230
19307,75455,75200,5,1230
19308,75461,75682,5,1230
19309,75381,74211,5,1230
19310,74418,75471,5,1230
19311,74048,75124,5,1230
19312,75264,74102,5,1230
19313,75798,74694,5,1230
19314,75038,74096,5,1230
19315,74436,74905,5,1230
19316,74687,75922,5,1230
19317,74838,74021,5,1230
19318,74724,75401,5,1230
19319,74700,75058,5,1230
19320,75912,75400,5,1230
19321,74294,74425,5,1230
19322,74411,74328,5,1230
19323,75068,75495,5,1230
19324,74684,74621,5,1230
19325,74017,75385,5,1230
19326,74832,74879,5,1230
19327,75930,74702,5,1230
19328,75504,74999,5,1230
19329,75011,75755,5,1230
19330,74219,74572,5,1230
19331,74635,75926,5,1230
19332,74351,75411,5,1230
19333,75784,75146,5,1230
19334,75869,75608,5,1230
19335,73990,74577,5,1230
19336,75486,75393,5,1230
19337,74571,75270,5,1230
19338,75924,74202,5,1230
19339,74901,74593,5,1230
19340,74121,74648,5,1230
19341,74532,75222,5,1230
19342,75928,75402,5,1230
19343,75427,75244,5,1230
19344,74491,73959,5,1230
19345,74364,74715,5,1230
19346,74900,74309,5,1230
19347,75625,74733,5,1230
19348,75093,75228,5,1230
19349,74736,75233,5,1230
19350,74498,75449,5,1230
19351,75556,74959,5,1230
19352,75609,75450,5,1230
19353,74246,74465,5,1230
19354,75009,74634,5,1230
19355,75877,75515,5,1230
19356,74541,75023,5,1230
19357,74594,74839,5,1230
19358,75902,75824,5,1230
19359,74359,75231,5,1230
19360,74781,74210,5,1230
19361,74842,75499,5,1230
19362,75314,75729,5,1230
19363,75703,74609,5,1230
19364,75674,74783,5,1230
19365,74650,74913,5,1230
19366,75255,75265,5,1230
19367,75896,74361,5,1230
19368,75099,75113,5,1230
19369,74676,75719,5,1230
19370,75802,75646,5,1230
19371,74981,75268,5,1230
19372,74864,75571,5,1230
19373,74965,75358,5,1230
19374,74317,74677,5,1230
19375,74580,74453,5,1230
19376,75943,75937,5,1230
19377,74426,75770,5,1230
19378,75551,73992,5,1230
19379,74101,73984,5,1230
19380,74686,74661,5,1230
19381,74129,75537,5,1230
19382,75445,75373,5,1230
19383,75767,74273,5,1230
19384,75346,75100,5,1230
19385,74744,75144,5,1230
19386,75275,74656,5,1230
19387,74371,75584,5,1230
19388,74737,74569,5,1230
19389,74428,75199,5,1230
19390,75168,75000,5,1230
19391,75690,75636,5,1230
19392,75738,74591,5,1230
19393,74220,74728,5,1230
19394,75182,74119,5,1230
19395,75479,75539,5,1230
19396,75317,75333,5,1230
19397,75488,73939,5,1230
19398,75030,75546,5,1230
19399,74790,75706,5,1230
19400,75524,75178,5,1230
19401,75862,74683,5,1230
19402,74089,74335,5,1230
19403,74244,74989,5,1230
19404,75208,75419,5,1230
19405,75541,74568,5,1230
19406,74473,75938,5,1230
19407,74001,75088,5,1230
19408,75737,75109,5,1230
19409,73952,75331,5,1230
19410,74372,74527,5,1230
19411,75494,74040,5,1230
19412,74272,74184,5,1230
19413,75015,74601,5,1230
19414,75260,74086,5,1230
19415,75560,74653,5,1230
19416,73988,75893,5,1230
19417,75016,74098,5,1230
19418,74586,74522,5,1230
19419,75575,74670,5,1230
19420,75667,74489,5,1230
19421,74816,74619,5,1230
19422,74500,74827,5,1230
19423,75210,75043,5,1230
19424,74930,74390,5,1230
19425,75354,74675,5,1230
19426,75253,75128,5,1230
19427,75334,75794,5,1230
19428,74696,75786,5,1230
19429,75241,74813,5,1230
19430,75019,74902,5,1230
19431,73974,75645,5,1230
19432,74638,74106,5,1230
19433,74712,75425,5,1230
19434,74538,74256,5,1230
19435,75459,75136,5,1230
19436,75717,74731,5,1230
19437,75502,75298,5,1230
19438,74051,74531,5,1230
19439,75107,75378,5,1230
19440,75744,74397,5,1230
19441,74055,75160,5,1230
19442,75518,75267,5,1230
19443,74946,74625,5,1230
19444,74208,74297,5,1230
19445,74920,74241,5,1230
19446,74611,74605,5,1230
19447,74487,75715,5,1230
19448,74764,74394,5,1230
19449,74799,74962,5,1230
19450,74356,74188,5,1230
19451,75304,75612,5,1230
19452,74853,73975,5,1230
19453,74848,75532,5,1230
19454,74138,74819,5,1230
19455,74859,75529,5,1230
19456,75108,75397,5,1230
19457,75297,75033,5,1230
19458,74654,75633,5,1230
19459,75606,75573,5,1230
19460,75207,75498,5,1230
19461,74054,75835,5,1230
19462,74393,75156,5,1230
19463,75263,75042,5,1230
19464,75302,74022,5,1230
19465,74570,74382,5,1230
19466,74836,74278,5,1230
19467,74243,75257,5,1230
19468,74464,74406,5,1230
19469,74448,74287,5,1230
19470,75805,75792,5,1230
19471,73966,74226,5,1230
19472,75414,75589,5,1230
19473,74111,75698,5,1230
19474,75069,74518,5,1230
19475,75638,74182,5,1230
19476,75348,74113,5,1230
19477,75766,74865,5,1230
19478,74170,74543,5,1230
19479,74444,75931,5,1230
19480,75152,74237,5,1230
19481,74741,75451,5,1230
19482,77883,77884,6,1025
19483,77883,77884,6,1005
19484,77885,77886,6,1005
19485,77891,77887,6,1030
19486,77889,77892,6,1030
19487,77890,77894,6,1030
19488,77888,77895,6,1030
19489,77906,77897,6,1055
19490,77902,77901,6,1055
19491,77900,77904,6,1055
19492,77910,77911,6,1055
19493,77903,77899,6,1055
19494,77898,77909,6,1055
19495,77907,77896,6,1055
19496,77914,77905,6,1055
19497,77918,77935,6,1080
19498,77940,77922,6,1080
19499,77927,77943,6,1080
19500,77937,77942,6,1080
19501,77932,77921,6,1080
19502,77915,77931,6,1080
19503,77946,77920,6,1080
19504,77926,77939,6,1080
19505,77925,77936,6,1080
19506,77916,77944,6,1080
19507,77933,77930,6,1080
19508,77924,77917,6,1080
19509,77938,77934,6,1080
19510,77941,77945,6,1080
19511,77928,77919,6,1080
19512,77948,77929,6,1080
19513,77986,77994,6,1105
19514,78009,77958,6,1105
19515,78012,78016,6,1105
19516,77973,77979,6,1105
19517,77954,78014,6,1105
19518,77984,77968,6,1105
19519,78002,78007,6,1105
19520,77949,77952,6,1105
19521,78015,78006,6,1105
19522,77964,77961,6,1105
19523,77995,78011,6,1105
19524,77998,77959,6,1105
19525,77990,77970,6,1105
19526,77976,78010,6,1105
19527,77960,77969,6,1105
19528,77988,77956,6,1105
19529,78005,77977,6,1105
19530,78013,78000,6,1105
19531,77981,77957,6,1105
19532,78008,77987,6,1105
19533,77980,77985,6,1105
19534,77992,77951,6,1105
19535,77991,78004,6,1105
19536,77983,78001,6,1105
19537,77974,77999,6,1105
19538,77963,77962,6,1105
19539,77982,77972,6,1105
19540,77967,77975,6,1105
19541,77997,77978,6,1105
19542,77965,77950,6,1105
19543,78003,77966,6,1105
19544,77993,77996,6,1105
19545,78137,78055,6,1130
19546,78139,78046,6,1130
19547,78135,78107,6,1130
19548,78022,78029,6,1130
19549,78037,78112,6,1130
19550,78087,78133,6,1130
19551,78095,78084,6,1130
19552,78057,78074,6,1130
19553,78058,78145,6,1130
19554,78052,78117,6,1130
19555,78099,78068,6,1130
19556,78079,78102,6,1130
19557,78042,78118,6,1130
19558,78094,78018,6,1130
19559,78027,78049,6,1130
19560,78147,78088,6,1130
19561,78114,78065,6,1130
19562,78025,78125,6,1130
19563,78030,78096,6,1130
19564,78069,78128,6,1130
19565,78066,78076,6,1130
19566,78090,78054,6,1130
19567,78113,78061,6,1130
19568,78127,78072,6,1130
19569,78031,78024,6,1130
19570,78081,78142,6,1130
19571,78141,78045,6,1130
19572,78041,78093,6,1130
19573,78097,78134,6,1130
19574,78101,78120,6,1130
19575,78092,78048,6,1130
19576,78070,78089,6,1130
19577,78132,78100,6,1130
19578,78143,78050,6,1130
19579,78111,78082,6,1130
19580,78123,78077,6,1130
19581,78126,78064,6,1130
19582,78059,78034,6,1130
19583,78103,78083,6,1130
19584,78063,78106,6,1130
19585,78038,78085,6,1130
19586,78131,78021,6,1130
19587,78017,78047,6,1130
19588,78078,78026,6,1130
19589,78075,78104,6,1130
19590,78110,78098,6,1130
19591,78032,78115,6,1130
19592,78019,78033,6,1130
19593,78146,78053,6,1130
19594,78073,78136,6,1130
19595,78119,78108,6,1130
19596,78067,78040,6,1130
19597,78124,78080,6,1130
19598,78130,78105,6,1130
19599,78121,78116,6,1130
19600,78138,78091,6,1130
19601,78023,78129,6,1130
19602,78036,78035,6,1130
19603,78071,78056,6,1130
19604,78062,78086,6,1130
19605,78144,78028,6,1130
19606,78044,78051,6,1130
19607,78122,78148,6,1130
19608,78043,78149,6,1130
19609,78336,78270,6,1155
19610,78169,78402,6,1155
19611,78236,78162,6,1155
19612,78222,78181,6,1155
19613,78329,78310,6,1155
19614,78188,78366,6,1155
19615,78260,78197,6,1155
19616,78294,78196,6,1155
19617,78224,78211,6,1155
19618,78357,78249,6,1155
19619,78271,78378,6,1155
19620,78153,78214,6,1155
19621,78151,78230,6,1155
19622,78345,78237,6,1155
19623,78152,78376,6,1155
19624,78315,78189,6,1155
19625,78309,78159,6,1155
19626,78394,78220,6,1155
19627,78277,78388,6,1155
19628,78274,78404,6,1155
19629,78259,78406,6,1155
19630,78229,78320,6,1155
19631,78339,78398,6,1155
19632,78295,78168,6,1155
19633,78293,78308,6,1155
19634,78383,78170,6,1155
19635,78348,78160,6,1155
19636,78226,78343,6,1155
19637,78395,78317,6,1155
19638,78193,78346,6,1155
19639,78235,78176,6,1155
19640,78164,78332,6,1155
19641,78279,78205,6,1155
19642,78370,78283,6,1155
19643,78187,78234,6,1155
19644,78369,78303,6,1155
19645,78244,78368,6,1155
19646,78400,78318,6,1155
19647,78265,78175,6,1155
19648,78258,78306,6,1155
19649,78362,78178,6,1155
19650,78324,78367,6,1155
19651,78221,78275,6,1155
19652,78200,78390,6,1155
19653,78184,78393,6,1155
19654,78340,78264,6,1155
19655,78312,78190,6,1155
19656,78276,78304,6,1155
19657,78399,78209,6,1155
19658,78156,78313,6,1155
19659,78359,78375,6,1155
19660,78202,78263,6,1155
19661,78333,78256,6,1155
19662,78298,78250,6,1155
19663,78372,78305,6,1155
19664,78364,78233,6,1155
19665,78331,78254,6,1155
19666,78167,78291,6,1155
19667,78355,78316,6,1155
19668,78245,78301,6,1155
19669,78207,78210,6,1155
19670,78337,78201,6,1155
19671,78251,78326,6,1155
19672,78405,78335,6,1155
19673,78351,78174,6,1155
19674,78292,78155,6,1155
19675,78280,78242,6,1155
19676,78186,78171,6,1155
19677,78269,78389,6,1155
19678,78213,78268,6,1155
19679,78319,78371,6,1155
19680,78285,78373,6,1155
19681,78374,78212,6,1155
19682,78385,78314,6,1155
19683,78360,78231,6,1155
19684,78216,78323,6,1155
19685,78379,78297,6,1155
19686,78232,78382,6,1155
19687,78206,78397,6,1155
19688,78240,78384,6,1155
19689,78191,78330,6,1155
19690,78173,78262,6,1155
19691,78215,78165,6,1155
19692,78282,78248,6,1155
19693,78257,78377,6,1155
19694,78338,78284,6,1155
19695,78328,78239,6,1155
19696,78227,78192,6,1155
19697,78253,78391,6,1155
19698,78266,78208,6,1155
19699,78349,78350,6,1155
19700,78302,78347,6,1155
19701,78342,78401,6,1155
19702,78267,78381,6,1155
19703,78172,78185,6,1155
19704,78325,78161,6,1155
19705,78380,78261,6,1155
19706,78341,78361,6,1155
19707,78352,78356,6,1155
19708,78286,78334,6,1155
19709,78321,78247,6,1155
19710,78180,78344,6,1155
19711,78392,78353,6,1155
19712,78183,78300,6,1155
19713,78219,78354,6,1155
19714,78203,78289,6,1155
19715,78311,78299,6,1155
19716,78246,78296,6,1155
19717,78386,78307,6,1155
19718,78396,78158,6,1155
19719,78225,78273,6,1155
19720,78198,78166,6,1155
19721,78403,78241,6,1155
19722,78157,78358,6,1155
19723,78223,78179,6,1155
19724,78288,78150,6,1155
19725,78163,78363,6,1155
19726,78177,78217,6,1155
19727,78272,78327,6,1155
19728,78255,78228,6,1155
19729,78322,78387,6,1155
19730,78243,78154,6,1155
19731,78218,78287,6,1155
19732,78407,78281,6,1155
19733,78408,78365,6,1155
19734,78409,78252,6,1155
19735,78410,78199,6,1155
19736,78411,78278,6,1155
19737,78764,78583,6,1180
19738,78825,78561,6,1180
19739,78809,78525,6,1180
19740,78420,78683,6,1180
19741,78615,78694,6,1180
19742,78626,78611,6,1180
19743,78581,78778,6,1180
19744,78916,78426,6,1180
19745,78585,78897,6,1180
19746,78861,78749,6,1180
19747,78556,78785,6,1180
19748,78479,78635,6,1180
19749,78599,78550,6,1180
19750,78430,78756,6,1180
19751,78432,78865,6,1180
19752,78871,78814,6,1180
19753,78697,78695,6,1180
19754,78562,78721,6,1180
19755,78642,78655,6,1180
19756,78584,78806,6,1180
19757,78524,78475,6,1180
19758,78580,78546,6,1180
19759,78901,78640,6,1180
19760,78877,78616,6,1180
19761,78804,78425,6,1180
19762,78685,78757,6,1180
19763,78719,78808,6,1180
19764,78849,78716,6,1180
19765,78789,78509,6,1180
19766,78858,78474,6,1180
19767,78803,78531,6,1180
19768,78864,78866,6,1180
19769,78793,78570,6,1180
19770,78538,78845,6,1180
19771,78451,78574,6,1180
19772,78900,78665,6,1180
19773,78542,78729,6,1180
19774,78466,78776,6,1180
19775,78867,78872,6,1180
19776,78767,78881,6,1180
19777,78730,78486,6,1180
19778,78717,78628,6,1180
19779,78507,78686,6,1180
19780,78848,78664,6,1180
19781,78433,78557,6,1180
19782,78647,78844,6,1180
19783,78623,78587,6,1180
19784,78582,78566,6,1180
19785,78680,78652,6,1180
19786,78520,78671,6,1180
19787,78540,78629,6,1180
19788,78576,78712,6,1180
19789,78414,78621,6,1180
19790,78439,78470,6,1180
19791,78746,78577,6,1180
19792,78801,78622,6,1180
19793,78445,78887,6,1180
19794,78645,78499,6,1180
19795,78903,78545,6,1180
19796,78667,78452,6,1180
19797,78734,78876,6,1180
19798,78508,78554,6,1180
19799,78533,78879,6,1180
19800,78610,78558,6,1180
19801,78442,78676,6,1180
19802,78454,78526,6,1180
19803,78732,78572,6,1180
19804,78896,78906,6,1180
19805,78760,78723,6,1180
19806,78649,78755,6,1180
19807,78617,78705,6,1180
19808,78821,78687,6,1180
19809,78552,78537,6,1180
19810,78656,78493,6,1180
19811,78505,78633,6,1180
19812,78461,78458,6,1180
19813,78478,78874,6,1180
19814,78752,78637,6,1180
19815,78878,78728,6,1180
19816,78553,78777,6,1180
19817,78495,78684,6,1180
19818,78852,78846,6,1180
19819,78481,78779,6,1180
19820,78842,78737,6,1180
19821,78644,78631,6,1180
19822,78682,78627,6,1180
19823,78447,78607,6,1180
19824,78810,78915,6,1180
19825,78600,78782,6,1180
19826,78841,78489,6,1180
19827,78763,78589,6,1180
19828,78646,78516,6,1180
19829,78735,78855,6,1180
19830,78907,78473,6,1180
19831,78450,78823,6,1180
19832,78813,78817,6,1180
19833,78497,78727,6,1180
19834,78522,78512,6,1180
19835,78669,78774,6,1180
19836,78532,78643,6,1180
19837,78510,78541,6,1180
19838,78661,78766,6,1180
19839,78794,78745,6,1180
19840,78738,78736,6,1180
19841,78485,78536,6,1180
19842,78911,78875,6,1180
19843,78440,78419,6,1180
19844,78523,78829,6,1180
19845,78905,78707,6,1180
19846,78565,78762,6,1180
19847,78468,78703,6,1180
19848,78596,78868,6,1180
19849,78856,78750,6,1180
19850,78773,78769,6,1180
19851,78863,78618,6,1180
19852,78859,78797,6,1180
19853,78742,78805,6,1180
19854,78892,78895,6,1180
19855,78870,78579,6,1180
19856,78591,78443,6,1180
19857,78708,78791,6,1180
19858,78833,78598,6,1180
19859,78504,78501,6,1180
19860,78515,78476,6,1180
19861,78679,78753,6,1180
19862,78820,78455,6,1180
19863,78594,78503,6,1180
19864,78670,78506,6,1180
19865,78917,78672,6,1180
19866,78798,78771,6,1180
19867,78467,78518,6,1180
19868,78799,78601,6,1180
19869,78913,78706,6,1180
19870,78840,78630,6,1180
19871,78603,78521,6,1180
19872,78660,78696,6,1180
19873,78822,78889,6,1180
19874,78416,78569,6,1180
19875,78747,78904,6,1180
19876,78726,78688,6,1180
19877,78657,78815,6,1180
19878,78413,78800,6,1180
19879,78448,78891,6,1180
19880,78641,78843,6,1180
19881,78494,78743,6,1180
19882,78423,78666,6,1180
19883,78428,78784,6,1180
19884,78835,78498,6,1180
19885,78650,78436,6,1180
19886,78659,78469,6,1180
19887,78812,78548,6,1180
19888,78710,78731,6,1180
19889,78488,78496,6,1180
19890,78869,78709,6,1180
19891,78449,78681,6,1180
19892,78513,78725,6,1180
19893,78783,78612,6,1180
19894,78854,78578,6,1180
19895,78636,78720,6,1180
19896,78758,78511,6,1180
19897,78654,78412,6,1180
19898,78714,78775,6,1180
19899,78853,78811,6,1180
19900,78744,78830,6,1180
19901,78713,78851,6,1180
19902,78586,78606,6,1180
19903,78819,78464,6,1180
19904,78857,78836,6,1180
19905,78838,78902,6,1180
19906,78632,78795,6,1180
19907,78471,78418,6,1180
19908,78691,78480,6,1180
19909,78492,78535,6,1180
19910,78898,78751,6,1180
19911,78463,78415,6,1180
19912,78547,78837,6,1180
19913,78588,78839,6,1180
19914,78754,78427,6,1180
19915,78768,78790,6,1180
19916,78544,78477,6,1180
19917,78638,78873,6,1180
19918,78624,78828,6,1180
19919,78614,78590,6,1180
19920,78910,78899,6,1180
19921,78674,78884,6,1180
19922,78605,78698,6,1180
19923,78559,78780,6,1180
19924,78826,78787,6,1180
19925,78613,78543,6,1180
19926,78888,78796,6,1180
19927,78457,78500,6,1180
19928,78662,78692,6,1180
19929,78549,78639,6,1180
19930,78437,78701,6,1180
19931,78429,78914,6,1180
19932,78788,78781,6,1180
19933,78435,78530,6,1180
19934,78786,78602,6,1180
19935,78663,78502,6,1180
19936,78421,78912,6,1180
19937,78772,78434,6,1180
19938,78827,78648,6,1180
19939,78465,78862,6,1180
19940,78491,78563,6,1180
19941,78886,78527,6,1180
19942,78608,78625,6,1180
19943,78818,78765,6,1180
19944,78909,78693,6,1180
19945,78519,78678,6,1180
19946,78460,78484,6,1180
19947,78551,78831,6,1180
19948,78690,78802,6,1180
19949,78567,78908,6,1180
19950,78487,78711,6,1180
19951,78759,78824,6,1180
19952,78534,78634,6,1180
19953,78529,78893,6,1180
19954,78539,78446,6,1180
19955,78880,78807,6,1180
19956,78483,78699,6,1180
19957,78860,78472,6,1180
19958,78438,78456,6,1180
19959,78770,78847,6,1180
19960,78573,78482,6,1180
19961,78658,78689,6,1180
19962,78560,78424,6,1180
19963,78816,78890,6,1180
19964,78514,78653,6,1180
19965,78883,78741,6,1180
19966,78761,78459,6,1180
19967,78555,78673,6,1180
19968,78702,78748,6,1180
19969,78431,78453,6,1180
19970,78462,78604,6,1180
19971,78575,78792,6,1180
19972,78668,78894,6,1180
19973,78571,78834,6,1180
19974,78733,78568,6,1180
19975,78592,78490,6,1180
19976,78593,78651,6,1180
19977,78517,78422,6,1180
19978,78597,78740,6,1180
19979,78620,78444,6,1180
19980,78609,78718,6,1180
19981,78832,78564,6,1180
19982,78885,78715,6,1180
19983,78704,78619,6,1180
19984,78677,78724,6,1180
19985,78417,78918,6,1180
19986,78700,78919,6,1180
19987,78850,78920,6,1180
19988,78675,78921,6,1180
19989,78441,78922,6,1180
19990,78595,78923,6,1180
19991,78882,78924,6,1180
19992,78739,78925,6,1180
19993,79957,79591,6,1205
19994,79932,79974,6,1205
19995,79664,79626,6,1205
19996,79731,78987,6,1205
19997,79311,79667,6,1205
19998,79748,79912,6,1205
19999,79299,79461,6,1205
20000,79768,79676,6,1205
20001,79298,79815,6,1205
20002,79894,79389,6,1205
20003,79375,79966,6,1205
20004,78952,79533,6,1205
20005,79329,79227,6,1205
20006,79116,79286,6,1205
20007,79610,79614,6,1205
20008,79108,79934,6,1205
20009,79573,79097,6,1205
20010,79102,78931,6,1205
20011,79245,79976,6,1205
20012,79138,79547,6,1205
20013,79493,79435,6,1205
20014,79333,79631,6,1205
20015,79155,79162,6,1205
20016,78958,79699,6,1205
20017,79111,79763,6,1205
20018,79770,78956,6,1205
20019,79143,79762,6,1205
20020,79871,79449,6,1205
20021,79510,79252,6,1205
20022,79640,78968,6,1205
20023,79275,79848,6,1205
20024,79278,79099,6,1205
20025,79527,79409,6,1205
20026,79147,79326,6,1205
20027,79611,79601,6,1205
20028,79258,79207,6,1205
20029,79545,79349,6,1205
20030,79399,78975,6,1205
20031,79439,79485,6,1205
20032,79653,79541,6,1205
20033,79372,79675,6,1205
20034,79936,79589,6,1205
20035,79853,79980,6,1205
20036,79647,79424,6,1205
20037,79767,79057,6,1205
20038,79185,79988,6,1205
20039,79043,79984,6,1205
20040,79800,79880,6,1205
20041,79696,79489,6,1205
20042,78944,79177,6,1205
20043,79797,78951,6,1205
20044,79327,79916,6,1205
20045,79885,78930,6,1205
20046,79854,78948,6,1205
20047,79151,79246,6,1205
20048,78990,79131,6,1205
20049,79036,79197,6,1205
20050,79923,79971,6,1205
20051,79045,79422,6,1205
20052,79705,79851,6,1205
20053,79397,79633,6,1205
20054,79818,79817,6,1205
20055,79302,78961,6,1205
20056,79393,79570,6,1205
20057,79745,79091,6,1205
20058,79016,79060,6,1205
20059,79471,78970,6,1205
20060,79496,79930,6,1205
20061,79598,79805,6,1205
20062,78947,79459,6,1205
20063,79269,79263,6,1205
20064,79157,79320,6,1205
20065,79917,79149,6,1205
20066,79216,79987,6,1205
20067,79342,79520,6,1205
20068,79193,79156,6,1205
20069,79703,79678,6,1205
20070,79419,79952,6,1205
20071,79642,79967,6,1205
20072,79554,79292,6,1205
20073,79249,79845,6,1205
20074,78949,79395,6,1205
20075,79517,79037,6,1205
20076,78938,79303,6,1205
20077,79264,79688,6,1205
20078,79804,79039,6,1205
20079,79346,79450,6,1205
20080,79119,79724,6,1205
20081,79951,79139,6,1205
20082,79398,79735,6,1205
20083,79321,79152,6,1205
20084,79721,79353,6,1205
20085,79684,79048,6,1205
20086,79946,79221,6,1205
20087,79562,79330,6,1205
20088,79233,79068,6,1205
20089,79544,79959,6,1205
20090,79046,79290,6,1205
20091,79872,79438,6,1205
20092,79534,79088,6,1205
20093,79190,79200,6,1205
20094,79734,79512,6,1205
20095,79789,79214,6,1205
20096,79809,79059,6,1205
20097,78962,79868,6,1205
20098,79047,79693,6,1205
20099,79680,79931,6,1205
20100,79368,79235,6,1205
20101,78991,79334,6,1205
20102,79914,79061,6,1205
20103,79992,78988,6,1205
20104,79671,79553,6,1205
20105,79571,79055,6,1205
20106,79632,79495,6,1205
20107,79706,79040,6,1205
20108,79050,79576,6,1205
20109,79666,79897,6,1205
20110,79208,79900,6,1205
20111,79875,79650,6,1205
20112,78993,79012,6,1205
20113,79017,79142,6,1205
20114,79022,79195,6,1205
20115,79981,79558,6,1205
20116,78935,79723,6,1205
20117,79009,79117,6,1205
20118,79913,79669,6,1205
20119,79522,79536,6,1205
20120,79989,79864,6,1205
20121,79219,79822,6,1205
20122,79523,79649,6,1205
20123,78966,79630,6,1205
20124,79486,79832,6,1205
20125,79960,79076,6,1205
20126,79344,79371,6,1205
20127,79835,79891,6,1205
20128,79577,79524,6,1205
20129,79044,79477,6,1205
20130,79483,79071,6,1205
20131,79129,79940,6,1205
20132,79340,79945,6,1205
20133,79122,79597,6,1205
20134,79018,79100,6,1205
20135,79341,79519,6,1205
20136,79812,79383,6,1205
20137,79317,79105,6,1205
20138,79499,79095,6,1205
20139,79277,79720,6,1205
20140,79385,79569,6,1205
20141,79615,79211,6,1205
20142,79230,79786,6,1205
20143,79024,79218,6,1205
20144,79839,79568,6,1205
20145,79458,79975,6,1205
20146,79247,79657,6,1205
20147,79794,79592,6,1205
20148,79846,79414,6,1205
20149,79761,79672,6,1205
20150,79093,79806,6,1205
20151,79454,79873,6,1205
20152,79542,79673,6,1205
20153,79838,79240,6,1205
20154,79225,78984,6,1205
20155,79665,79935,6,1205
20156,79837,79775,6,1205
20157,79312,79203,6,1205
20158,79441,79104,6,1205
20159,79351,79608,6,1205
20160,79795,79645,6,1205
20161,79109,79400,6,1205
20162,79827,79933,6,1205
20163,79448,79447,6,1205
20164,79516,79492,6,1205
20165,79188,79355,6,1205
20166,79937,79187,6,1205
20167,79056,79549,6,1205
20168,79305,79985,6,1205
20169,79469,79198,6,1205
20170,79358,79183,6,1205
20171,79336,79773,6,1205
20172,79686,79802,6,1205
20173,79710,79352,6,1205
20174,79949,79272,6,1205
20175,79612,79883,6,1205
20176,79635,79338,6,1205
20177,79159,79739,6,1205
20178,79694,78995,6,1205
20179,79413,79259,6,1205
20180,79749,79564,6,1205
20181,79857,79918,6,1205
20182,79903,79175,6,1205
20183,79213,79792,6,1205
20184,79958,79421,6,1205
20185,79906,79114,6,1205
20186,79540,79085,6,1205
20187,79479,79343,6,1205
20188,79427,79772,6,1205
20189,79274,79660,6,1205
20190,78945,79878,6,1205
20191,79405,79215,6,1205
20192,79867,79535,6,1205
20193,79135,79798,6,1205
20194,79646,79033,6,1205
20195,79902,79220,6,1205
20196,79791,79418,6,1205
20197,79858,79617,6,1205
20198,78933,79708,6,1205
20199,79859,79555,6,1205
20200,79500,79799,6,1205
20201,79407,79585,6,1205
20202,79094,79173,6,1205
20203,79983,79546,6,1205
20204,79315,79655,6,1205
20205,79780,79757,6,1205
20206,79726,79217,6,1205
20207,79015,78955,6,1205
20208,79296,79829,6,1205
20209,79529,79443,6,1205
20210,79651,79828,6,1205
20211,79855,79898,6,1205
20212,79964,79210,6,1205
20213,79939,79628,6,1205
20214,78979,79954,6,1205
20215,79134,79153,6,1205
20216,78978,79234,6,1205
20217,79237,79228,6,1205
20218,79121,78957,6,1205
20219,79386,79041,6,1205
20220,79807,79911,6,1205
20221,79271,79771,6,1205
20222,79712,79092,6,1205
20223,79785,79552,6,1205
20224,79521,79750,6,1205
20225,79141,79169,6,1205
20226,79468,79515,6,1205
20227,79011,79004,6,1205
20228,79084,79677,6,1205
20229,79072,79586,6,1205
20230,79718,79561,6,1205
20231,79525,79080,6,1205
20232,79893,79180,6,1205
20233,79764,79325,6,1205
20234,79993,79364,6,1205
20235,79322,78927,6,1205
20236,78986,79145,6,1205
20237,79192,79700,6,1205
20238,79801,79255,6,1205
20239,79530,79090,6,1205
20240,79636,79279,6,1205
20241,79683,79769,6,1205
20242,79201,79411,6,1205
20243,79130,79266,6,1205
20244,79376,79943,6,1205
20245,79304,79782,6,1205
20246,79856,79834,6,1205
20247,79081,79025,6,1205
20248,79593,79963,6,1205
20249,79394,79014,6,1205
20250,79328,78983,6,1205
20251,79582,79381,6,1205
20252,79825,79487,6,1205
20253,79283,79977,6,1205
20254,78932,79031,6,1205
20255,79337,79758,6,1205
20256,79909,79070,6,1205
20257,79170,79357,6,1205
20258,79019,78959,6,1205
20259,79206,79973,6,1205
20260,79428,79904,6,1205
20261,79681,79819,6,1205
20262,79713,79695,6,1205
20263,79064,79691,6,1205
20264,79559,79023,6,1205
20265,78940,79609,6,1205
20266,79026,79199,6,1205
20267,79384,79886,6,1205
20268,79002,79348,6,1205
20269,79053,79467,6,1205
20270,79849,79202,6,1205
20271,79503,79863,6,1205
20272,78950,79679,6,1205
20273,79074,79814,6,1205
20274,79548,79287,6,1205
20275,79790,79316,6,1205
20276,79874,79620,6,1205
20277,79982,79005,6,1205
20278,79001,79754,6,1205
20279,79238,79267,6,1205
20280,79168,78964,6,1205
20281,79030,78982,6,1205
20282,79865,79743,6,1205
20283,79560,79662,6,1205
20284,79140,79224,6,1205
20285,79866,79462,6,1205
20286,79451,79354,6,1205
20287,79727,79687,6,1205
20288,79307,79508,6,1205
20289,79970,79955,6,1205
20290,79137,79075,6,1205
20291,79781,79613,6,1205
20292,79746,79065,6,1205
20293,79295,79972,6,1205
20294,79101,79032,6,1205
20295,79270,78953,6,1205
20296,79717,79870,6,1205
20297,79236,79579,6,1205
20298,79289,79265,6,1205
20299,79729,79472,6,1205
20300,78937,79251,6,1205
20301,79861,79887,6,1205
20302,79811,79250,6,1205
20303,79841,79892,6,1205
20304,79291,79531,6,1205
20305,79501,79621,6,1205
20306,79965,79948,6,1205
20307,78977,79167,6,1205
20308,79994,79788,6,1205
20309,79098,79722,6,1205
20310,79436,79644,6,1205
20311,79347,79160,6,1205
20312,79506,79125,6,1205
20313,79941,79605,6,1205
20314,79248,79083,6,1205
20315,79942,79253,6,1205
20316,79624,79634,6,1205
20317,79132,79078,6,1205
20318,79915,79616,6,1205
20319,79176,79884,6,1205
20320,79709,79953,6,1205
20321,79437,79390,6,1205
20322,79824,79752,6,1205
20323,79737,79181,6,1205
20324,79760,79736,6,1205
20325,79692,79360,6,1205
20326,79603,79623,6,1205
20327,78974,79391,6,1205
20328,79574,79313,6,1205
20329,79204,79124,6,1205
20330,79232,79622,6,1205
20331,79526,79013,6,1205
20332,79962,79293,6,1205
20333,79740,79288,6,1205
20334,79086,78943,6,1205
20335,79079,79285,6,1205
20336,79433,79504,6,1205
20337,79656,79539,6,1205
20338,79869,79158,6,1205
20339,79513,79648,6,1205
20340,79382,79938,6,1205
20341,79732,79565,6,1205
20342,79557,79196,6,1205
20343,79556,78963,6,1205
20344,79704,79716,6,1205
20345,79335,79178,6,1205
20346,79243,79212,6,1205
20347,79410,79922,6,1205
20348,79747,79474,6,1205
20349,78981,79373,6,1205
20350,79063,79445,6,1205
20351,79847,79416,6,1205
20352,78989,79387,6,1205
20353,79926,79363,6,1205
20354,79035,79654,6,1205
20355,79415,79590,6,1205
20356,79488,79498,6,1205
20357,79511,78999,6,1205
20358,79128,79003,6,1205
20359,79833,79154,6,1205
20360,79456,79164,6,1205
20361,79379,79294,6,1205
20362,79136,79730,6,1205
20363,79420,79927,6,1205
20364,79852,79396,6,1205
20365,79733,79947,6,1205
20366,79725,79670,6,1205
20367,79324,79840,6,1205
20368,79882,79881,6,1205
20369,79222,78942,6,1205
20370,79453,79205,6,1205
20371,79876,79698,6,1205
20372,79350,79538,6,1205
20373,79021,79836,6,1205
20374,79697,79194,6,1205
20375,79575,79171,6,1205
20376,79594,79112,6,1205
20377,79659,79282,6,1205
20378,79899,79663,6,1205
20379,79481,79150,6,1205
20380,79587,79821,6,1205
20381,79908,79179,6,1205
20382,79625,79991,6,1205
20383,79618,79877,6,1205
20384,79910,79808,6,1205
20385,79702,79182,6,1205
20386,79728,79888,6,1205
20387,79584,79627,6,1205
20388,79563,79401,6,1205
20389,79226,79532,6,1205
20390,79473,79254,6,1205
20391,79742,79497,6,1205
20392,79054,79905,6,1205
20393,79442,79308,6,1205
20394,79637,79543,6,1205
20395,79901,79309,6,1205
20396,79956,79417,6,1205
20397,79318,79862,6,1205
20398,79766,79715,6,1205
20399,79470,79120,6,1205
20400,79606,79751,6,1205
20401,79077,79431,6,1205
20402,79944,79689,6,1205
20403,79356,79402,6,1205
20404,79281,79711,6,1205
20405,78976,79113,6,1205
20406,79148,79638,6,1205
20407,79434,79629,6,1205
20408,79995,79273,6,1205
20409,79572,78973,6,1205
20410,79850,79514,6,1205
20411,79209,79929,6,1205
20412,79774,79928,6,1205
20413,79674,79551,6,1205
20414,79028,79476,6,1205
20415,79006,78994,6,1205
20416,79184,79161,6,1205
20417,79482,79186,6,1205
20418,79049,79106,6,1205
20419,79925,78939,6,1205
20420,79968,79366,6,1205
20421,79690,79895,6,1205
20422,79172,78965,6,1205
20423,79491,79367,6,1205
20424,79339,79879,6,1205
20425,79505,79460,6,1205
20426,79062,79426,6,1205
20427,79907,78934,6,1205
20428,79369,79843,6,1205
20429,79759,79223,6,1205
20430,79133,79502,6,1205
20431,79127,79921,6,1205
20432,79052,79820,6,1205
20433,78997,79652,6,1205
20434,79425,79300,6,1205
20435,79020,79842,6,1205
20436,78992,79096,6,1205
20437,79345,78996,6,1205
20438,79639,79126,6,1205
20439,79144,79165,6,1205
20440,79755,79599,6,1205
20441,79753,79073,6,1205
20442,79756,79765,6,1205
20443,79484,79588,6,1205
20444,78971,79490,6,1205
20445,79463,78972,6,1205
20446,79619,79038,6,1205
20447,79067,79440,6,1205
20448,79979,79452,6,1205
20449,79658,79783,6,1205
20450,79896,79241,6,1205
20451,79990,79661,6,1205
20452,79777,79423,6,1205
20453,79189,79890,6,1205
20454,79380,78946,6,1205
20455,79816,79066,6,1205
20456,79042,79643,6,1205
20457,79388,79007,6,1205
20458,79306,79581,6,1205
20459,79844,79961,6,1205
20460,79779,79362,6,1205
20461,79110,79284,6,1205
20462,79166,79480,6,1205
20463,79280,79580,6,1205
20464,79034,79331,6,1205
20465,79229,79830,6,1205
20466,79889,79596,6,1205
20467,79778,78926,6,1205
20468,78998,79466,6,1205
20469,79310,78969,6,1205
20470,79089,79567,6,1205
20471,79058,79377,6,1205
20472,79464,79682,6,1205
20473,79429,79475,6,1205
20474,79701,79685,6,1205
20475,79457,79323,6,1205
20476,79507,79803,6,1205
20477,79359,79408,6,1205
20478,79604,79261,6,1205
20479,78960,79244,6,1205
20480,79444,79403,6,1205
20481,79268,79430,6,1205
20482,79378,79607,6,1205
20483,79738,79600,6,1205
20484,79793,79919,6,1205
20485,79051,79412,6,1205
20486,78980,79707,6,1205
20487,79297,79314,6,1205
20488,79860,79924,6,1205
20489,79528,79174,6,1205
20490,79103,79262,6,1205
20491,79602,79595,6,1205
20492,79231,79446,6,1205
20493,81835,80465,6,1230
20494,81422,81054,6,1230
20495,80818,80481,6,1230
20496,80069,80530,6,1230
20497,81159,80326,6,1230
20498,81020,80166,6,1230
20499,80063,81307,6,1230
20500,80427,80828,6,1230
20501,81679,81544,6,1230
20502,80691,81590,6,1230
20503,81895,80140,6,1230
20504,81049,81021,6,1230
20505,81642,80488,6,1230
20506,81780,81586,6,1230
20507,80090,80729,6,1230
20508,80972,80443,6,1230
20509,80135,80788,6,1230
20510,80482,81195,6,1230
20511,81541,80924,6,1230
20512,81522,80180,6,1230
20513,80905,81643,6,1230
20514,81748,81232,6,1230
20515,81341,80832,6,1230
20516,80633,81310,6,1230
20517,80216,81377,6,1230
20518,81079,80881,6,1230
20519,81051,81024,6,1230
20520,81502,81461,6,1230
20521,80667,80227,6,1230
20522,80051,80425,6,1230
20523,80075,81663,6,1230
20524,80001,80139,6,1230
20525,80478,81161,6,1230
20526,81765,81851,6,1230
20527,81976,81944,6,1230
20528,81949,80229,6,1230
20529,80697,80605,6,1230
20530,81497,81453,6,1230
20531,81221,81830,6,1230
20532,81951,82005,6,1230
20533,80737,81311,6,1230
20534,81254,80968,6,1230
20535,81887,80072,6,1230
20536,81147,81978,6,1230
20537,80276,80272,6,1230
20538,81670,82015,6,1230
20539,81070,80480,6,1230
20540,81173,80618,6,1230
20541,81565,80100,6,1230
20542,80716,81144,6,1230
20543,81203,81941,6,1230
20544,80749,80958,6,1230
20545,80817,81701,6,1230
20546,81580,81770,6,1230
20547,81927,80185,6,1230
20548,80989,80042,6,1230
20549,80548,81214,6,1230
20550,81884,80725,6,1230
20551,81081,80786,6,1230
20552,80235,80993,6,1230
20553,80532,81598,6,1230
20554,81761,81597,6,1230
20555,81395,81952,6,1230
20556,81384,80759,6,1230
20557,80518,80866,6,1230
20558,80777,80023,6,1230
20559,81684,81191,6,1230
20560,80684,81155,6,1230
20561,81790,81390,6,1230
20562,80769,81309,6,1230
20563,80540,81439,6,1230
20564,80607,80247,6,1230
20565,80967,81134,6,1230
20566,80765,81350,6,1230
20567,80712,81741,6,1230
20568,81489,80492,6,1230
20569,80108,81061,6,1230
20570,80964,80792,6,1230
20571,81854,80155,6,1230
20572,80479,80541,6,1230
20573,81836,81661,6,1230
20574,80142,80459,6,1230
20575,81922,80880,6,1230
20576,80551,81967,6,1230
20577,80378,80761,6,1230
20578,81165,80373,6,1230
20579,80048,80526,6,1230
20580,80585,80232,6,1230
20581,81060,81567,6,1230
20582,81116,81291,6,1230
20583,80742,80534,6,1230
20584,80981,80005,6,1230
20585,80860,81132,6,1230
20586,81408,80021,6,1230
20587,81251,80584,6,1230
20588,81181,81998,6,1230
20589,81548,81931,6,1230
20590,80701,80477,6,1230
20591,81268,81235,6,1230
20592,80579,80353,6,1230
20593,80876,80700,6,1230
20594,80394,80163,6,1230
20595,80927,81779,6,1230
20596,81759,80522,6,1230
20597,80350,80296,6,1230
20598,80542,81388,6,1230
20599,81757,81480,6,1230
20600,81282,80365,6,1230
20601,80452,80814,6,1230
20602,80077,81211,6,1230
20603,81563,81055,6,1230
20604,80387,81918,6,1230
20605,81110,80547,6,1230
20606,81274,80955,6,1230
20607,81454,81353,6,1230
20608,80559,81059,6,1230
20609,80528,81123,6,1230
20610,80448,81151,6,1230
20611,80520,80314,6,1230
20612,81606,81492,6,1230
20613,80225,81582,6,1230
20614,81217,81960,6,1230
20615,81778,81911,6,1230
20616,80810,80707,6,1230
20617,82007,81234,6,1230
20618,82008,81050,6,1230
20619,80007,80471,6,1230
20620,80184,80550,6,1230
20621,81746,80193,6,1230
20622,81507,81604,6,1230
20623,80367,80044,6,1230
20624,81719,80640,6,1230
20625,80710,80393,6,1230
20626,81883,80653,6,1230
20627,80746,81022,6,1230
20628,80781,81376,6,1230
20629,80094,81278,6,1230
20630,81404,80338,6,1230
20631,80543,81279,6,1230
20632,81475,81649,6,1230
20633,81929,81553,6,1230
20634,80256,81336,6,1230
20635,80059,81916,6,1230
20636,81577,80659,6,1230
20637,81259,80921,6,1230
20638,81418,81990,6,1230
20639,80589,80298,6,1230
20640,81094,81413,6,1230
20641,80218,81470,6,1230
20642,81158,80920,6,1230
20643,81029,81956,6,1230
20644,80249,80474,6,1230
20645,81381,80963,6,1230
20646,81579,80994,6,1230
20647,81913,80466,6,1230
20648,80312,81617,6,1230
20649,80766,81764,6,1230
20650,81683,80780,6,1230
20651,81905,80347,6,1230
20652,81358,80863,6,1230
20653,81423,80868,6,1230
20654,80848,81715,6,1230
20655,81961,81002,6,1230
20656,81315,81107,6,1230
20657,80732,80995,6,1230
20658,80527,81685,6,1230
20659,81613,81710,6,1230
20660,80207,81140,6,1230
20661,81645,80493,6,1230
20662,81460,80840,6,1230
20663,80342,80757,6,1230
20664,81972,81688,6,1230
20665,80060,80404,6,1230
20666,80694,81634,6,1230
20667,81890,80337,6,1230
20668,80582,81524,6,1230
20669,80675,81794,6,1230
20670,80360,81995,6,1230
20671,81808,81572,6,1230
20672,81215,80554,6,1230
20673,80496,80258,6,1230
20674,80574,80335,6,1230
20675,80260,80826,6,1230
20676,80161,81272,6,1230
20677,80278,81536,6,1230
20678,81907,80149,6,1230
20679,81434,80992,6,1230
20680,80795,81953,6,1230
20681,81486,80664,6,1230
20682,81479,80189,6,1230
20683,80646,81246,6,1230
20684,81792,80324,6,1230
20685,81322,80226,6,1230
20686,81639,80289,6,1230
20687,80656,81963,6,1230
20688,80406,81602,6,1230
20689,81516,81365,6,1230
20690,81284,80715,6,1230
20691,80799,81662,6,1230
20692,81321,81142,6,1230
20693,81019,80506,6,1230
20694,80834,81783,6,1230
20695,81281,80242,6,1230
20696,81847,80670,6,1230
20697,81587,80122,6,1230
20698,81045,81082,6,1230
20699,81625,81996,6,1230
20700,80397,81997,6,1230
20701,80016,81257,6,1230
20702,81017,82009,6,1230
20703,81875,80842,6,1230
20704,80141,80411,6,1230
20705,81591,80985,6,1230
20706,80450,81481,6,1230
20707,81332,81371,6,1230
20708,81363,80647,6,1230
20709,80032,81229,6,1230
20710,80739,81718,6,1230
20711,81097,80410,6,1230
20712,80437,82014,6,1230
20713,81078,81603,6,1230
20714,80807,81145,6,1230
20715,81073,80092,6,1230
20716,81640,80504,6,1230
20717,81513,80908,6,1230
20718,81561,81852,6,1230
20719,81178,81063,6,1230
20720,80358,80392,6,1230
20721,81370,81979,6,1230
20722,80986,81766,6,1230
20723,80824,80456,6,1230
20724,81345,80284,6,1230
20725,81705,80610,6,1230
20726,80890,81448,6,1230
20727,81910,81886,6,1230
20728,80025,81312,6,1230
20729,81900,81125,6,1230
20730,81236,81226,6,1230
20731,80308,81303,6,1230
20732,81443,80638,6,1230
20733,80676,81007,6,1230
20734,81241,80453,6,1230
20735,81644,81474,6,1230
20736,81993,80562,6,1230
20737,81636,80093,6,1230
20738,81518,80475,6,1230
20739,81240,81647,6,1230
20740,80374,80106,6,1230
20741,81722,80827,6,1230
20742,80352,80524,6,1230
20743,81939,81583,6,1230
20744,81478,81869,6,1230
20745,81429,81815,6,1230
20746,80561,81122,6,1230
20747,81023,80451,6,1230
20748,80720,80213,6,1230
20749,81968,81228,6,1230
20750,81488,80424,6,1230
20751,80843,80379,6,1230
20752,81071,81105,6,1230
20753,81372,80004,6,1230
20754,81043,80899,6,1230
20755,80660,80728,6,1230
20756,80087,81926,6,1230
20757,81120,80160,6,1230
20758,80996,80412,6,1230
20759,81314,80099,6,1230
20760,80789,81152,6,1230
20761,80754,80724,6,1230
20762,80727,80460,6,1230
20763,81415,80873,6,1230
20764,80078,80171,6,1230
20765,81608,80164,6,1230
20766,80234,81326,6,1230
20767,81333,80019,6,1230
20768,81420,81866,6,1230
20769,80295,81965,6,1230
20770,81373,81612,6,1230
20771,81325,80556,6,1230
20772,81707,80012,6,1230
20773,80144,80877,6,1230
20774,80441,81367,6,1230
20775,80696,80743,6,1230
20776,80516,80282,6,1230
20777,80708,80212,6,1230
20778,81938,81348,6,1230
20779,80984,80643,6,1230
20780,81714,80752,6,1230
20781,81396,80179,6,1230
20782,81987,81860,6,1230
20783,80936,80576,6,1230
20784,81799,81014,6,1230
20785,80802,80687,6,1230
20786,81822,79997,6,1230
20787,80037,81589,6,1230
20788,81665,80874,6,1230
20789,80501,80264,6,1230
20790,81026,81521,6,1230
20791,80623,81015,6,1230
20792,80884,80429,6,1230
20793,81904,80440,6,1230
20794,81449,81187,6,1230
20795,80915,81424,6,1230
20796,81827,81564,6,1230
20797,81184,81656,6,1230
20798,80196,80022,6,1230
20799,80833,81216,6,1230
20800,80421,80206,6,1230
20801,81859,80251,6,1230
20802,81912,81433,6,1230
20803,80248,80111,6,1230
20804,81571,81344,6,1230
20805,81734,81464,6,1230
20806,81892,81801,6,1230
20807,81628,80416,6,1230
20808,80949,81811,6,1230
20809,81706,80987,6,1230
20810,81092,80246,6,1230
20811,80511,80879,6,1230
20812,80837,81398,6,1230
20813,81713,80898,6,1230
20814,80878,81552,6,1230
20815,81103,81921,6,1230
20816,80611,80558,6,1230
20817,81784,80336,6,1230
20818,80333,81566,6,1230
20819,81596,81874,6,1230
20820,81202,81782,6,1230
20821,81086,81495,6,1230
20822,80588,81974,6,1230
20823,81089,81467,6,1230
20824,80376,82001,6,1230
20825,81539,81885,6,1230
20826,81410,81731,6,1230
20827,81225,80649,6,1230
20828,80408,80602,6,1230
20829,81809,80146,6,1230
20830,80035,81456,6,1230
20831,81837,81520,6,1230
20832,80306,80028,6,1230
20833,80405,80029,6,1230
20834,80538,81599,6,1230
20835,81459,80153,6,1230
20836,81446,81320,6,1230
20837,81096,80381,6,1230
20838,81940,80750,6,1230
20839,81726,81829,6,1230
20840,81067,81559,6,1230
20841,81231,80760,6,1230
20842,81473,81185,6,1230
20843,81920,81517,6,1230
20844,80280,80162,6,1230
20845,80844,80467,6,1230
20846,80215,80983,6,1230
20847,81005,80510,6,1230
20848,81743,80344,6,1230
20849,80950,81535,6,1230
20850,81425,81633,6,1230
20851,81445,81301,6,1230
20852,80359,80275,6,1230
20853,80669,80250,6,1230
20854,80796,81189,6,1230
20855,80253,81568,6,1230
20856,80034,81793,6,1230
20857,80145,81942,6,1230
20858,81848,80183,6,1230
20859,81403,80380,6,1230
20860,80082,81807,6,1230
20861,81894,80223,6,1230
20862,81698,80784,6,1230
20863,81115,81491,6,1230
20864,81506,81856,6,1230
20865,81986,80489,6,1230
20866,81458,81335,6,1230
20867,80891,80202,6,1230
20868,81374,80917,6,1230
20869,80616,80395,6,1230
20870,80513,80188,6,1230
20871,81575,81382,6,1230
20872,81362,81923,6,1230
20873,81468,81036,6,1230
20874,81355,80468,6,1230
20875,81068,81222,6,1230
20876,81959,81786,6,1230
20877,81925,80960,6,1230
20878,80024,80709,6,1230
20879,80010,81681,6,1230
20880,81863,80619,6,1230
20881,80771,80953,6,1230
20882,81703,80988,6,1230
20883,81800,80097,6,1230
20884,80862,81849,6,1230
20885,81175,81057,6,1230
20886,80775,80870,6,1230
20887,81465,80013,6,1230
20888,81129,81249,6,1230
20889,81283,81324,6,1230
20890,80323,80596,6,1230
20891,80041,81262,6,1230
20892,81678,81658,6,1230
20893,80598,81296,6,1230
20894,80173,80192,6,1230
20895,81769,80129,6,1230
20896,81510,81777,6,1230
20897,80663,81686,6,1230
20898,80315,81194,6,1230
20899,80277,80058,6,1230
20900,80081,81523,6,1230
20901,81294,81206,6,1230
20902,81027,81855,6,1230
20903,80673,80595,6,1230
20904,80266,81729,6,1230
20905,80133,81168,6,1230
20906,81172,80219,6,1230
20907,80398,80555,6,1230
20908,81066,81127,6,1230
20909,81605,81512,6,1230
20910,81631,80065,6,1230
20911,81100,81364,6,1230
20912,81004,80270,6,1230
20913,80823,81248,6,1230
20914,81250,81264,6,1230
20915,81245,81870,6,1230
20916,80181,80461,6,1230
20917,80642,80174,6,1230
20918,81964,80320,6,1230
20919,80662,80369,6,1230
20920,81841,80103,6,1230
20921,81087,80402,6,1230
20922,80346,81428,6,1230
20923,80505,80918,6,1230
20924,81924,81689,6,1230
20925,80872,80680,6,1230
20926,81812,81735,6,1230
20927,81090,80916,6,1230
20928,81331,81945,6,1230
20929,80864,80578,6,1230
20930,81839,81877,6,1230
20931,80791,81490,6,1230
20932,80723,81150,6,1230
20933,81343,81930,6,1230
20934,81258,81525,6,1230
20935,81139,81471,6,1230
20936,81982,80434,6,1230
20937,80252,80413,6,1230
20938,80301,80875,6,1230
20939,81671,80816,6,1230
20940,80110,81361,6,1230
20941,81659,81720,6,1230
20942,80865,80629,6,1230
20943,81357,81872,6,1230
20944,81025,80686,6,1230
20945,80372,81239,6,1230
20946,80514,81557,6,1230
20947,80214,81654,6,1230
20948,80043,80604,6,1230
20949,81693,81712,6,1230
20950,80245,80170,6,1230
20951,80982,80055,6,1230
20952,81062,80519,6,1230
20953,81652,81399,6,1230
20954,80318,80886,6,1230
20955,81230,80279,6,1230
20956,80494,80355,6,1230
20957,80889,80592,6,1230
20958,80747,80641,6,1230
20959,80991,80565,6,1230
20960,80688,80449,6,1230
20961,83883,83884,7,1025
20962,83883,83884,7,1005
20963,83885,83886,7,1005
20964,83890,83891,7,1030
20965,83888,83889,7,1030
20966,83894,83892,7,1030
20967,83896,83895,7,1030
20968,83902,83898,7,1055
20969,83899,83906,7,1055
20970,83908,83909,7,1055
20971,83912,83903,7,1055
20972,83907,83911,7,1055
20973,83900,83910,7,1055
20974,83904,83897,7,1055
20975,83901,83905,7,1055
20976,83921,83936,7,1080
20977,83940,83932,7,1080
20978,83938,83927,7,1080
20979,83917,83931,7,1080
20980,83915,83920,7,1080
20981,83916,83939,7,1080
20982,83924,83926,7,1080
20983,83923,83918,7,1080
20984,83929,83933,7,1080
20985,83913,83941,7,1080
20986,83914,83942,7,1080
20987,83937,83925,7,1080
20988,83922,83919,7,1080
20989,83930,83928,7,1080
20990,83943,83934,7,1080
20991,83944,83935,7,1080
20992,83970,83980,7,1105
20993,83982,83986,7,1105
20994,83975,83954,7,1105
20995,83962,83969,7,1105
20996,83971,83968,7,1105
20997,83974,83979,7,1105
20998,83957,83947,7,1105
20999,83950,83995,7,1105
21000,83946,84004,7,1105
21001,83988,83977,7,1105
21002,83983,83967,7,1105
21003,83976,83997,7,1105
21004,83963,83953,7,1105
21005,83992,83961,7,1105
21006,83996,84001,7,1105
21007,83955,83948,7,1105
21008,83978,84003,7,1105
21009,83966,83960,7,1105
21010,83998,83972,7,1105
21011,83994,83984,7,1105
21012,83999,84000,7,1105
21013,83952,83951,7,1105
21014,83945,83990,7,1105
21015,83987,83949,7,1105
21016,83985,83965,7,1105
21017,83958,83973,7,1105
21018,83989,84002,7,1105
21019,84005,83964,7,1105
21020,84006,83993,7,1105
21021,84007,83991,7,1105
21022,84008,83956,7,1105
21023,84009,83981,7,1105
21024,84033,84022,7,1130
21025,84048,84121,7,1130
21026,84086,84076,7,1130
21027,84052,84029,7,1130
21028,84030,84020,7,1130
21029,84109,84046,7,1130
21030,84095,84056,7,1130
21031,84043,84066,7,1130
21032,84042,84050,7,1130
21033,84064,84108,7,1130
21034,84036,84068,7,1130
21035,84032,84119,7,1130
21036,84091,84116,7,1130
21037,84078,84082,7,1130
21038,84016,84081,7,1130
21039,84027,84113,7,1130
21040,84133,84035,7,1130
21041,84028,84060,7,1130
21042,84037,84094,7,1130
21043,84062,84013,7,1130
21044,84058,84123,7,1130
21045,84098,84074,7,1130
21046,84120,84038,7,1130
21047,84089,84099,7,1130
21048,84012,84131,7,1130
21049,84067,84018,7,1130
21050,84103,84061,7,1130
21051,84024,84105,7,1130
21052,84083,84102,7,1130
21053,84041,84019,7,1130
21054,84132,84090,7,1130
21055,84128,84039,7,1130
21056,84080,84087,7,1130
21057,84055,84073,7,1130
21058,84097,84100,7,1130
21059,84134,84124,7,1130
21060,84051,84017,7,1130
21061,84135,84070,7,1130
21062,84065,84015,7,1130
21063,84127,84110,7,1130
21064,84129,84118,7,1130
21065,84054,84071,7,1130
21066,84115,84114,7,1130
21067,84101,84040,7,1130
21068,84096,84085,7,1130
21069,84057,84084,7,1130
21070,84093,84112,7,1130
21071,84104,84079,7,1130
21072,84014,84117,7,1130
21073,84025,84034,7,1130
21074,84023,84047,7,1130
21075,84107,84049,7,1130
21076,84122,84111,7,1130
21077,84063,84092,7,1130
21078,84031,84072,7,1130
21079,84011,84069,7,1130
21080,84044,84088,7,1130
21081,84053,84021,7,1130
21082,84136,84077,7,1130
21083,84137,84010,7,1130
21084,84138,84045,7,1130
21085,84139,84106,7,1130
21086,84140,84026,7,1130
21087,84141,84125,7,1130
21088,84221,84287,7,1155
21089,84350,84332,7,1155
21090,84209,84338,7,1155
21091,84292,84158,7,1155
21092,84233,84316,7,1155
21093,84366,84320,7,1155
21094,84331,84220,7,1155
21095,84342,84318,7,1155
21096,84295,84192,7,1155
21097,84210,84313,7,1155
21098,84336,84379,7,1155
21099,84257,84172,7,1155
21100,84200,84176,7,1155
21101,84240,84253,7,1155
21102,84143,84230,7,1155
21103,84293,84193,7,1155
21104,84211,84163,7,1155
21105,84206,84351,7,1155
21106,84260,84242,7,1155
21107,84171,84235,7,1155
21108,84283,84225,7,1155
21109,84190,84144,7,1155
21110,84274,84228,7,1155
21111,84184,84249,7,1155
21112,84346,84385,7,1155
21113,84238,84231,7,1155
21114,84340,84387,7,1155
21115,84278,84344,7,1155
21116,84183,84341,7,1155
21117,84216,84281,7,1155
21118,84294,84194,7,1155
21119,84229,84282,7,1155
21120,84298,84265,7,1155
21121,84307,84197,7,1155
21122,84377,84181,7,1155
21123,84244,84368,7,1155
21124,84370,84168,7,1155
21125,84157,84208,7,1155
21126,84317,84218,7,1155
21127,84279,84254,7,1155
21128,84226,84261,7,1155
21129,84357,84337,7,1155
21130,84365,84252,7,1155
21131,84273,84349,7,1155
21132,84202,84152,7,1155
21133,84148,84378,7,1155
21134,84353,84266,7,1155
21135,84167,84356,7,1155
21136,84250,84270,7,1155
21137,84255,84227,7,1155
21138,84311,84182,7,1155
21139,84306,84178,7,1155
21140,84381,84219,7,1155
21141,84319,84191,7,1155
21142,84180,84173,7,1155
21143,84348,84272,7,1155
21144,84372,84276,7,1155
21145,84321,84267,7,1155
21146,84297,84224,7,1155
21147,84155,84291,7,1155
21148,84330,84359,7,1155
21149,84355,84246,7,1155
21150,84304,84354,7,1155
21151,84275,84164,7,1155
21152,84371,84198,7,1155
21153,84367,84150,7,1155
21154,84384,84326,7,1155
21155,84248,84280,7,1155
21156,84241,84223,7,1155
21157,84329,84215,7,1155
21158,84205,84327,7,1155
21159,84358,84323,7,1155
21160,84187,84207,7,1155
21161,84375,84160,7,1155
21162,84251,84277,7,1155
21163,84386,84234,7,1155
21164,84264,84263,7,1155
21165,84174,84147,7,1155
21166,84314,84149,7,1155
21167,84352,84258,7,1155
21168,84302,84151,7,1155
21169,84212,84214,7,1155
21170,84159,84347,7,1155
21171,84310,84177,7,1155
21172,84361,84284,7,1155
21173,84269,84288,7,1155
21174,84154,84222,7,1155
21175,84175,84243,7,1155
21176,84374,84204,7,1155
21177,84363,84259,7,1155
21178,84303,84142,7,1155
21179,84322,84315,7,1155
21180,84364,84325,7,1155
21181,84333,84185,7,1155
21182,84308,84213,7,1155
21183,84373,84145,7,1155
21184,84153,84376,7,1155
21185,84360,84201,7,1155
21186,84203,84380,7,1155
21187,84156,84345,7,1155
21188,84271,84286,7,1155
21189,84339,84232,7,1155
21190,84300,84247,7,1155
21191,84189,84289,7,1155
21192,84268,84305,7,1155
21193,84256,84169,7,1155
21194,84196,84334,7,1155
21195,84179,84195,7,1155
21196,84296,84170,7,1155
21197,84369,84166,7,1155
21198,84362,84237,7,1155
21199,84285,84199,7,1155
21200,84328,84239,7,1155
21201,84301,84165,7,1155
21202,84343,84309,7,1155
21203,84290,84217,7,1155
21204,84236,84262,7,1155
21205,84161,84324,7,1155
21206,84146,84383,7,1155
21207,84388,84162,7,1155
21208,84389,84312,7,1155
21209,84390,84299,7,1155
21210,84391,84245,7,1155
21211,84392,84186,7,1155
21212,84393,84335,7,1155
21213,84394,84382,7,1155
21214,84395,84188,7,1155
21215,84396,84397,7,1155
21216,84435,84582,7,1180
21217,84555,84668,7,1180
21218,84501,84463,7,1180
21219,84458,84728,7,1180
21220,84835,84804,7,1180
21221,84574,84453,7,1180
21222,84788,84677,7,1180
21223,84434,84633,7,1180
21224,84855,84695,7,1180
21225,84701,84525,7,1180
21226,84422,84875,7,1180
21227,84575,84528,7,1180
21228,84733,84817,7,1180
21229,84433,84692,7,1180
21230,84667,84876,7,1180
21231,84676,84630,7,1180
21232,84642,84717,7,1180
21233,84468,84846,7,1180
21234,84795,84686,7,1180
21235,84711,84608,7,1180
21236,84622,84868,7,1180
21237,84790,84474,7,1180
21238,84429,84615,7,1180
21239,84417,84509,7,1180
21240,84464,84789,7,1180
21241,84540,84746,7,1180
21242,84820,84661,7,1180
21243,84539,84526,7,1180
21244,84693,84558,7,1180
21245,84655,84797,7,1180
21246,84807,84776,7,1180
21247,84673,84816,7,1180
21248,84709,84887,7,1180
21249,84516,84759,7,1180
21250,84714,84519,7,1180
21251,84510,84703,7,1180
21252,84483,84840,7,1180
21253,84457,84485,7,1180
21254,84778,84449,7,1180
21255,84620,84570,7,1180
21256,84554,84771,7,1180
21257,84874,84517,7,1180
21258,84634,84411,7,1180
21259,84722,84765,7,1180
21260,84752,84770,7,1180
21261,84596,84503,7,1180
21262,84607,84562,7,1180
21263,84613,84830,7,1180
21264,84484,84744,7,1180
21265,84699,84637,7,1180
21266,84824,84504,7,1180
21267,84482,84578,7,1180
21268,84805,84739,7,1180
21269,84791,84793,7,1180
21270,84886,84767,7,1180
21271,84832,84643,7,1180
21272,84569,84872,7,1180
21273,84478,84647,7,1180
21274,84623,84702,7,1180
21275,84885,84715,7,1180
21276,84890,84691,7,1180
21277,84548,84723,7,1180
21278,84870,84544,7,1180
21279,84769,84738,7,1180
21280,84707,84399,7,1180
21281,84591,84552,7,1180
21282,84557,84518,7,1180
21283,84888,84719,7,1180
21284,84601,84663,7,1180
21285,84737,84731,7,1180
21286,84669,84597,7,1180
21287,84426,84629,7,1180
21288,84706,84775,7,1180
21289,84409,84593,7,1180
21290,84421,84754,7,1180
21291,84749,84403,7,1180
21292,84684,84533,7,1180
21293,84441,84432,7,1180
21294,84698,84466,7,1180
21295,84724,84658,7,1180
21296,84573,84792,7,1180
21297,84486,84408,7,1180
21298,84508,84753,7,1180
21299,84635,84584,7,1180
21300,84412,84838,7,1180
21301,84683,84414,7,1180
21302,84802,84851,7,1180
21303,84712,84538,7,1180
21304,84760,84756,7,1180
21305,84713,84837,7,1180
21306,84652,84549,7,1180
21307,84862,84884,7,1180
21308,84787,84665,7,1180
21309,84603,84869,7,1180
21310,84428,84551,7,1180
21311,84758,84531,7,1180
21312,84814,84730,7,1180
21313,84565,84588,7,1180
21314,84881,84567,7,1180
21315,84808,84710,7,1180
21316,84736,84459,7,1180
21317,84512,84542,7,1180
21318,84682,84725,7,1180
21319,84680,84556,7,1180
21320,84560,84894,7,1180
21321,84867,84841,7,1180
21322,84675,84493,7,1180
21323,84672,84866,7,1180
21324,84897,84718,7,1180
21325,84750,84440,7,1180
21326,84448,84500,7,1180
21327,84708,84530,7,1180
21328,84413,84439,7,1180
21329,84402,84646,7,1180
21330,84489,84498,7,1180
21331,84865,84447,7,1180
21332,84506,84446,7,1180
21333,84649,84785,7,1180
21334,84406,84873,7,1180
21335,84425,84891,7,1180
21336,84801,84605,7,1180
21337,84798,84666,7,1180
21338,84614,84641,7,1180
21339,84632,84561,7,1180
21340,84689,84818,7,1180
21341,84566,84636,7,1180
21342,84581,84650,7,1180
21343,84893,84721,7,1180
21344,84889,84681,7,1180
21345,84479,84786,7,1180
21346,84438,84589,7,1180
21347,84475,84735,7,1180
21348,84654,84443,7,1180
21349,84833,84774,7,1180
21350,84612,84580,7,1180
21351,84748,84535,7,1180
21352,84864,84532,7,1180
21353,84815,84545,7,1180
21354,84624,84829,7,1180
21355,84520,84766,7,1180
21356,84836,84427,7,1180
21357,84599,84842,7,1180
21358,84849,84564,7,1180
21359,84462,84800,7,1180
21360,84472,84858,7,1180
21361,84543,84810,7,1180
21362,84559,84587,7,1180
21363,84513,84595,7,1180
21364,84553,84784,7,1180
21365,84583,84487,7,1180
21366,84882,84442,7,1180
21367,84507,84845,7,1180
21368,84679,84455,7,1180
21369,84657,84494,7,1180
21370,84568,84619,7,1180
21371,84418,84598,7,1180
21372,84586,84671,7,1180
21373,84847,84480,7,1180
21374,84734,84859,7,1180
21375,84662,84685,7,1180
21376,84627,84470,7,1180
21377,84496,84761,7,1180
21378,84648,84436,7,1180
21379,84777,84826,7,1180
21380,84732,84495,7,1180
21381,84705,84871,7,1180
21382,84768,84726,7,1180
21383,84481,84546,7,1180
21384,84762,84861,7,1180
21385,84600,84764,7,1180
21386,84796,84819,7,1180
21387,84488,84547,7,1180
21388,84831,84527,7,1180
21389,84616,84572,7,1180
21390,84563,84806,7,1180
21391,84415,84522,7,1180
21392,84400,84499,7,1180
21393,84398,84794,7,1180
21394,84477,84514,7,1180
21395,84523,84825,7,1180
21396,84763,84471,7,1180
21397,84585,84827,7,1180
21398,84537,84839,7,1180
21399,84473,84878,7,1180
21400,84515,84892,7,1180
21401,84852,84773,7,1180
21402,84664,84670,7,1180
21403,84879,84700,7,1180
21404,84674,84645,7,1180
21405,84651,84822,7,1180
21406,84854,84594,7,1180
21407,84492,84743,7,1180
21408,84729,84697,7,1180
21409,84863,84404,7,1180
21410,84602,84469,7,1180
21411,84883,84431,7,1180
21412,84511,84445,7,1180
21413,84592,84536,7,1180
21414,84529,84751,7,1180
21415,84704,84853,7,1180
21416,84813,84419,7,1180
21417,84490,84857,7,1180
21418,84550,84611,7,1180
21419,84454,84782,7,1180
21420,84811,84678,7,1180
21421,84747,84606,7,1180
21422,84465,84803,7,1180
21423,84755,84576,7,1180
21424,84779,84452,7,1180
21425,84694,84407,7,1180
21426,84895,84401,7,1180
21427,84848,84880,7,1180
21428,84456,84604,7,1180
21429,84644,84834,7,1180
21430,84639,84541,7,1180
21431,84659,84617,7,1180
21432,84524,84423,7,1180
21433,84781,84720,7,1180
21434,84460,84741,7,1180
21435,84896,84856,7,1180
21436,84687,84772,7,1180
21437,84844,84502,7,1180
21438,84660,84610,7,1180
21439,84476,84780,7,1180
21440,84740,84625,7,1180
21441,84690,84579,7,1180
21442,84783,84696,7,1180
21443,84420,84424,7,1180
21444,84653,84821,7,1180
21445,84609,84843,7,1180
21446,84638,84640,7,1180
21447,84828,84628,7,1180
21448,84631,84521,7,1180
21449,84621,84534,7,1180
21450,84416,84505,7,1180
21451,84451,84590,7,1180
21452,84577,84877,7,1180
21453,84497,84444,7,1180
21454,84745,84656,7,1180
21455,84626,84823,7,1180
21456,84812,84450,7,1180
21457,84437,84571,7,1180
21458,84809,84860,7,1180
21459,84757,84688,7,1180
21460,84430,84410,7,1180
21461,84727,84491,7,1180
21462,84742,84405,7,1180
21463,84461,84716,7,1180
21464,84467,84618,7,1180
21465,84898,84799,7,1180
21466,84899,84850,7,1180
21467,84900,84905,7,1180
21468,84901,84906,7,1180
21469,84902,84907,7,1180
21470,84903,84908,7,1180
21471,84904,84909,7,1180
21472,85827,85077,7,1205
21473,85388,84927,7,1205
21474,84976,84913,7,1205
21475,84991,84932,7,1205
21476,85611,85065,7,1205
21477,85811,85878,7,1205
21478,85221,85214,7,1205
21479,85250,85565,7,1205
21480,85175,85311,7,1205
21481,85302,85766,7,1205
21482,85508,85151,7,1205
21483,85696,85713,7,1205
21484,85149,85104,7,1205
21485,85112,85717,7,1205
21486,85247,85239,7,1205
21487,84947,85539,7,1205
21488,85721,85490,7,1205
21489,85584,84923,7,1205
21490,85343,85022,7,1205
21491,85193,85275,7,1205
21492,84925,85410,7,1205
21493,85903,85600,7,1205
21494,85628,85604,7,1205
21495,84954,85081,7,1205
21496,85124,85436,7,1205
21497,85445,85128,7,1205
21498,85538,85679,7,1205
21499,85091,85240,7,1205
21500,85920,84942,7,1205
21501,85277,85096,7,1205
21502,85525,85660,7,1205
21503,85025,85562,7,1205
21504,85626,85773,7,1205
21505,85799,85533,7,1205
21506,85352,85264,7,1205
21507,85049,85499,7,1205
21508,85325,85398,7,1205
21509,85262,84982,7,1205
21510,85541,85327,7,1205
21511,85825,85724,7,1205
21512,85389,84922,7,1205
21513,85761,85741,7,1205
21514,85308,85739,7,1205
21515,85420,85190,7,1205
21516,85320,85035,7,1205
21517,85746,84960,7,1205
21518,85333,84921,7,1205
21519,85007,85433,7,1205
21520,85042,85749,7,1205
21521,84989,84949,7,1205
21522,85147,85209,7,1205
21523,85868,85551,7,1205
21524,85298,85442,7,1205
21525,85694,85337,7,1205
21526,85645,85466,7,1205
21527,85424,85491,7,1205
21528,85585,85495,7,1205
21529,85101,85727,7,1205
21530,85853,85640,7,1205
21531,85529,85023,7,1205
21532,85309,85157,7,1205
21533,85136,85664,7,1205
21534,85805,85735,7,1205
21535,85018,85290,7,1205
21536,85425,85477,7,1205
21537,85672,85512,7,1205
21538,85898,85840,7,1205
21539,85201,84950,7,1205
21540,85393,85031,7,1205
21541,85058,85595,7,1205
21542,85687,85519,7,1205
21543,85102,85207,7,1205
21544,85287,84915,7,1205
21545,85429,85123,7,1205
21546,85093,85646,7,1205
21547,85515,85830,7,1205
21548,85873,85344,7,1205
21549,85295,85631,7,1205
21550,85705,85260,7,1205
21551,85377,85829,7,1205
21552,85129,85354,7,1205
21553,85431,85451,7,1205
21554,85914,85172,7,1205
21555,85796,85041,7,1205
21556,85105,85859,7,1205
21557,85618,85121,7,1205
21558,85163,85904,7,1205
21559,85171,85233,7,1205
21560,85677,85460,7,1205
21561,85090,85100,7,1205
21562,85422,85313,7,1205
21563,85189,85886,7,1205
21564,85671,85158,7,1205
21565,84986,85622,7,1205
21566,85222,85078,7,1205
21567,85304,84995,7,1205
21568,85033,85150,7,1205
21569,85456,84961,7,1205
21570,85900,85280,7,1205
21571,85839,85340,7,1205
21572,85634,85062,7,1205
21573,85397,85263,7,1205
21574,85723,85097,7,1205
21575,85137,85762,7,1205
21576,85080,85057,7,1205
21577,85404,85523,7,1205
21578,85328,85237,7,1205
21579,85729,85563,7,1205
21580,85552,85251,7,1205
21581,85447,85704,7,1205
21582,85649,85461,7,1205
21583,85883,85386,7,1205
21584,84924,84938,7,1205
21585,85373,85848,7,1205
21586,85887,85463,7,1205
21587,85055,85726,7,1205
21588,84951,85459,7,1205
21589,85119,85228,7,1205
21590,85641,85331,7,1205
21591,85215,85814,7,1205
21592,85138,84917,7,1205
21593,85496,85922,7,1205
21594,85570,85406,7,1205
21595,85861,85177,7,1205
21596,85347,85833,7,1205
21597,85072,85362,7,1205
21598,85858,85079,7,1205
21599,85458,85437,7,1205
21600,85817,85378,7,1205
21601,85467,84946,7,1205
21602,85747,85834,7,1205
21603,85321,85781,7,1205
21604,85319,85485,7,1205
21605,85575,85200,7,1205
21606,85810,85371,7,1205
21607,85850,84959,7,1205
21608,85203,85832,7,1205
21609,85662,85537,7,1205
21610,85160,85603,7,1205
21611,85174,85361,7,1205
21612,85317,85249,7,1205
21613,85226,84918,7,1205
21614,85296,85473,7,1205
21615,85396,85187,7,1205
21616,85745,85854,7,1205
21617,85268,85050,7,1205
21618,85759,85608,7,1205
21619,85700,85643,7,1205
21620,85030,85807,7,1205
21621,85294,85714,7,1205
21622,84994,85092,7,1205
21623,85774,85338,7,1205
21624,85636,85577,7,1205
21625,84914,85301,7,1205
21626,85457,85127,7,1205
21627,85402,85836,7,1205
21628,84967,85297,7,1205
21629,85288,85869,7,1205
21630,85783,85778,7,1205
21631,85444,85690,7,1205
21632,85899,85872,7,1205
21633,85155,85143,7,1205
21634,85894,85232,7,1205
21635,85366,85414,7,1205
21636,85052,85487,7,1205
21637,85003,85001,7,1205
21638,85599,84941,7,1205
21639,85647,85639,7,1205
21640,85656,85784,7,1205
21641,85465,85028,7,1205
21642,85489,85591,7,1205
21643,85045,85818,7,1205
21644,85181,85043,7,1205
21645,85682,85476,7,1205
21646,85612,85330,7,1205
21647,85620,85205,7,1205
21648,85797,84990,7,1205
21649,85446,85242,7,1205
21650,85589,85630,7,1205
21651,85391,84920,7,1205
21652,85728,85258,7,1205
21653,85596,85012,7,1205
21654,85167,85621,7,1205
21655,85183,85084,7,1205
21656,85426,85558,7,1205
21657,85063,85407,7,1205
21658,85364,85698,7,1205
21659,85707,85890,7,1205
21660,85403,85244,7,1205
21661,85195,85153,7,1205
21662,85667,85323,7,1205
21663,85680,85255,7,1205
21664,84999,85479,7,1205
21665,85427,85718,7,1205
21666,85142,84964,7,1205
21667,85144,85039,7,1205
21668,84937,85586,7,1205
21669,85036,85492,7,1205
21670,85725,85474,7,1205
21671,85428,84916,7,1205
21672,85885,85010,7,1205
21673,85082,85673,7,1205
21674,85800,85483,7,1205
21675,85234,85760,7,1205
21676,85564,85279,7,1205
21677,85439,85000,7,1205
21678,85627,85875,7,1205
21679,85909,85148,7,1205
21680,85122,85289,7,1205
21681,85165,85019,7,1205
21682,84971,84943,7,1205
21683,85607,85601,7,1205
21684,85145,85711,7,1205
21685,85681,84939,7,1205
21686,85182,85517,7,1205
21687,85370,85178,7,1205
21688,85527,85285,7,1205
21689,85259,85798,7,1205
21690,85169,85884,7,1205
21691,85524,85715,7,1205
21692,85699,84912,7,1205
21693,85542,85056,7,1205
21694,85004,84936,7,1205
21695,85556,85808,7,1205
21696,85587,85740,7,1205
21697,85314,85164,7,1205
21698,85482,84974,7,1205
21699,85159,85196,7,1205
21700,85336,85132,7,1205
21701,85893,85816,7,1205
21702,85342,85857,7,1205
21703,85299,85120,7,1205
21704,84987,85117,7,1205
21705,85385,85763,7,1205
21706,85743,85701,7,1205
21707,85046,85535,7,1205
21708,85067,85916,7,1205
21709,85464,85210,7,1205
21710,85235,85730,7,1205
21711,84973,85688,7,1205
21712,85549,85360,7,1205
21713,85179,85823,7,1205
21714,85866,85582,7,1205
21715,85606,85026,7,1205
21716,85777,85006,7,1205
21717,85455,85227,7,1205
21718,85637,85753,7,1205
21719,85111,85756,7,1205
21720,85540,84970,7,1205
21721,85468,85412,7,1205
21722,85842,85038,7,1205
21723,84996,85475,7,1205
21724,85176,85071,7,1205
21725,85877,85383,7,1205
21726,85757,85683,7,1205
21727,85452,85754,7,1205
21728,85355,85488,7,1205
21729,85882,85654,7,1205
21730,85390,84981,7,1205
21731,85059,85089,7,1205
21732,84983,85775,7,1205
21733,85064,85454,7,1205
21734,85051,85133,7,1205
21735,85286,85416,7,1205
21736,85518,85530,7,1205
21737,85765,85068,7,1205
21738,85767,85353,7,1205
21739,85141,85245,7,1205
21740,85838,85074,7,1205
21741,84979,85803,7,1205
21742,85583,85162,7,1205
21743,85901,85828,7,1205
21744,85843,85443,7,1205
21745,85086,85266,7,1205
21746,85256,84953,7,1205
21747,85666,85568,7,1205
21748,84969,85561,7,1205
21749,85015,85002,7,1205
21750,85689,85486,7,1205
21751,85185,84997,7,1205
21752,85526,84952,7,1205
21753,85910,84988,7,1205
21754,85571,85911,7,1205
21755,85225,85837,7,1205
21756,85615,85381,7,1205
21757,85269,85594,7,1205
21758,85572,85787,7,1205
21759,85792,85849,7,1205
21760,85569,85109,7,1205
21761,85037,85578,7,1205
21762,85734,85060,7,1205
21763,85184,85009,7,1205
21764,84957,85617,7,1205
21765,85712,85367,7,1205
21766,85697,85217,7,1205
21767,85315,85703,7,1205
21768,85501,85472,7,1205
21769,85365,85881,7,1205
21770,85044,85871,7,1205
21771,85693,85348,7,1205
21772,85547,85809,7,1205
21773,85856,85917,7,1205
21774,85073,85758,7,1205
21775,85790,85069,7,1205
21776,85674,85300,7,1205
21777,85376,85546,7,1205
21778,85272,85708,7,1205
21779,85271,85789,7,1205
21780,85609,85751,7,1205
21781,85409,85522,7,1205
21782,84945,85306,7,1205
21783,85303,85771,7,1205
21784,85326,85855,7,1205
21785,85198,85146,7,1205
21786,85503,85419,7,1205
21787,85692,85332,7,1205
21788,85401,85598,7,1205
21789,85095,85382,7,1205
21790,85581,85115,7,1205
21791,85684,85675,7,1205
21792,85399,85017,7,1205
21793,85785,85862,7,1205
21794,85192,85891,7,1205
21795,84933,85107,7,1205
21796,85560,85870,7,1205
21797,85576,85440,7,1205
21798,84919,85358,7,1205
21799,85919,85218,7,1205
21800,84993,84948,7,1205
21801,85387,85384,7,1205
21802,85254,85907,7,1205
21803,85847,85815,7,1205
21804,85579,85350,7,1205
21805,85316,84962,7,1205
21806,84911,85706,7,1205
21807,85241,85635,7,1205
21808,85265,85202,7,1205
21809,85776,85114,7,1205
21810,85085,84978,7,1205
21811,85880,85802,7,1205
21812,85661,85543,7,1205
21813,85418,85544,7,1205
21814,85794,85339,7,1205
21815,85633,85750,7,1205
21816,84931,85906,7,1205
21817,85134,85742,7,1205
21818,85267,85380,7,1205
21819,84956,85629,7,1205
21820,85782,85168,7,1205
21821,85276,85054,7,1205
21822,85094,85913,7,1205
21823,85394,85020,7,1205
21824,85670,85493,7,1205
21825,85588,85484,7,1205
21826,85695,85801,7,1205
21827,85657,85514,7,1205
21828,85243,85369,7,1205
21829,85610,85678,7,1205
21830,84977,85118,7,1205
21831,85125,84992,7,1205
21832,85283,85154,7,1205
21833,85139,85462,7,1205
21834,85651,85625,7,1205
21835,85438,84910,7,1205
21836,85826,85506,7,1205
21837,85372,85238,7,1205
21838,85644,85813,7,1205
21839,85648,84926,7,1205
21840,85614,85502,7,1205
21841,85341,85357,7,1205
21842,85161,85497,7,1205
21843,85408,85732,7,1205
21844,85504,85593,7,1205
21845,85363,85199,7,1205
21846,85918,85282,7,1205
21847,85135,85208,7,1205
21848,85411,85405,7,1205
21849,85895,85897,7,1205
21850,85806,84928,7,1205
21851,85356,85511,7,1205
21852,85534,85772,7,1205
21853,85029,85791,7,1205
21854,84930,85281,7,1205
21855,85156,85685,7,1205
21856,85668,85008,7,1205
21857,85318,85779,7,1205
21858,85106,85574,7,1205
21859,85305,85011,7,1205
21860,85307,85793,7,1205
21861,84965,85273,7,1205
21862,85597,85346,7,1205
21863,85852,85469,7,1205
21864,85545,85619,7,1205
21865,85865,85764,7,1205
21866,85844,85206,7,1205
21867,85131,85769,7,1205
21868,85691,85902,7,1205
21869,85510,85804,7,1205
21870,85197,85770,7,1205
21871,85435,85395,7,1205
21872,85580,85780,7,1205
21873,85752,85915,7,1205
21874,84966,85312,7,1205
21875,85557,85553,7,1205
21876,85191,85623,7,1205
21877,85040,85471,7,1205
21878,85053,85879,7,1205
21879,85047,85359,7,1205
21880,85236,85912,7,1205
21881,85379,85108,7,1205
21882,85755,85566,7,1205
21883,85812,85876,7,1205
21884,85324,85070,7,1205
21885,85293,85219,7,1205
21886,84963,85653,7,1205
21887,85066,85605,7,1205
21888,85748,84968,7,1205
21889,85531,85186,7,1205
21890,85194,85349,7,1205
21891,85400,85423,7,1205
21892,85413,85270,7,1205
21893,85032,85737,7,1205
21894,85212,85116,7,1205
21895,85536,85722,7,1205
21896,85555,85345,7,1205
21897,85820,85567,7,1205
21898,85686,84944,7,1205
21899,85152,85480,7,1205
21900,85663,85867,7,1205
21901,85719,85831,7,1205
21902,84935,85368,7,1205
21903,85450,85548,7,1205
21904,85658,85188,7,1205
21905,85329,85478,7,1205
21906,85908,85173,7,1205
21907,85513,85099,7,1205
21908,85822,85014,7,1205
21909,85453,85216,7,1205
21910,85261,84998,7,1205
21911,85126,85048,7,1205
21912,85024,85532,7,1205
21913,85550,85846,7,1205
21914,85278,84984,7,1205
21915,85098,85632,7,1205
21916,85252,85180,7,1205
21917,85248,85821,7,1205
21918,85892,85375,7,1205
21919,85602,85841,7,1205
21920,85509,85744,7,1205
21921,85220,85520,7,1205
21922,85889,85430,7,1205
21923,85016,85291,7,1205
21924,85434,85500,7,1205
21925,85824,85905,7,1205
21926,85795,84958,7,1205
21927,85592,85494,7,1205
21928,85731,84972,7,1205
21929,85392,85088,7,1205
21930,85005,85421,7,1205
21931,85845,85921,7,1205
21932,85676,85702,7,1205
21933,85374,85716,7,1205
21934,85211,85204,7,1205
21935,85860,85229,7,1205
21936,85481,85449,7,1205
21937,85021,85170,7,1205
21938,85013,85665,7,1205
21939,84955,85470,7,1205
21940,85652,85819,7,1205
21941,85709,84975,7,1205
21942,85736,85498,7,1205
21943,85027,85351,7,1205
21944,85616,85310,7,1205
21945,85521,85669,7,1205
21946,84980,85113,7,1205
21947,85559,85292,7,1205
21948,85642,85257,7,1205
21949,85083,84929,7,1205
21950,85034,85322,7,1205
21951,85087,85166,7,1205
21952,85334,85768,7,1205
21953,85448,85738,7,1205
21954,85896,85863,7,1205
21955,85590,85140,7,1205
21956,85253,85655,7,1205
21957,85432,85874,7,1205
21958,85786,85223,7,1205
21959,85213,85505,7,1205
21960,85613,85573,7,1205
21961,85110,85103,7,1205
21962,85441,85335,7,1205
21963,85788,85231,7,1205
21964,85075,84940,7,1205
21965,85554,85864,7,1205
21966,85733,85516,7,1205
21967,85528,85246,7,1205
21968,85638,85415,7,1205
21969,85417,85224,7,1205
21970,85650,85230,7,1205
21971,85624,85710,7,1205
21972,87706,86062,7,1230
21973,87650,86560,7,1230
21974,87387,86863,7,1230
21975,87828,86036,7,1230
21976,86561,87155,7,1230
21977,85964,86089,7,1230
21978,86393,87886,7,1230
21979,86896,86222,7,1230
21980,87121,87775,7,1230
21981,86761,87447,7,1230
21982,86183,87395,7,1230
21983,86830,86148,7,1230
21984,87779,87901,7,1230
21985,87906,87372,7,1230
21986,86341,87220,7,1230
21987,86162,87228,7,1230
21988,87175,87482,7,1230
21989,87064,87687,7,1230
21990,86099,87868,7,1230
21991,87639,87043,7,1230
21992,87493,86794,7,1230
21993,86843,86342,7,1230
21994,86797,87421,7,1230
21995,87584,86167,7,1230
21996,87347,86308,7,1230
21997,86864,86695,7,1230
21998,87254,86486,7,1230
21999,87483,87651,7,1230
22000,86261,87704,7,1230
22001,87456,86881,7,1230
22002,87823,87737,7,1230
22003,87778,86012,7,1230
22004,86536,87691,7,1230
22005,86106,87633,7,1230
22006,86461,87697,7,1230
22007,87276,87222,7,1230
22008,86030,86371,7,1230
22009,87095,86083,7,1230
22010,87502,87285,7,1230
22011,87209,85930,7,1230
22012,86831,87179,7,1230
22013,87035,87908,7,1230
22014,86337,86700,7,1230
22015,87417,86724,7,1230
22016,87136,85984,7,1230
22017,86687,86535,7,1230
22018,86206,87414,7,1230
22019,87309,87227,7,1230
22020,87091,86257,7,1230
22021,86544,87472,7,1230
22022,87596,87676,7,1230
22023,85957,86504,7,1230
22024,87738,87684,7,1230
22025,87850,85960,7,1230
22026,85975,87323,7,1230
22027,87112,87396,7,1230
22028,87015,87538,7,1230
22029,86338,87804,7,1230
22030,86284,86489,7,1230
22031,87814,87754,7,1230
22032,87732,86683,7,1230
22033,86297,86557,7,1230
22034,86594,87182,7,1230
22035,87097,86304,7,1230
22036,85997,86714,7,1230
22037,87122,86990,7,1230
22038,86442,86156,7,1230
22039,86579,86252,7,1230
22040,86852,87544,7,1230
22041,87539,86922,7,1230
22042,86247,86644,7,1230
22043,86381,86810,7,1230
22044,86301,86693,7,1230
22045,86483,86397,7,1230
22046,86216,86732,7,1230
22047,87750,87140,7,1230
22048,86049,85925,7,1230
22049,86142,86804,7,1230
22050,86515,86295,7,1230
22051,86238,87869,7,1230
22052,86130,87081,7,1230
22053,86061,87497,7,1230
22054,86959,87405,7,1230
22055,86430,87696,7,1230
22056,87434,87342,7,1230
22057,87014,87506,7,1230
22058,87194,87673,7,1230
22059,86556,87644,7,1230
22060,86311,86215,7,1230
22061,87885,87355,7,1230
22062,86278,87888,7,1230
22063,86139,86259,7,1230
22064,86669,86742,7,1230
22065,86444,87346,7,1230
22066,86455,87441,7,1230
22067,86199,86231,7,1230
22068,86280,86384,7,1230
22069,87133,87612,7,1230
22070,87551,86650,7,1230
22071,86488,87154,7,1230
22072,86747,86518,7,1230
22073,86155,86501,7,1230
22074,87100,87635,7,1230
22075,86849,86721,7,1230
22076,86512,87325,7,1230
22077,87208,87836,7,1230
22078,86037,87719,7,1230
22079,86144,86147,7,1230
22080,87646,87101,7,1230
22081,87264,86221,7,1230
22082,86582,86445,7,1230
22083,87505,87237,7,1230
22084,87449,87020,7,1230
22085,86530,86203,7,1230
22086,87301,87411,7,1230
22087,86545,87809,7,1230
22088,87242,87422,7,1230
22089,86166,87030,7,1230
22090,87607,86760,7,1230
22091,87698,86692,7,1230
22092,86671,87107,7,1230
22093,87770,86269,7,1230
22094,86995,87271,7,1230
22095,87545,87437,7,1230
22096,86459,87727,7,1230
22097,86696,86507,7,1230
22098,86376,86978,7,1230
22099,86505,86033,7,1230
22100,86287,86546,7,1230
22101,87670,86976,7,1230
22102,86590,87439,7,1230
22103,87438,86640,7,1230
22104,86424,87373,7,1230
22105,86741,86648,7,1230
22106,87601,87887,7,1230
22107,86937,86931,7,1230
22108,87599,87202,7,1230
22109,86213,86534,7,1230
22110,87164,87131,7,1230
22111,87519,87267,7,1230
22112,87824,87500,7,1230
22113,86071,86105,7,1230
22114,86263,87463,7,1230
22115,86283,86192,7,1230
22116,86129,87162,7,1230
22117,87021,86576,7,1230
22118,87377,85981,7,1230
22119,87900,86079,7,1230
22120,86659,87218,7,1230
22121,86539,86467,7,1230
22122,86806,86907,7,1230
22123,86637,87822,7,1230
22124,86237,86358,7,1230
22125,86087,87260,7,1230
22126,86159,87331,7,1230
22127,87261,87340,7,1230
22128,86728,86462,7,1230
22129,86746,87631,7,1230
22130,86622,85951,7,1230
22131,86782,86857,7,1230
22132,87380,87740,7,1230
22133,86856,87536,7,1230
22134,87624,87801,7,1230
22135,87418,87866,7,1230
22136,86702,87707,7,1230
22137,87415,87686,7,1230
22138,86645,87400,7,1230
22139,87659,86981,7,1230
22140,86025,85990,7,1230
22141,86121,86509,7,1230
22142,87655,87857,7,1230
22143,86709,87714,7,1230
22144,86136,87787,7,1230
22145,86916,86375,7,1230
22146,86233,86004,7,1230
22147,86322,87180,7,1230
22148,87653,85999,7,1230
22149,86884,87795,7,1230
22150,87086,87114,7,1230
22151,86045,87546,7,1230
22152,86547,86440,7,1230
22153,86176,87279,7,1230
22154,86538,86077,7,1230
22155,86935,87451,7,1230
22156,86890,86679,7,1230
22157,87241,86335,7,1230
22158,86956,87802,7,1230
22159,87677,86862,7,1230
22160,87713,87379,7,1230
22161,86086,87466,7,1230
22162,86872,86023,7,1230
22163,85973,87910,7,1230
22164,87905,87265,7,1230
22165,86826,86189,7,1230
22166,86767,87891,7,1230
22167,85931,86223,7,1230
22168,87118,87587,7,1230
22169,87366,87322,7,1230
22170,86656,86834,7,1230
22171,86860,86400,7,1230
22172,86068,87348,7,1230
22173,85933,87310,7,1230
22174,86580,87243,7,1230
22175,86641,86412,7,1230
22176,85986,86775,7,1230
22177,86179,86583,7,1230
22178,86635,87782,7,1230
22179,86198,86498,7,1230
22180,87198,86475,7,1230
22181,86272,86356,7,1230
22182,87085,87772,7,1230
22183,86838,87832,7,1230
22184,86718,87446,7,1230
22185,87579,87110,7,1230
22186,86936,86432,7,1230
22187,86149,86481,7,1230
22188,86603,86883,7,1230
22189,87786,87902,7,1230
22190,86088,86232,7,1230
22191,87747,87385,7,1230
22192,87192,87219,7,1230
22193,87313,86898,7,1230
22194,87680,87360,7,1230
22195,87614,87239,7,1230
22196,87428,87205,7,1230
22197,86841,86453,7,1230
22198,86125,86101,7,1230
22199,86962,87189,7,1230
22200,85958,86365,7,1230
22201,87591,86161,7,1230
22202,87469,86174,7,1230
22203,87005,86182,7,1230
22204,86585,87664,7,1230
22205,86132,87815,7,1230
22206,86587,86950,7,1230
22207,85976,87693,7,1230
22208,87435,86572,7,1230
22209,86997,86319,7,1230
22210,87071,87733,7,1230
22211,86260,86589,7,1230
22212,87703,87615,7,1230
22213,87045,86205,7,1230
22214,86458,87230,7,1230
22215,86196,86735,7,1230
22216,87350,87141,7,1230
22217,86974,86429,7,1230
22218,86331,86434,7,1230
22219,87423,87296,7,1230
22220,86788,86917,7,1230
22221,86006,87821,7,1230
22222,86224,86595,7,1230
22223,87841,87450,7,1230
22224,86993,86744,7,1230
22225,87870,87433,7,1230
22226,87508,86493,7,1230
22227,86070,86173,7,1230
22228,87759,86520,7,1230
22229,87316,86945,7,1230
22230,86802,86316,7,1230
22231,86836,86372,7,1230
22232,87318,86456,7,1230
22233,87170,86312,7,1230
22234,86980,87780,7,1230
22235,87295,87053,7,1230
22236,86208,86323,7,1230
22237,87530,87268,7,1230
22238,87300,86095,7,1230
22239,87398,87153,7,1230
22240,86939,87134,7,1230
22241,87641,87200,7,1230
22242,86452,85972,7,1230
22243,86212,86975,7,1230
22244,87716,86413,7,1230
22245,86300,86254,7,1230
22246,86636,85936,7,1230
22247,87527,87161,7,1230
22248,86374,86042,7,1230
22249,87618,87781,7,1230
22250,87878,86954,7,1230
22251,87484,86833,7,1230
22252,86011,86277,7,1230
22253,87324,85989,7,1230
22254,87471,86320,7,1230
22255,86351,87805,7,1230
22256,87890,87204,7,1230
22257,86185,87333,7,1230
22258,86137,86476,7,1230
22259,86658,86164,7,1230
22260,87570,87473,7,1230
22261,87287,87430,7,1230
22262,86336,87319,7,1230
22263,86474,86081,7,1230
22264,87729,86991,7,1230
22265,87274,85929,7,1230
22266,85963,87457,7,1230
22267,86592,86815,7,1230
22268,86800,87630,7,1230
22269,87031,86431,7,1230
22270,87129,87533,7,1230
22271,87700,86921,7,1230
22272,87238,87233,7,1230
22273,87739,86957,7,1230
22274,87001,86661,7,1230
22275,86900,86927,7,1230
22276,87336,87018,7,1230
22277,87489,86055,7,1230
22278,87649,86383,7,1230
22279,85971,87358,7,1230
22280,86309,86152,7,1230
22281,86795,87685,7,1230
22282,86436,86715,7,1230
22283,86920,86318,7,1230
22284,87645,87252,7,1230
22285,86303,87874,7,1230
22286,87226,86245,7,1230
22287,87549,87094,7,1230
22288,86369,86043,7,1230
22289,86186,86175,7,1230
22290,86616,87734,7,1230
22291,86675,86526,7,1230
22292,86040,85934,7,1230
22293,87093,87174,7,1230
22294,87332,87600,7,1230
22295,87090,87017,7,1230
22296,86448,87711,7,1230
22297,87806,86017,7,1230
22298,87543,87173,7,1230
22299,87124,87393,7,1230
22300,86600,87534,7,1230
22301,87893,87776,7,1230
22302,86731,86940,7,1230
22303,87663,87636,7,1230
22304,86398,87594,7,1230
22305,87195,87903,7,1230
22306,87109,87572,7,1230
22307,86293,85982,7,1230
22308,87715,86107,7,1230
22309,85992,86708,7,1230
22310,86211,86769,7,1230
22311,87308,86906,7,1230
22312,87831,86059,7,1230
22313,86172,87569,7,1230
22314,86934,86790,7,1230
22315,86334,86839,7,1230
22316,86729,87640,7,1230
22317,87566,86468,7,1230
22318,86776,87520,7,1230
22319,87010,86663,7,1230
22320,86867,87682,7,1230
22321,87743,87879,7,1230
22322,86439,87595,7,1230
22323,86699,86952,7,1230
22324,87724,86069,7,1230
22325,86395,86631,7,1230
22326,86075,86799,7,1230
22327,86093,86567,7,1230
22328,86248,85962,7,1230
22329,87845,87039,7,1230
22330,86569,87465,7,1230
22331,87403,87753,7,1230
22332,87426,87060,7,1230
22333,86748,87361,7,1230
22334,87067,86979,7,1230
22335,86352,87135,7,1230
22336,86828,86225,7,1230
22337,86131,87369,7,1230
22338,87376,86682,7,1230
22339,86310,87528,7,1230
22340,86558,86966,7,1230
22341,87708,87144,7,1230
22342,86919,86647,7,1230
22343,87694,86686,7,1230
22344,86425,87312,7,1230
22345,87345,87880,7,1230
22346,87883,87762,7,1230
22347,85988,87556,7,1230
22348,86200,86801,7,1230
22349,87172,87818,7,1230
22350,86427,86104,7,1230
22351,87158,86230,7,1230
22352,86858,87898,7,1230
22353,86697,87867,7,1230
22354,87240,87461,7,1230
22355,86249,87843,7,1230
22356,86895,86072,7,1230
22357,86777,87835,7,1230
22358,87849,86484,7,1230
22359,87674,87571,7,1230
22360,86128,86654,7,1230
22361,86712,87026,7,1230
22362,87375,86153,7,1230
22363,86691,86348,7,1230
22364,87390,87907,7,1230
22365,87699,87217,7,1230
22366,86926,86085,7,1230
22367,87448,86339,7,1230
22368,86555,86328,7,1230
22369,87193,87019,7,1230
22370,86214,86528,7,1230
22371,86816,87341,7,1230
22372,87742,87863,7,1230
22373,87123,86597,7,1230
22374,87547,87816,7,1230
22375,87236,86288,7,1230
22376,87089,87583,7,1230
22377,86067,86163,7,1230
22378,86026,87080,7,1230
22379,86973,87370,7,1230
22380,86226,87073,7,1230
22381,86364,86994,7,1230
22382,86602,86848,7,1230
22383,86090,86108,7,1230
22384,87255,87725,7,1230
22385,86892,87511,7,1230
22386,86357,87619,7,1230
22387,86133,87766,7,1230
22388,87046,86271,7,1230
22389,86531,86737,7,1230
22390,86169,86573,7,1230
22391,86441,87803,7,1230
22392,86519,87159,7,1230
22393,86127,87406,7,1230
22394,86642,87286,7,1230
22395,86377,87487,7,1230
22396,87076,86533,7,1230
22397,86953,85977,7,1230
22398,86893,87143,7,1230
22399,86813,87397,7,1230
22400,87763,87701,7,1230
22401,86674,86024,7,1230
22402,86897,86633,7,1230
22403,86464,87501,7,1230
22404,86711,86044,7,1230
22405,86109,86076,7,1230
22406,86853,87481,7,1230
22407,86629,86807,7,1230
22408,86066,87531,7,1230
22409,87142,86879,7,1230
22410,87620,87216,7,1230
22411,86485,86204,7,1230
22412,87695,85961,7,1230
22413,87351,85928,7,1230
22414,86014,86651,7,1230
22415,86285,87573,7,1230
22416,87623,86193,7,1230
22417,87037,87420,7,1230
22418,86985,85994,7,1230
22419,86022,87895,7,1230
22420,86762,87498,7,1230
22421,86457,87223,7,1230
22422,87516,87817,7,1230
22423,87851,86618,7,1230
22424,86968,87494,7,1230
22425,86522,86719,7,1230
22426,86327,87160,7,1230
22427,86624,87177,7,1230
22428,86242,86809,7,1230
22429,86366,86005,7,1230
22430,86402,86713,7,1230
22431,86701,86792,7,1230
22432,87258,86781,7,1230
22433,85969,86207,7,1230
22434,86428,86349,7,1230
22435,86527,87111,7,1230
22436,86229,86267,7,1230
22437,86972,86113,7,1230
22438,86613,86433,7,1230
22439,86391,87356,7,1230
22440,87016,86473,7,1230
22441,87504,87299,7,1230
22442,86710,87399,7,1230
22443,86244,86299,7,1230
22444,87514,87314,7,1230
22445,86145,87518,7,1230
22446,86051,86009,7,1230
22447,86074,87626,7,1230
22448,86667,86405,7,1230
22449,87840,86333,7,1230
22450,86373,86262,7,1230
22451,86511,86253,7,1230
22452,86332,87515,7,1230
22453,86035,86928,7,1230
22454,86730,87388,7,1230
22455,86803,87224,7,1230
22456,85947,86143,7,1230
22457,86798,86158,7,1230
22458,87767,86548,7,1230
22459,86426,87061,7,1230
22460,85978,87057,7,1230
22461,89886,89887,8,1025
22462,89886,89887,8,1005
22463,89888,89889,8,1005
22464,89893,89898,8,1030
22465,89894,89892,8,1030
22466,89897,89896,8,1030
22467,89895,89890,8,1030
22468,89911,89913,8,1055
22469,89903,89901,8,1055
22470,89907,89910,8,1055
22471,89915,89912,8,1055
22472,89899,89914,8,1055
22473,89904,89906,8,1055
22474,89908,89902,8,1055
22475,89905,89900,8,1055
22476,89931,89948,8,1080
22477,89924,89919,8,1080
22478,89935,89923,8,1080
22479,89944,89946,8,1080
22480,89933,89920,8,1080
22481,89930,89941,8,1080
22482,89921,89937,8,1080
22483,89945,89918,8,1080
22484,89947,89936,8,1080
22485,89949,89929,8,1080
22486,89922,89926,8,1080
22487,89938,89925,8,1080
22488,89940,89939,8,1080
22489,89932,89942,8,1080
22490,89928,89943,8,1080
22491,89927,89951,8,1080
22492,89999,89961,8,1105
22493,89969,90000,8,1105
22494,89966,89963,8,1105
22495,89994,89971,8,1105
22496,89974,89985,8,1105
22497,89984,89968,8,1105
22498,90003,90004,8,1105
22499,89953,89986,8,1105
22500,89972,89977,8,1105
22501,89970,89954,8,1105
22502,89959,90007,8,1105
22503,89996,89987,8,1105
22504,89990,89982,8,1105
22505,89993,89973,8,1105
22506,89964,89962,8,1105
22507,89952,90001,8,1105
22508,90005,89976,8,1105
22509,89957,89988,8,1105
22510,89980,89979,8,1105
22511,89991,89965,8,1105
22512,90009,90006,8,1105
22513,89992,89967,8,1105
22514,89958,89995,8,1105
22515,89955,89978,8,1105
22516,90008,89998,8,1105
22517,89997,90010,8,1105
22518,90002,90011,8,1105
22519,89956,90012,8,1105
22520,89975,90013,8,1105
22521,89983,90014,8,1105
22522,89981,90015,8,1105
22523,89960,90016,8,1105
22524,90104,90082,8,1130
22525,90061,90142,8,1130
22526,90036,90053,8,1130
22527,90139,90126,8,1130
22528,90088,90099,8,1130
22529,90095,90133,8,1130
22530,90072,90020,8,1130
22531,90074,90062,8,1130
22532,90081,90065,8,1130
22533,90040,90094,8,1130
22534,90123,90138,8,1130
22535,90073,90046,8,1130
22536,90098,90026,8,1130
22537,90044,90079,8,1130
22538,90087,90141,8,1130
22539,90025,90049,8,1130
22540,90067,90084,8,1130
22541,90090,90056,8,1130
22542,90134,90033,8,1130
22543,90078,90021,8,1130
22544,90144,90068,8,1130
22545,90114,90093,8,1130
22546,90017,90106,8,1130
22547,90121,90105,8,1130
22548,90035,90030,8,1130
22549,90128,90107,8,1130
22550,90060,90108,8,1130
22551,90100,90076,8,1130
22552,90069,90136,8,1130
22553,90022,90137,8,1130
22554,90143,90101,8,1130
22555,90083,90096,8,1130
22556,90089,90080,8,1130
22557,90102,90119,8,1130
22558,90115,90097,8,1130
22559,90051,90092,8,1130
22560,90045,90037,8,1130
22561,90055,90054,8,1130
22562,90085,90071,8,1130
22563,90116,90047,8,1130
22564,90103,90043,8,1130
22565,90066,90058,8,1130
22566,90028,90125,8,1130
22567,90077,90038,8,1130
22568,90086,90146,8,1130
22569,90118,90024,8,1130
22570,90050,90075,8,1130
22571,90057,90117,8,1130
22572,90131,90042,8,1130
22573,90109,90145,8,1130
22574,90130,90064,8,1130
22575,90059,90132,8,1130
22576,90135,90034,8,1130
22577,90018,90048,8,1130
22578,90027,90120,8,1130
22579,90031,90019,8,1130
22580,90041,90122,8,1130
22581,90052,90129,8,1130
22582,90140,90039,8,1130
22583,90111,90147,8,1130
22584,90063,90148,8,1130
22585,90110,90149,8,1130
22586,90127,90150,8,1130
22587,90112,90151,8,1130
22588,90268,90311,8,1155
22589,90310,90252,8,1155
22590,90346,90386,8,1155
22591,90234,90387,8,1155
22592,90330,90237,8,1155
22593,90352,90204,8,1155
22594,90197,90315,8,1155
22595,90276,90191,8,1155
22596,90391,90263,8,1155
22597,90216,90250,8,1155
22598,90152,90160,8,1155
22599,90161,90358,8,1155
22600,90181,90272,8,1155
22601,90393,90292,8,1155
22602,90283,90308,8,1155
22603,90249,90381,8,1155
22604,90348,90295,8,1155
22605,90261,90157,8,1155
22606,90224,90327,8,1155
22607,90339,90328,8,1155
22608,90228,90213,8,1155
22609,90345,90262,8,1155
22610,90316,90288,8,1155
22611,90208,90342,8,1155
22612,90258,90195,8,1155
22613,90230,90317,8,1155
22614,90241,90203,8,1155
22615,90340,90353,8,1155
22616,90398,90377,8,1155
22617,90168,90225,8,1155
22618,90332,90229,8,1155
22619,90223,90270,8,1155
22620,90356,90253,8,1155
22621,90390,90172,8,1155
22622,90357,90394,8,1155
22623,90351,90373,8,1155
22624,90367,90275,8,1155
22625,90192,90278,8,1155
22626,90341,90296,8,1155
22627,90211,90227,8,1155
22628,90396,90395,8,1155
22629,90155,90239,8,1155
22630,90300,90244,8,1155
22631,90285,90271,8,1155
22632,90175,90375,8,1155
22633,90284,90185,8,1155
22634,90370,90159,8,1155
22635,90226,90337,8,1155
22636,90286,90354,8,1155
22637,90177,90267,8,1155
22638,90321,90240,8,1155
22639,90301,90322,8,1155
22640,90256,90274,8,1155
22641,90309,90326,8,1155
22642,90307,90162,8,1155
22643,90190,90215,8,1155
22644,90176,90218,8,1155
22645,90290,90371,8,1155
22646,90257,90214,8,1155
22647,90169,90235,8,1155
22648,90242,90259,8,1155
22649,90383,90238,8,1155
22650,90298,90350,8,1155
22651,90382,90364,8,1155
22652,90385,90209,8,1155
22653,90165,90247,8,1155
22654,90205,90333,8,1155
22655,90378,90251,8,1155
22656,90265,90201,8,1155
22657,90299,90281,8,1155
22658,90188,90164,8,1155
22659,90199,90183,8,1155
22660,90206,90323,8,1155
22661,90243,90379,8,1155
22662,90359,90349,8,1155
22663,90380,90397,8,1155
22664,90369,90389,8,1155
22665,90287,90355,8,1155
22666,90184,90231,8,1155
22667,90384,90336,8,1155
22668,90200,90207,8,1155
22669,90282,90269,8,1155
22670,90365,90171,8,1155
22671,90320,90170,8,1155
22672,90277,90236,8,1155
22673,90313,90154,8,1155
22674,90289,90302,8,1155
22675,90222,90233,8,1155
22676,90178,90255,8,1155
22677,90360,90158,8,1155
22678,90187,90372,8,1155
22679,90312,90245,8,1155
22680,90186,90303,8,1155
22681,90291,90202,8,1155
22682,90248,90293,8,1155
22683,90180,90362,8,1155
22684,90314,90324,8,1155
22685,90273,90189,8,1155
22686,90319,90182,8,1155
22687,90196,90388,8,1155
22688,90294,90198,8,1155
22689,90210,90260,8,1155
22690,90399,90219,8,1155
22691,90400,90329,8,1155
22692,90401,90363,8,1155
22693,90402,90366,8,1155
22694,90403,90344,8,1155
22695,90404,90179,8,1155
22696,90405,90163,8,1155
22697,90406,90246,8,1155
22698,90407,90193,8,1155
22699,90408,90331,8,1155
22700,90409,90220,8,1155
22701,90410,90305,8,1155
22702,90411,90306,8,1155
22703,90412,90347,8,1155
22704,90413,90376,8,1155
22705,90414,90254,8,1155
22706,90415,90304,8,1155
22707,90416,90343,8,1155
22708,90417,90167,8,1155
22709,90418,90232,8,1155
22710,90419,90279,8,1155
22711,90420,90361,8,1155
22712,90421,90392,8,1155
22713,90422,90325,8,1155
22714,90423,90212,8,1155
22715,90424,90156,8,1155
22716,90719,90643,8,1180
22717,90599,90833,8,1180
22718,90832,90756,8,1180
22719,90582,90888,8,1180
22720,90530,90476,8,1180
22721,90678,90451,8,1180
22722,90518,90477,8,1180
22723,90774,90572,8,1180
22724,90626,90567,8,1180
22725,90471,90909,8,1180
22726,90820,90793,8,1180
22727,90502,90837,8,1180
22728,90546,90535,8,1180
22729,90510,90521,8,1180
22730,90875,90927,8,1180
22731,90455,90447,8,1180
22732,90681,90722,8,1180
22733,90648,90677,8,1180
22734,90612,90496,8,1180
22735,90690,90822,8,1180
22736,90815,90775,8,1180
22737,90737,90887,8,1180
22738,90653,90503,8,1180
22739,90592,90656,8,1180
22740,90665,90545,8,1180
22741,90718,90732,8,1180
22742,90696,90764,8,1180
22743,90537,90628,8,1180
22744,90538,90845,8,1180
22745,90849,90752,8,1180
22746,90817,90573,8,1180
22747,90657,90529,8,1180
22748,90637,90548,8,1180
22749,90852,90712,8,1180
22750,90443,90668,8,1180
22751,90485,90550,8,1180
22752,90755,90863,8,1180
22753,90449,90782,8,1180
22754,90760,90745,8,1180
22755,90917,90936,8,1180
22756,90562,90433,8,1180
22757,90426,90469,8,1180
22758,90620,90842,8,1180
22759,90598,90659,8,1180
22760,90890,90435,8,1180
22761,90596,90505,8,1180
22762,90819,90715,8,1180
22763,90450,90674,8,1180
22764,90768,90792,8,1180
22765,90835,90527,8,1180
22766,90897,90528,8,1180
22767,90699,90821,8,1180
22768,90584,90806,8,1180
22769,90893,90644,8,1180
22770,90465,90487,8,1180
22771,90871,90478,8,1180
22772,90721,90720,8,1180
22773,90751,90520,8,1180
22774,90553,90730,8,1180
22775,90919,90872,8,1180
22776,90873,90661,8,1180
22777,90930,90466,8,1180
22778,90726,90540,8,1180
22779,90585,90581,8,1180
22780,90566,90803,8,1180
22781,90623,90724,8,1180
22782,90771,90504,8,1180
22783,90785,90440,8,1180
22784,90882,90622,8,1180
22785,90928,90489,8,1180
22786,90610,90856,8,1180
22787,90517,90831,8,1180
22788,90568,90799,8,1180
22789,90802,90749,8,1180
22790,90843,90824,8,1180
22791,90706,90918,8,1180
22792,90704,90543,8,1180
22793,90629,90860,8,1180
22794,90448,90617,8,1180
22795,90491,90869,8,1180
22796,90456,90536,8,1180
22797,90725,90826,8,1180
22798,90886,90692,8,1180
22799,90619,90933,8,1180
22800,90698,90906,8,1180
22801,90812,90460,8,1180
22802,90694,90481,8,1180
22803,90894,90738,8,1180
22804,90750,90866,8,1180
22805,90663,90810,8,1180
22806,90734,90639,8,1180
22807,90889,90867,8,1180
22808,90642,90766,8,1180
22809,90816,90811,8,1180
22810,90853,90702,8,1180
22811,90870,90705,8,1180
22812,90780,90597,8,1180
22813,90798,90574,8,1180
22814,90743,90664,8,1180
22815,90631,90748,8,1180
22816,90868,90600,8,1180
22817,90846,90658,8,1180
22818,90618,90941,8,1180
22819,90507,90794,8,1180
22820,90736,90439,8,1180
22821,90649,90772,8,1180
22822,90729,90551,8,1180
22823,90523,90834,8,1180
22824,90533,90840,8,1180
22825,90587,90926,8,1180
22826,90697,90482,8,1180
22827,90814,90830,8,1180
22828,90708,90723,8,1180
22829,90911,90655,8,1180
22830,90654,90442,8,1180
22831,90683,90675,8,1180
22832,90877,90480,8,1180
22833,90672,90923,8,1180
22834,90486,90606,8,1180
22835,90937,90716,8,1180
22836,90616,90823,8,1180
22837,90900,90828,8,1180
22838,90425,90542,8,1180
22839,90462,90593,8,1180
22840,90454,90621,8,1180
22841,90624,90763,8,1180
22842,90646,90807,8,1180
22843,90635,90922,8,1180
22844,90565,90898,8,1180
22845,90459,90544,8,1180
22846,90498,90483,8,1180
22847,90638,90687,8,1180
22848,90676,90652,8,1180
22849,90552,90609,8,1180
22850,90526,90762,8,1180
22851,90513,90892,8,1180
22852,90493,90547,8,1180
22853,90586,90714,8,1180
22854,90932,90707,8,1180
22855,90488,90473,8,1180
22856,90444,90829,8,1180
22857,90684,90711,8,1180
22858,90912,90500,8,1180
22859,90640,90667,8,1180
22860,90430,90747,8,1180
22861,90754,90910,8,1180
22862,90467,90761,8,1180
22863,90474,90634,8,1180
22864,90825,90942,8,1180
22865,90789,90728,8,1180
22866,90769,90607,8,1180
22867,90786,90429,8,1180
22868,90625,90896,8,1180
22869,90901,90461,8,1180
22870,90497,90682,8,1180
22871,90850,90746,8,1180
22872,90920,90431,8,1180
22873,90797,90781,8,1180
22874,90878,90895,8,1180
22875,90717,90813,8,1180
22876,90494,90913,8,1180
22877,90575,90601,8,1180
22878,90453,90940,8,1180
22879,90857,90791,8,1180
22880,90464,90539,8,1180
22881,90800,90767,8,1180
22882,90563,90541,8,1180
22883,90801,90458,8,1180
22884,90903,90710,8,1180
22885,90685,90427,8,1180
22886,90925,90904,8,1180
22887,90561,90880,8,1180
22888,90484,90534,8,1180
22889,90569,90570,8,1180
22890,90741,90809,8,1180
22891,90608,90881,8,1180
22892,90438,90864,8,1180
22893,90554,90603,8,1180
22894,90874,90437,8,1180
22895,90740,90632,8,1180
22896,90559,90557,8,1180
22897,90560,90788,8,1180
22898,90805,90627,8,1180
22899,90691,90434,8,1180
22900,90883,90591,8,1180
22901,90808,90605,8,1180
22902,90492,90556,8,1180
22903,90468,90549,8,1180
22904,90669,90796,8,1180
22905,90666,90588,8,1180
22906,90731,90773,8,1180
22907,90848,90509,8,1180
22908,90907,90650,8,1180
22909,90713,90432,8,1180
22910,90525,90779,8,1180
22911,90589,90515,8,1180
22912,90847,90700,8,1180
22913,90479,90753,8,1180
22914,90519,90611,8,1180
22915,90757,90680,8,1180
22916,90854,90524,8,1180
22917,90858,90844,8,1180
22918,90522,90693,8,1180
22919,90744,90441,8,1180
22920,90914,90604,8,1180
22921,90615,90905,8,1180
22922,90876,90879,8,1180
22923,90935,90939,8,1180
22924,90555,90861,8,1180
22925,90590,90934,8,1180
22926,90908,90818,8,1180
22927,90508,90688,8,1180
22928,90891,90512,8,1180
22929,90701,90885,8,1180
22930,90759,90594,8,1180
22931,90804,90902,8,1180
22932,90695,90924,8,1180
22933,90602,90770,8,1180
22934,90501,90436,8,1180
22935,90641,90495,8,1180
22936,90630,90490,8,1180
22937,90577,90790,8,1180
22938,90475,90511,8,1180
22939,90579,90915,8,1180
22940,90583,90576,8,1180
22941,90689,90776,8,1180
22942,90836,90916,8,1180
22943,90851,90938,8,1180
22944,90564,90686,8,1180
22945,90614,90841,8,1180
22946,90838,90472,8,1180
22947,90514,90445,8,1180
22948,90470,90839,8,1180
22949,90457,90670,8,1180
22950,90571,90784,8,1180
22951,90709,90787,8,1180
22952,90727,90532,8,1180
22953,90742,90758,8,1180
22954,90865,90558,8,1180
22955,90827,90428,8,1180
22956,90855,90452,8,1180
22957,90733,90795,8,1180
22958,90671,90859,8,1180
22959,90921,90884,8,1180
22960,90506,90899,8,1180
22961,90446,90578,8,1180
22962,90531,90595,8,1180
22963,90943,90673,8,1180
22964,90944,90662,8,1180
22965,90945,90778,8,1180
22966,90946,90580,8,1180
22967,90947,90679,8,1180
22968,90948,90463,8,1180
22969,90949,90651,8,1180
22970,90950,90647,8,1180
22971,90951,90765,8,1180
22972,91753,91887,8,1205
22973,91342,91704,8,1205
22974,91127,91322,8,1205
22975,91456,91212,8,1205
22976,91872,91888,8,1205
22977,91049,91689,8,1205
22978,91539,91314,8,1205
22979,91589,91389,8,1205
22980,90963,91009,8,1205
22981,90967,91664,8,1205
22982,91109,91557,8,1205
22983,91721,91152,8,1205
22984,91805,91692,8,1205
22985,91245,91068,8,1205
22986,91445,91273,8,1205
22987,91369,91343,8,1205
22988,91163,91116,8,1205
22989,91132,91073,8,1205
22990,91491,91840,8,1205
22991,91118,91006,8,1205
22992,91945,91415,8,1205
22993,91439,91922,8,1205
22994,91154,91823,8,1205
22995,91162,91301,8,1205
22996,91636,90985,8,1205
22997,91428,91412,8,1205
22998,91764,91717,8,1205
22999,91216,91076,8,1205
23000,91780,91000,8,1205
23001,91684,91012,8,1205
23002,91674,91438,8,1205
23003,91545,91665,8,1205
23004,91269,91029,8,1205
23005,90969,91862,8,1205
23006,90961,91354,8,1205
23007,91090,91797,8,1205
23008,91880,91509,8,1205
23009,91763,90994,8,1205
23010,90986,91217,8,1205
23011,91169,91853,8,1205
23012,91351,91514,8,1205
23013,91454,91915,8,1205
23014,91288,91383,8,1205
23015,91394,91677,8,1205
23016,91463,91783,8,1205
23017,91934,90997,8,1205
23018,91435,91139,8,1205
23019,91748,91849,8,1205
23020,91193,91712,8,1205
23021,91595,91368,8,1205
23022,91236,91174,8,1205
23023,91634,91036,8,1205
23024,91669,91425,8,1205
23025,91396,91061,8,1205
23026,91713,91884,8,1205
23027,91569,91330,8,1205
23028,91544,91745,8,1205
23029,91151,91168,8,1205
23030,91457,91831,8,1205
23031,91680,91080,8,1205
23032,91052,91695,8,1205
23033,91826,91362,8,1205
23034,91839,91387,8,1205
23035,91358,91213,8,1205
23036,91268,91775,8,1205
23037,91283,91740,8,1205
23038,91905,91671,8,1205
23039,91123,91799,8,1205
23040,91933,91155,8,1205
23041,91733,91961,8,1205
23042,91611,91172,8,1205
23043,91306,91018,8,1205
23044,91629,91584,8,1205
23045,91964,91175,8,1205
23046,91925,91200,8,1205
23047,91838,91356,8,1205
23048,91143,91646,8,1205
23049,91411,91615,8,1205
23050,91899,91072,8,1205
23051,91101,91224,8,1205
23052,91361,91240,8,1205
23053,91820,91793,8,1205
23054,90962,90970,8,1205
23055,91059,91796,8,1205
23056,91215,91040,8,1205
23057,91086,91293,8,1205
23058,91792,91950,8,1205
23059,91316,91812,8,1205
23060,91857,91726,8,1205
23061,91165,91596,8,1205
23062,91907,91190,8,1205
23063,91728,91257,8,1205
23064,91319,91583,8,1205
23065,91404,91919,8,1205
23066,91867,91535,8,1205
23067,91248,91078,8,1205
23068,91167,91729,8,1205
23069,91258,91751,8,1205
23070,90991,91606,8,1205
23071,91207,91043,8,1205
23072,91067,91201,8,1205
23073,91806,91042,8,1205
23074,91725,91202,8,1205
23075,91773,91859,8,1205
23076,91738,91930,8,1205
23077,91173,91913,8,1205
23078,91160,91829,8,1205
23079,91505,91455,8,1205
23080,91755,91903,8,1205
23081,91667,91001,8,1205
23082,91906,91521,8,1205
23083,91279,91441,8,1205
23084,91370,91227,8,1205
23085,91033,91004,8,1205
23086,91095,91814,8,1205
23087,91398,91527,8,1205
23088,91967,91784,8,1205
23089,91339,91580,8,1205
23090,91720,91380,8,1205
23091,91661,90988,8,1205
23092,91016,91208,8,1205
23093,91089,90956,8,1205
23094,91041,91340,8,1205
23095,91772,91112,8,1205
23096,91681,91561,8,1205
23097,91703,91936,8,1205
23098,91403,91653,8,1205
23099,91064,91727,8,1205
23100,91197,91176,8,1205
23101,91608,91225,8,1205
23102,91335,91183,8,1205
23103,91239,91949,8,1205
23104,91893,91313,8,1205
23105,91687,91105,8,1205
23106,91638,91364,8,1205
23107,91965,91800,8,1205
23108,91350,91935,8,1205
23109,91702,91035,8,1205
23110,90977,91157,8,1205
23111,91968,91045,8,1205
23112,91417,91551,8,1205
23113,90982,91767,8,1205
23114,91900,91382,8,1205
23115,91443,91469,8,1205
23116,91234,91128,8,1205
23117,91182,91757,8,1205
23118,91414,91779,8,1205
23119,91510,91039,8,1205
23120,91226,91223,8,1205
23121,91756,91051,8,1205
23122,91424,91699,8,1205
23123,91473,91855,8,1205
23124,91282,91048,8,1205
23125,91904,91277,8,1205
23126,91063,91276,8,1205
23127,91824,91401,8,1205
23128,91815,91639,8,1205
23129,91472,91932,8,1205
23130,91198,91540,8,1205
23131,91909,91786,8,1205
23132,91458,91761,8,1205
23133,91624,91878,8,1205
23134,91682,91511,8,1205
23135,91130,91714,8,1205
23136,91336,91663,8,1205
23137,91536,91261,8,1205
23138,91413,91960,8,1205
23139,91662,91652,8,1205
23140,91837,91255,8,1205
23141,91841,91759,8,1205
23142,91402,91270,8,1205
23143,91556,91187,8,1205
23144,91440,91506,8,1205
23145,91034,91385,8,1205
23146,91251,91136,8,1205
23147,91762,91204,8,1205
23148,91094,91512,8,1205
23149,91121,91119,8,1205
23150,90999,91032,8,1205
23151,91620,90993,8,1205
23152,91616,91474,8,1205
23153,91568,91645,8,1205
23154,91564,91416,8,1205
23155,91017,91896,8,1205
23156,91570,91117,8,1205
23157,91420,91347,8,1205
23158,91821,91243,8,1205
23159,91621,91287,8,1205
23160,91670,91448,8,1205
23161,91715,91791,8,1205
23162,91501,91292,8,1205
23163,91683,91547,8,1205
23164,91352,91238,8,1205
23165,91307,91232,8,1205
23166,91297,90971,8,1205
23167,91429,91854,8,1205
23168,91863,91003,8,1205
23169,91145,91144,8,1205
23170,91827,91482,8,1205
23171,91601,91138,8,1205
23172,91693,91265,8,1205
23173,91266,91817,8,1205
23174,91513,91410,8,1205
23175,91503,91315,8,1205
23176,91848,91247,8,1205
23177,91267,91091,8,1205
23178,91873,90972,8,1205
23179,91447,91567,8,1205
23180,91333,91260,8,1205
23181,91528,91462,8,1205
23182,91525,91610,8,1205
23183,91326,91810,8,1205
23184,91604,91550,8,1205
23185,91718,91489,8,1205
23186,91912,91057,8,1205
23187,91747,91926,8,1205
23188,91920,91062,8,1205
23189,91486,91485,8,1205
23190,91901,91499,8,1205
23191,91464,91397,8,1205
23192,90958,91081,8,1205
23193,91563,91395,8,1205
23194,91124,91085,8,1205
23195,91432,91542,8,1205
23196,91801,91612,8,1205
23197,91605,91734,8,1205
23198,91882,91148,8,1205
23199,91476,91937,8,1205
23200,91023,91778,8,1205
23201,91146,91614,8,1205
23202,91802,91825,8,1205
23203,91028,91244,8,1205
23204,91274,91020,8,1205
23205,91675,91185,8,1205
23206,91811,91122,8,1205
23207,91471,91743,8,1205
23208,91406,91658,8,1205
23209,91537,91050,8,1205
23210,91133,91716,8,1205
23211,91096,91180,8,1205
23212,91816,91231,8,1205
23213,91688,91221,8,1205
23214,91531,91264,8,1205
23215,91618,91082,8,1205
23216,90975,91372,8,1205
23217,91384,91069,8,1205
23218,91025,91782,8,1205
23219,91388,91031,8,1205
23220,90952,91308,8,1205
23221,91788,91280,8,1205
23222,91142,91137,8,1205
23223,91875,91700,8,1205
23224,91758,91549,8,1205
23225,91345,91070,8,1205
23226,91886,91099,8,1205
23227,91242,91346,8,1205
23228,91376,91353,8,1205
23229,91290,91520,8,1205
23230,91957,91015,8,1205
23231,91554,91685,8,1205
23232,90979,91656,8,1205
23233,91493,91419,8,1205
23234,91617,91956,8,1205
23235,91125,91218,8,1205
23236,91304,90989,8,1205
23237,91586,91421,8,1205
23238,91739,91877,8,1205
23239,91014,91135,8,1205
23240,91770,91098,8,1205
23241,91573,91434,8,1205
23242,91559,91177,8,1205
23243,91742,91874,8,1205
23244,91309,90959,8,1205
23245,91328,91305,8,1205
23246,91856,91870,8,1205
23247,91804,91631,8,1205
23248,91517,91010,8,1205
23249,91295,91771,8,1205
23250,91107,91391,8,1205
23251,91327,91558,8,1205
23252,91613,90995,8,1205
23253,91843,90973,8,1205
23254,91746,91628,8,1205
23255,91654,91007,8,1205
23256,91284,91898,8,1205
23257,91781,91571,8,1205
23258,90980,91422,8,1205
23259,91524,90984,8,1205
23260,91285,91673,8,1205
23261,91147,91836,8,1205
23262,91868,91626,8,1205
23263,91641,91452,8,1205
23264,91246,91407,8,1205
23265,91819,91694,8,1205
23266,91552,91627,8,1205
23267,91483,91869,8,1205
23268,91577,91963,8,1205
23269,91744,91944,8,1205
23270,90992,91566,8,1205
23271,91508,91787,8,1205
23272,91334,91943,8,1205
23273,91492,91065,8,1205
23274,91005,91206,8,1205
23275,91765,91237,8,1205
23276,91479,91657,8,1205
23277,91150,91737,8,1205
23278,91490,91598,8,1205
23279,91320,91475,8,1205
23280,90968,91851,8,1205
23281,90990,91895,8,1205
23282,91861,91706,8,1205
23283,91477,91850,8,1205
23284,91741,91037,8,1205
23285,91659,90981,8,1205
23286,91159,91777,8,1205
23287,91719,91498,8,1205
23288,91522,91367,8,1205
23289,91281,91021,8,1205
23290,91955,91609,8,1205
23291,91338,91642,8,1205
23292,91341,91317,8,1205
23293,91195,91013,8,1205
23294,91481,91442,8,1205
23295,91752,91910,8,1205
23296,90954,91060,8,1205
23297,91705,91947,8,1205
23298,91393,91386,8,1205
23299,91311,90966,8,1205
23300,91497,91496,8,1205
23301,91625,91249,8,1205
23302,91832,91323,8,1205
23303,91668,91357,8,1205
23304,91487,91643,8,1205
23305,91754,91530,8,1205
23306,91696,91153,8,1205
23307,91593,91774,8,1205
23308,91186,91924,8,1205
23309,91423,91253,8,1205
23310,91263,91056,8,1205
23311,91114,91318,8,1205
23312,91300,91189,8,1205
23313,91233,91597,8,1205
23314,91194,91360,8,1205
23315,91672,91450,8,1205
23316,91008,91619,8,1205
23317,91115,91044,8,1205
23318,90976,91917,8,1205
23319,91942,90987,8,1205
23320,91126,90974,8,1205
23321,91451,91433,8,1205
23322,91574,91299,8,1205
23323,91488,91954,8,1205
23324,91789,91807,8,1205
23325,91766,91230,8,1205
23326,91377,91500,8,1205
23327,91363,91890,8,1205
23328,91635,91371,8,1205
23329,91166,91834,8,1205
23330,91532,91938,8,1205
23331,91149,91278,8,1205
23332,91908,91794,8,1205
23333,91129,91927,8,1205
23334,91077,91392,8,1205
23335,91594,91349,8,1205
23336,91092,91418,8,1205
23337,91312,91019,8,1205
23338,91214,91708,8,1205
23339,91768,91633,8,1205
23340,91555,91038,8,1205
23341,91651,91502,8,1205
23342,91087,91408,8,1205
23343,91262,91690,8,1205
23344,91241,91302,8,1205
23345,91691,91184,8,1205
23346,91581,91104,8,1205
23347,91111,91054,8,1205
23348,91106,91813,8,1205
23349,91852,91453,8,1205
23350,91156,91647,8,1205
23351,91209,91192,8,1205
23352,91359,91400,8,1205
23353,91495,90978,8,1205
23354,91592,91337,8,1205
23355,91795,91332,8,1205
23356,91170,91444,8,1205
23357,91546,91331,8,1205
23358,91818,91822,8,1205
23359,91321,91679,8,1205
23360,91494,91374,8,1205
23361,91676,91724,8,1205
23362,91103,91075,8,1205
23363,91603,91348,8,1205
23364,91736,91939,8,1205
23365,91250,91769,8,1205
23366,91623,91948,8,1205
23367,91678,91897,8,1205
23368,91373,91929,8,1205
23369,91730,91467,8,1205
23370,91588,91436,8,1205
23371,91102,91378,8,1205
23372,91188,91576,8,1205
23373,91235,90953,8,1205
23374,91649,91219,8,1205
23375,91002,91366,8,1205
23376,91460,91120,8,1205
23377,91885,91607,8,1205
23378,91892,91030,8,1205
23379,91294,91918,8,1205
23380,91578,90983,8,1205
23381,91355,91229,8,1205
23382,91113,91047,8,1205
23383,91958,91666,8,1205
23384,91923,90964,8,1205
23385,91365,91158,8,1205
23386,91891,91541,8,1205
23387,90998,91437,8,1205
23388,91600,91055,8,1205
23389,91750,91858,8,1205
23390,91698,90965,8,1205
23391,91533,91518,8,1205
23392,91565,90960,8,1205
23393,91024,91723,8,1205
23394,91959,91199,8,1205
23395,91731,91480,8,1205
23396,91478,91179,8,1205
23397,91844,91701,8,1205
23398,91178,91256,8,1205
23399,91587,91203,8,1205
23400,91228,91809,8,1205
23401,91046,91459,8,1205
23402,91660,91259,8,1205
23403,91921,91181,8,1205
23404,90996,91427,8,1205
23405,91344,91864,8,1205
23406,91196,91860,8,1205
23407,91686,91390,8,1205
23408,91876,90955,8,1205
23409,91830,91093,8,1205
23410,91053,91902,8,1205
23411,91953,91842,8,1205
23412,91711,91026,8,1205
23413,91562,91732,8,1205
23414,91710,91529,8,1205
23415,91430,91881,8,1205
23416,91210,91088,8,1205
23417,91097,90957,8,1205
23418,91058,91637,8,1205
23419,91399,91066,8,1205
23420,91534,91871,8,1205
23421,91191,91325,8,1205
23422,91866,91303,8,1205
23423,91599,91632,8,1205
23424,91071,91865,8,1205
23425,91553,91171,8,1205
23426,91952,91709,8,1205
23427,91790,91507,8,1205
23428,91484,91946,8,1205
23429,91889,91083,8,1205
23430,91310,91526,8,1205
23431,91590,91845,8,1205
23432,91966,91644,8,1205
23433,91749,91504,8,1205
23434,91951,91582,8,1205
23435,91622,91205,8,1205
23436,91538,91648,8,1205
23437,91379,91079,8,1205
23438,91324,91543,8,1205
23439,91894,91296,8,1205
23440,91846,91697,8,1205
23441,91916,91722,8,1205
23442,91409,91134,8,1205
23443,91879,91446,8,1205
23444,91655,91911,8,1205
23445,91560,91211,8,1205
23446,91940,91519,8,1205
23447,91776,91271,8,1205
23448,91289,91640,8,1205
23449,91108,91962,8,1205
23450,91650,91516,8,1205
23451,91707,91074,8,1205
23452,91735,91602,8,1205
23453,91381,91941,8,1205
23454,91928,91572,8,1205
23455,91222,91298,8,1205
23456,91828,91579,8,1205
23457,91575,91426,8,1205
23458,91110,91140,8,1205
23459,91011,91931,8,1205
23460,91329,91585,8,1205
23461,91254,91515,8,1205
23462,91275,91272,8,1205
23463,91461,91591,8,1205
23464,91449,91630,8,1205
23465,91523,91833,8,1205
23466,91022,91252,8,1205
23467,91291,91548,8,1205
23468,91803,91141,8,1205
23469,91164,91808,8,1205
23470,91161,91131,8,1205
23471,91847,91785,8,1205
23472,92876,92528,8,1230
23473,93901,92707,8,1230
23474,92515,92651,8,1230
23475,93090,92198,8,1230
23476,92563,92871,8,1230
23477,92805,93121,8,1230
23478,92879,93696,8,1230
23479,92703,92349,8,1230
23480,93971,91997,8,1230
23481,92242,93303,8,1230
23482,93354,92545,8,1230
23483,93589,93342,8,1230
23484,93767,92827,8,1230
23485,93441,93747,8,1230
23486,93232,92135,8,1230
23487,92628,93727,8,1230
23488,93036,93083,8,1230
23489,92784,92593,8,1230
23490,92309,93777,8,1230
23491,93292,93413,8,1230
23492,92613,92467,8,1230
23493,93664,93227,8,1230
23494,93311,93324,8,1230
23495,92396,93601,8,1230
23496,93861,93193,8,1230
23497,92068,93280,8,1230
23498,92765,92151,8,1230
23499,92375,92266,8,1230
23500,93244,93464,8,1230
23501,92312,92909,8,1230
23502,93021,93362,8,1230
23503,92192,92726,8,1230
23504,93843,92415,8,1230
23505,93424,93237,8,1230
23506,92771,93203,8,1230
23507,93813,93517,8,1230
23508,92504,92123,8,1230
23509,93207,92673,8,1230
23510,93802,92411,8,1230
23511,92912,93267,8,1230
23512,92547,92334,8,1230
23513,92864,93958,8,1230
23514,91977,93670,8,1230
23515,92015,92561,8,1230
23516,92287,92425,8,1230
23517,93656,93030,8,1230
23518,93488,93097,8,1230
23519,93348,92667,8,1230
23520,92745,93275,8,1230
23521,92498,92020,8,1230
23522,93309,92644,8,1230
23523,93883,93913,8,1230
23524,92138,93263,8,1230
23525,92501,93683,8,1230
23526,92882,92598,8,1230
23527,93576,92623,8,1230
23528,93148,93312,8,1230
23529,93872,93318,8,1230
23530,93059,92461,8,1230
23531,93180,92601,8,1230
23532,92901,92777,8,1230
23533,92111,93401,8,1230
23534,91996,92858,8,1230
23535,92586,93296,8,1230
23536,92078,92281,8,1230
23537,92951,93965,8,1230
23538,92260,93231,8,1230
23539,93314,93261,8,1230
23540,92517,92131,8,1230
23541,93260,93839,8,1230
23542,93435,93431,8,1230
23543,93063,93471,8,1230
23544,92184,93010,8,1230
23545,92670,92717,8,1230
23546,92904,92848,8,1230
23547,92368,93279,8,1230
23548,92927,93053,8,1230
23549,93135,93755,8,1230
23550,92126,92289,8,1230
23551,93217,93007,8,1230
23552,92055,93900,8,1230
23553,93175,93908,8,1230
23554,93687,92117,8,1230
23555,92821,92835,8,1230
23556,92895,93057,8,1230
23557,93782,93925,8,1230
23558,92179,93776,8,1230
23559,92516,92662,8,1230
23560,92892,92716,8,1230
23561,93526,93192,8,1230
23562,93368,93419,8,1230
23563,92779,92331,8,1230
23564,92719,92465,8,1230
23565,92481,92171,8,1230
23566,93399,93701,8,1230
23567,93628,93269,8,1230
23568,93088,92324,8,1230
23569,92290,93270,8,1230
23570,93570,93363,8,1230
23571,93744,93524,8,1230
23572,93043,92105,8,1230
23573,93468,92964,8,1230
23574,92251,92999,8,1230
23575,92293,92887,8,1230
23576,93783,93739,8,1230
23577,93153,93433,8,1230
23578,93588,92233,8,1230
23579,92688,92354,8,1230
23580,93836,92409,8,1230
23581,93337,92320,8,1230
23582,92584,93887,8,1230
23583,93421,93299,8,1230
23584,93340,93826,8,1230
23585,93768,93936,8,1230
23586,92886,93372,8,1230
23587,93938,91975,8,1230
23588,92392,92353,8,1230
23589,92861,93665,8,1230
23590,93396,93766,8,1230
23591,92890,92738,8,1230
23592,93550,93136,8,1230
23593,93716,92004,8,1230
23594,92506,92408,8,1230
23595,93957,92860,8,1230
23596,92393,93769,8,1230
23597,93916,93898,8,1230
23598,93964,93770,8,1230
23599,93191,92360,8,1230
23600,93504,92653,8,1230
23601,92370,93873,8,1230
23602,93966,93705,8,1230
23603,92434,93449,8,1230
23604,93482,92053,8,1230
23605,93926,92403,8,1230
23606,92708,93064,8,1230
23607,93478,93071,8,1230
23608,93798,92284,8,1230
23609,92379,93009,8,1230
23610,93284,93712,8,1230
23611,92883,92080,8,1230
23612,93047,93149,8,1230
23613,92009,93019,8,1230
23614,92272,92783,8,1230
23615,92381,93258,8,1230
23616,92237,92436,8,1230
23617,93626,93355,8,1230
23618,92464,93522,8,1230
23619,92422,92269,8,1230
23620,93587,92186,8,1230
23621,92346,92578,8,1230
23622,92388,93756,8,1230
23623,93811,93089,8,1230
23624,92993,92990,8,1230
23625,92385,93480,8,1230
23626,93963,93212,8,1230
23627,93600,93669,8,1230
23628,92744,91972,8,1230
23629,92127,93375,8,1230
23630,92297,92512,8,1230
23631,93516,93745,8,1230
23632,93029,92343,8,1230
23633,93096,92348,8,1230
23634,93455,92170,8,1230
23635,92156,93708,8,1230
23636,92866,92675,8,1230
23637,93075,92567,8,1230
23638,92524,92701,8,1230
23639,92853,93821,8,1230
23640,93741,93949,8,1230
23641,92387,93025,8,1230
23642,93225,93416,8,1230
23643,93895,92029,8,1230
23644,92742,93035,8,1230
23645,92609,92677,8,1230
23646,93427,92846,8,1230
23647,93877,93144,8,1230
23648,92300,92236,8,1230
23649,93154,93042,8,1230
23650,93551,92228,8,1230
23651,93230,92247,8,1230
23652,93008,92259,8,1230
23653,92954,93364,8,1230
23654,92832,93291,8,1230
23655,91976,92231,8,1230
23656,93181,92615,8,1230
23657,93248,92723,8,1230
23658,93044,93486,8,1230
23659,92844,93134,8,1230
23660,92915,92666,8,1230
23661,93848,93641,8,1230
23662,92301,92850,8,1230
23663,92918,92046,8,1230
23664,93956,93615,8,1230
23665,93532,93420,8,1230
23666,92028,92649,8,1230
23667,92971,93759,8,1230
23668,92747,92196,8,1230
23669,92813,92697,8,1230
23670,93161,92603,8,1230
23671,93691,92917,8,1230
23672,93366,93173,8,1230
23673,93553,93343,8,1230
23674,92494,92521,8,1230
23675,93099,93555,8,1230
23676,92648,92318,8,1230
23677,92167,93874,8,1230
23678,92699,93393,8,1230
23679,92499,92130,8,1230
23680,92221,93734,8,1230
23681,91971,92044,8,1230
23682,93250,93147,8,1230
23683,92322,92905,8,1230
23684,92449,92437,8,1230
23685,93417,93536,8,1230
23686,92238,93389,8,1230
23687,92577,93812,8,1230
23688,92092,92283,8,1230
23689,93133,92189,8,1230
23690,92542,92001,8,1230
23691,93020,93860,8,1230
23692,93233,92793,8,1230
23693,93619,93329,8,1230
23694,93177,93196,8,1230
23695,93301,92837,8,1230
23696,93915,92177,8,1230
23697,93443,93740,8,1230
23698,92197,93388,8,1230
23699,92143,92294,8,1230
23700,92640,92193,8,1230
23701,92591,92975,8,1230
23702,93903,92328,8,1230
23703,92589,92746,8,1230
23704,92226,92690,8,1230
23705,93853,93493,8,1230
23706,92932,92235,8,1230
23707,92950,93796,8,1230
23708,93661,92510,8,1230
23709,92209,93537,8,1230
23710,92018,91987,8,1230
23711,93675,93754,8,1230
23712,93302,92414,8,1230
23713,92382,92840,8,1230
23714,92874,93170,8,1230
23715,93975,92155,8,1230
23716,92550,92031,8,1230
23717,92537,92894,8,1230
23718,92551,92468,8,1230
23719,92213,93106,8,1230
23720,93790,92303,8,1230
23721,93571,93608,8,1230
23722,92889,92463,8,1230
23723,93256,92642,8,1230
23724,92986,92530,8,1230
23725,93529,93758,8,1230
23726,92870,93911,8,1230
23727,92286,92306,8,1230
23728,92836,92261,8,1230
23729,92579,92454,8,1230
23730,93344,92681,8,1230
23731,93003,92549,8,1230
23732,92982,92637,8,1230
23733,93107,92942,8,1230
23734,92273,92405,8,1230
23735,93544,93639,8,1230
23736,92845,92175,8,1230
23737,92121,92602,8,1230
23738,92523,93317,8,1230
23739,92869,93598,8,1230
23740,93321,92720,8,1230
23741,92750,92475,8,1230
23742,92597,93394,8,1230
23743,93650,92262,8,1230
23744,92424,92949,8,1230
23745,92854,92541,8,1230
23746,93730,92800,8,1230
23747,92050,93004,8,1230
23748,93724,93841,8,1230
23749,93611,92458,8,1230
23750,93459,92076,8,1230
23751,93048,93778,8,1230
23752,93002,93896,8,1230
23753,92315,92658,8,1230
23754,92760,92110,8,1230
23755,92229,92279,8,1230
23756,93243,93621,8,1230
23757,92682,92676,8,1230
23758,92863,92529,8,1230
23759,93338,92282,8,1230
23760,92625,92665,8,1230
23761,93818,92610,8,1230
23762,93384,93825,8,1230
23763,92074,92787,8,1230
23764,93347,92814,8,1230
23765,92404,93481,8,1230
23766,93365,92743,8,1230
23767,93807,93315,8,1230
23768,92223,93700,8,1230
23769,92562,93460,8,1230
23770,92098,93511,8,1230
23771,92632,92040,8,1230
23772,93457,92037,8,1230
23773,93662,92129,8,1230
23774,93699,92680,8,1230
23775,93400,92796,8,1230
23776,92611,93865,8,1230
23777,93944,92624,8,1230
23778,92815,92732,8,1230
23779,93655,93249,8,1230
23780,92988,92202,8,1230
23781,93339,93840,8,1230
23782,93409,93281,8,1230
23783,93430,92865,8,1230
23784,92565,93695,8,1230
23785,92875,92207,8,1230
23786,92963,92474,8,1230
23787,91990,91970,8,1230
23788,93001,93972,8,1230
23789,92631,92767,8,1230
23790,92900,92884,8,1230
23791,92016,92448,8,1230
23792,93786,93300,8,1230
23793,93910,93919,8,1230
23794,92043,93108,8,1230
23795,92926,93950,8,1230
23796,93868,93648,8,1230
23797,92164,93475,8,1230
23798,92727,92696,8,1230
23799,93038,92646,8,1230
23800,92391,92451,8,1230
23801,92402,93251,8,1230
23802,93112,92154,8,1230
23803,92514,93118,8,1230
23804,93731,93846,8,1230
23805,92484,92693,8,1230
23806,92659,92019,8,1230
23807,91983,92230,8,1230
23808,93512,93467,8,1230
23809,92274,91980,8,1230
23810,93130,93000,8,1230
23811,93546,92166,8,1230
23812,93569,92435,8,1230
23813,92842,93127,8,1230
23814,93313,92470,8,1230
23815,92823,93640,8,1230
23816,93120,92090,8,1230
23817,92618,92491,8,1230
23818,92736,93902,8,1230
23819,92395,92488,8,1230
23820,93667,92427,8,1230
23821,93719,92607,8,1230
23822,92313,93179,8,1230
23823,93479,93761,8,1230
23824,93804,92903,8,1230
23825,92585,93485,8,1230
23826,92657,92163,8,1230
23827,92220,93253,8,1230
23828,92150,93575,8,1230
23829,93830,93412,8,1230
23830,92560,92629,8,1230
23831,93508,92471,8,1230
23832,92308,92902,8,1230
23833,92660,93188,8,1230
23834,93390,92711,8,1230
23835,92554,93599,8,1230
23836,92420,93470,8,1230
23837,93216,93652,8,1230
23838,92893,92462,8,1230
23839,92500,93541,8,1230
23840,92430,92323,8,1230
23841,92033,93208,8,1230
23842,93156,92936,8,1230
23843,93398,93061,8,1230
23844,92106,92380,8,1230
23845,92089,92508,8,1230
23846,93028,93086,8,1230
23847,93285,93271,8,1230
23848,93809,92139,8,1230
23849,92724,93760,8,1230
23850,93016,92809,8,1230
23851,92419,93458,8,1230
23852,93889,92526,8,1230
23853,93748,93686,8,1230
23854,92797,92483,8,1230
23855,93110,92812,8,1230
23856,92803,93456,8,1230
23857,92647,92898,8,1230
23858,93806,93146,8,1230
23859,93698,93828,8,1230
23860,92641,93752,8,1230
23861,93829,92003,8,1230
23862,92544,93345,8,1230
23863,93738,92974,8,1230
23864,92025,93387,8,1230
23865,92780,93930,8,1230
23866,93277,93764,8,1230
23867,92394,92216,8,1230
23868,93574,93774,8,1230
23869,92205,93564,8,1230
23870,92006,92923,8,1230
23871,93533,93067,8,1230
23872,93178,93466,8,1230
23873,93489,93831,8,1230
23874,93305,93306,8,1230
23875,93190,93076,8,1230
23876,93679,93906,8,1230
23877,93946,92201,8,1230
23878,93948,93791,8,1230
23879,92906,92992,8,1230
23880,93962,92513,8,1230
23881,92100,93849,8,1230
23882,93909,92376,8,1230
23883,93780,93125,8,1230
23884,93685,92705,8,1230
23885,93751,92855,8,1230
23886,93255,92377,8,1230
23887,92344,92125,8,1230
23888,93105,93850,8,1230
23889,92093,92265,8,1230
23890,92694,92384,8,1230
23891,92137,93319,8,1230
23892,92555,93166,8,1230
23893,93507,92330,8,1230
23894,93726,92062,8,1230
23895,92401,93386,8,1230
23896,93380,92614,8,1230
23897,92583,93242,8,1230
23898,92961,92147,8,1230
23899,92663,92654,8,1230
23900,92061,93577,8,1230
23901,93824,93842,8,1230
23902,93657,92407,8,1230
23903,93198,93051,8,1230
23904,93542,93659,8,1230
23905,92921,92700,8,1230
23906,93552,92256,8,1230
23907,93477,92824,8,1230
23908,92619,93252,8,1230
23909,93050,93920,8,1230
23910,91984,92843,8,1230
23911,93953,93463,8,1230
23912,93461,92119,8,1230
23913,93283,92548,8,1230
23914,93579,92084,8,1230
23915,92291,93100,8,1230
23916,93341,93923,8,1230
23917,92070,93114,8,1230
23918,92034,92271,8,1230
23919,92572,93032,8,1230
23920,92573,92604,8,1230
23921,93246,93068,8,1230
23922,93221,93200,8,1230
23923,93733,93377,8,1230
23924,93927,93527,8,1230
23925,92476,93939,8,1230
23926,93617,92683,8,1230
23927,92685,92834,8,1230
23928,93793,93940,8,1230
23929,93234,92159,8,1230
23930,92781,92539,8,1230
23931,93369,93157,8,1230
23932,93729,92141,8,1230
23933,93070,91989,8,1230
23934,92243,93714,8,1230
23935,93607,92928,8,1230
23936,92441,93272,8,1230
23937,92067,92255,8,1230
23938,92194,92355,8,1230
23939,93073,92416,8,1230
23940,93265,93273,8,1230
23941,93892,93725,8,1230
23942,92953,92445,8,1230
23943,93663,93808,8,1230
23944,92013,93434,8,1230
23945,93215,93297,8,1230
23946,95888,95889,9,1025
23947,95888,95889,9,1005
23948,95890,95891,9,1005
23949,95900,95895,9,1030
23950,95901,95892,9,1030
23951,95902,95896,9,1030
23952,95903,95894,9,1030
23953,95906,95905,9,1055
23954,95904,95916,9,1055
23955,95910,95918,9,1055
23956,95911,95909,9,1055
23957,95913,95917,9,1055
23958,95914,95912,9,1055
23959,95908,95919,9,1055
23960,95915,95920,9,1055
23961,95940,95923,9,1080
23962,95952,95937,9,1080
23963,95932,95921,9,1080
23964,95924,95950,9,1080
23965,95941,95955,9,1080
23966,95944,95948,9,1080
23967,95953,95947,9,1080
23968,95934,95945,9,1080
23969,95938,95928,9,1080
23970,95956,95930,9,1080
23971,95957,95942,9,1080
23972,95958,95946,9,1080
23973,95959,95935,9,1080
23974,95960,95929,9,1080
23975,95961,95922,9,1080
23976,95962,95926,9,1080
23977,95979,96008,9,1105
23978,95994,96016,9,1105
23979,96001,95998,9,1105
23980,95995,95980,9,1105
23981,95966,96004,9,1105
23982,95999,96005,9,1105
23983,95992,95969,9,1105
23984,96009,95967,9,1105
23985,96007,95991,9,1105
23986,95976,95964,9,1105
23987,96015,95973,9,1105
23988,95986,95987,9,1105
23989,96017,95975,9,1105
23990,95965,96021,9,1105
23991,95974,95993,9,1105
23992,95963,96014,9,1105
23993,95996,95984,9,1105
23994,95977,96019,9,1105
23995,95970,95968,9,1105
23996,95981,96011,9,1105
23997,95988,95971,9,1105
23998,96010,96006,9,1105
23999,96020,95978,9,1105
24000,96018,96000,9,1105
24001,95989,95982,9,1105
24002,96003,96002,9,1105
24003,96022,95972,9,1105
24004,96023,95985,9,1105
24005,96024,95997,9,1105
24006,96025,96013,9,1105
24007,96026,95983,9,1105
24008,96027,95990,9,1105
24009,96148,96091,9,1130
24010,96154,96038,9,1130
24011,96145,96151,9,1130
24012,96107,96150,9,1130
24013,96028,96152,9,1130
24014,96087,96125,9,1130
24015,96133,96139,9,1130
24016,96049,96128,9,1130
24017,96131,96081,9,1130
24018,96153,96072,9,1130
24019,96120,96064,9,1130
24020,96040,96063,9,1130
24021,96070,96115,9,1130
24022,96093,96097,9,1130
24023,96147,96051,9,1130
24024,96066,96159,9,1130
24025,96078,96061,9,1130
24026,96122,96071,9,1130
24027,96149,96090,9,1130
24028,96075,96058,9,1130
24029,96146,96053,9,1130
24030,96089,96104,9,1130
24031,96043,96052,9,1130
24032,96080,96035,9,1130
24033,96031,96037,9,1130
24034,96032,96067,9,1130
24035,96065,96077,9,1130
24036,96047,96086,9,1130
24037,96124,96042,9,1130
24038,96098,96102,9,1130
24039,96137,96157,9,1130
24040,96132,96085,9,1130
24041,96083,96099,9,1130
24042,96134,96079,9,1130
24043,96044,96142,9,1130
24044,96106,96092,9,1130
24045,96129,96036,9,1130
24046,96113,96096,9,1130
24047,96110,96082,9,1130
24048,96119,96034,9,1130
24049,96143,96156,9,1130
24050,96130,96109,9,1130
24051,96050,96136,9,1130
24052,96138,96158,9,1130
24053,96116,96084,9,1130
24054,96054,96118,9,1130
24055,96114,96030,9,1130
24056,96046,96111,9,1130
24057,96045,96144,9,1130
24058,96068,96076,9,1130
24059,96126,96101,9,1130
24060,96041,96039,9,1130
24061,96033,96057,9,1130
24062,96117,96055,9,1130
24063,96060,96121,9,1130
24064,96140,96103,9,1130
24065,96127,96059,9,1130
24066,96141,96056,9,1130
24067,96074,96100,9,1130
24068,96160,96094,9,1130
24069,96155,96108,9,1130
24070,96088,96112,9,1130
24071,96095,96135,9,1130
24072,96123,96048,9,1130
24073,96170,96222,9,1155
24074,96413,96284,9,1155
24075,96372,96244,9,1155
24076,96283,96371,9,1155
24077,96304,96377,9,1155
24078,96391,96189,9,1155
24079,96290,96249,9,1155
24080,96332,96361,9,1155
24081,96186,96386,9,1155
24082,96310,96331,9,1155
24083,96359,96335,9,1155
24084,96205,96224,9,1155
24085,96394,96312,9,1155
24086,96272,96292,9,1155
24087,96238,96298,9,1155
24088,96193,96364,9,1155
24089,96305,96277,9,1155
24090,96322,96288,9,1155
24091,96293,96203,9,1155
24092,96342,96302,9,1155
24093,96234,96357,9,1155
24094,96209,96353,9,1155
24095,96355,96399,9,1155
24096,96211,96336,9,1155
24097,96297,96207,9,1155
24098,96252,96412,9,1155
24099,96216,96375,9,1155
24100,96228,96350,9,1155
24101,96282,96215,9,1155
24102,96348,96286,9,1155
24103,96182,96245,9,1155
24104,96409,96250,9,1155
24105,96373,96259,9,1155
24106,96164,96326,9,1155
24107,96314,96194,9,1155
24108,96324,96227,9,1155
24109,96173,96404,9,1155
24110,96179,96256,9,1155
24111,96319,96383,9,1155
24112,96239,96307,9,1155
24113,96411,96236,9,1155
24114,96218,96166,9,1155
24115,96296,96337,9,1155
24116,96202,96281,9,1155
24117,96219,96200,9,1155
24118,96263,96287,9,1155
24119,96408,96266,9,1155
24120,96180,96380,9,1155
24121,96237,96268,9,1155
24122,96175,96278,9,1155
24123,96313,96406,9,1155
24124,96255,96344,9,1155
24125,96162,96294,9,1155
24126,96295,96349,9,1155
24127,96185,96400,9,1155
24128,96274,96161,9,1155
24129,96241,96323,9,1155
24130,96208,96279,9,1155
24131,96176,96405,9,1155
24132,96368,96318,9,1155
24133,96366,96174,9,1155
24134,96280,96235,9,1155
24135,96354,96351,9,1155
24136,96403,96379,9,1155
24137,96329,96254,9,1155
24138,96339,96262,9,1155
24139,96291,96197,9,1155
24140,96225,96214,9,1155
24141,96378,96376,9,1155
24142,96226,96347,9,1155
24143,96365,96212,9,1155
24144,96191,96325,9,1155
24145,96334,96285,9,1155
24146,96392,96358,9,1155
24147,96401,96301,9,1155
24148,96303,96264,9,1155
24149,96308,96345,9,1155
24150,96316,96253,9,1155
24151,96198,96317,9,1155
24152,96233,96328,9,1155
24153,96188,96192,9,1155
24154,96231,96258,9,1155
24155,96338,96382,9,1155
24156,96204,96247,9,1155
24157,96210,96407,9,1155
24158,96165,96242,9,1155
24159,96389,96340,9,1155
24160,96232,96360,9,1155
24161,96374,96362,9,1155
24162,96384,96240,9,1155
24163,96397,96395,9,1155
24164,96223,96300,9,1155
24165,96178,96363,9,1155
24166,96315,96181,9,1155
24167,96184,96260,9,1155
24168,96327,96414,9,1155
24169,96199,96352,9,1155
24170,96229,96367,9,1155
24171,96172,96341,9,1155
24172,96163,96196,9,1155
24173,96183,96171,9,1155
24174,96311,96390,9,1155
24175,96370,96393,9,1155
24176,96273,96289,9,1155
24177,96369,96190,9,1155
24178,96187,96333,9,1155
24179,96387,96261,9,1155
24180,96206,96201,9,1155
24181,96343,96213,9,1155
24182,96385,96271,9,1155
24183,96248,96346,9,1155
24184,96167,96270,9,1155
24185,96309,96410,9,1155
24186,96398,96265,9,1155
24187,96381,96320,9,1155
24188,96396,96230,9,1155
24189,96220,96177,9,1155
24190,96257,96299,9,1155
24191,96169,96246,9,1155
24192,96275,96251,9,1155
24193,96221,96276,9,1155
24194,96356,96306,9,1155
24195,96195,96168,9,1155
24196,96267,96330,9,1155
24197,96415,96217,9,1155
24198,96416,96402,9,1155
24199,96417,96269,9,1155
24200,96418,96243,9,1155
24201,96927,96818,9,1180
24202,96505,96855,9,1180
24203,96706,96692,9,1180
24204,96877,96601,9,1180
24205,96474,96514,9,1180
24206,96836,96547,9,1180
24207,96664,96688,9,1180
24208,96627,96835,9,1180
24209,96935,96558,9,1180
24210,96598,96515,9,1180
24211,96712,96427,9,1180
24212,96895,96784,9,1180
24213,96697,96703,9,1180
24214,96682,96635,9,1180
24215,96908,96819,9,1180
24216,96499,96639,9,1180
24217,96615,96631,9,1180
24218,96634,96930,9,1180
24219,96614,96916,9,1180
24220,96687,96440,9,1180
24221,96723,96914,9,1180
24222,96431,96798,9,1180
24223,96600,96526,9,1180
24224,96572,96654,9,1180
24225,96496,96492,9,1180
24226,96583,96528,9,1180
24227,96575,96791,9,1180
24228,96704,96461,9,1180
24229,96691,96570,9,1180
24230,96932,96779,9,1180
24231,96880,96796,9,1180
24232,96822,96529,9,1180
24233,96657,96915,9,1180
24234,96638,96910,9,1180
24235,96892,96489,9,1180
24236,96763,96823,9,1180
24237,96709,96799,9,1180
24238,96441,96541,9,1180
24239,96690,96937,9,1180
24240,96858,96449,9,1180
24241,96456,96495,9,1180
24242,96810,96734,9,1180
24243,96808,96424,9,1180
24244,96830,96765,9,1180
24245,96597,96444,9,1180
24246,96507,96443,9,1180
24247,96888,96800,9,1180
24248,96653,96420,9,1180
24249,96926,96825,9,1180
24250,96844,96599,9,1180
24251,96897,96681,9,1180
24252,96569,96623,9,1180
24253,96738,96701,9,1180
24254,96865,96625,9,1180
24255,96533,96543,9,1180
24256,96841,96434,9,1180
24257,96757,96853,9,1180
24258,96458,96459,9,1180
24259,96728,96678,9,1180
24260,96606,96447,9,1180
24261,96469,96772,9,1180
24262,96648,96904,9,1180
24263,96520,96460,9,1180
24264,96651,96824,9,1180
24265,96482,96565,9,1180
24266,96809,96867,9,1180
24267,96789,96896,9,1180
24268,96557,96726,9,1180
24269,96549,96686,9,1180
24270,96466,96582,9,1180
24271,96781,96647,9,1180
24272,96868,96540,9,1180
24273,96829,96527,9,1180
24274,96655,96837,9,1180
24275,96710,96480,9,1180
24276,96425,96786,9,1180
24277,96833,96546,9,1180
24278,96607,96576,9,1180
24279,96693,96537,9,1180
24280,96433,96725,9,1180
24281,96490,96518,9,1180
24282,96636,96450,9,1180
24283,96754,96749,9,1180
24284,96512,96719,9,1180
24285,96446,96759,9,1180
24286,96486,96861,9,1180
24287,96605,96729,9,1180
24288,96740,96467,9,1180
24289,96699,96869,9,1180
24290,96504,96436,9,1180
24291,96811,96539,9,1180
24292,96437,96879,9,1180
24293,96519,96854,9,1180
24294,96506,96665,9,1180
24295,96421,96743,9,1180
24296,96564,96645,9,1180
24297,96771,96585,9,1180
24298,96769,96590,9,1180
24299,96792,96652,9,1180
24300,96516,96472,9,1180
24301,96727,96871,9,1180
24302,96451,96751,9,1180
24303,96535,96901,9,1180
24304,96775,96900,9,1180
24305,96821,96874,9,1180
24306,96542,96714,9,1180
24307,96827,96931,9,1180
24308,96626,96465,9,1180
24309,96735,96685,9,1180
24310,96438,96890,9,1180
24311,96700,96544,9,1180
24312,96589,96588,9,1180
24313,96893,96463,9,1180
24314,96640,96429,9,1180
24315,96804,96815,9,1180
24316,96559,96689,9,1180
24317,96677,96453,9,1180
24318,96659,96643,9,1180
24319,96739,96756,9,1180
24320,96568,96894,9,1180
24321,96720,96814,9,1180
24322,96806,96484,9,1180
24323,96596,96619,9,1180
24324,96813,96494,9,1180
24325,96924,96435,9,1180
24326,96579,96889,9,1180
24327,96721,96423,9,1180
24328,96839,96630,9,1180
24329,96462,96849,9,1180
24330,96661,96511,9,1180
24331,96556,96633,9,1180
24332,96768,96761,9,1180
24333,96920,96747,9,1180
24334,96870,96816,9,1180
24335,96934,96603,9,1180
24336,96764,96782,9,1180
24337,96563,96672,9,1180
24338,96802,96785,9,1180
24339,96591,96510,9,1180
24340,96483,96905,9,1180
24341,96553,96878,9,1180
24342,96783,96573,9,1180
24343,96478,96608,9,1180
24344,96780,96777,9,1180
24345,96618,96667,9,1180
24346,96722,96860,9,1180
24347,96487,96730,9,1180
24348,96923,96928,9,1180
24349,96716,96758,9,1180
24350,96828,96587,9,1180
24351,96545,96794,9,1180
24352,96886,96846,9,1180
24353,96797,96857,9,1180
24354,96581,96621,9,1180
24355,96679,96787,9,1180
24356,96885,96832,9,1180
24357,96850,96502,9,1180
24358,96684,96592,9,1180
24359,96650,96476,9,1180
24360,96503,96826,9,1180
24361,96831,96913,9,1180
24362,96845,96873,9,1180
24363,96666,96644,9,1180
24364,96610,96752,9,1180
24365,96602,96838,9,1180
24366,96872,96566,9,1180
24367,96616,96673,9,1180
24368,96430,96662,9,1180
24369,96457,96899,9,1180
24370,96498,96683,9,1180
24371,96671,96925,9,1180
24372,96481,96604,9,1180
24373,96637,96428,9,1180
24374,96909,96663,9,1180
24375,96536,96574,9,1180
24376,96517,96521,9,1180
24377,96578,96567,9,1180
24378,96628,96766,9,1180
24379,96577,96851,9,1180
24380,96741,96755,9,1180
24381,96762,96422,9,1180
24382,96660,96778,9,1180
24383,96455,96936,9,1180
24384,96675,96561,9,1180
24385,96718,96906,9,1180
24386,96803,96525,9,1180
24387,96497,96584,9,1180
24388,96668,96448,9,1180
24389,96656,96680,9,1180
24390,96471,96522,9,1180
24391,96705,96733,9,1180
24392,96918,96760,9,1180
24393,96745,96676,9,1180
24394,96454,96632,9,1180
24395,96731,96717,9,1180
24396,96658,96622,9,1180
24397,96479,96534,9,1180
24398,96508,96856,9,1180
24399,96911,96859,9,1180
24400,96903,96912,9,1180
24401,96864,96554,9,1180
24402,96708,96881,9,1180
24403,96491,96532,9,1180
24404,96748,96419,9,1180
24405,96746,96593,9,1180
24406,96707,96524,9,1180
24407,96801,96513,9,1180
24408,96921,96696,9,1180
24409,96863,96642,9,1180
24410,96812,96902,9,1180
24411,96488,96767,9,1180
24412,96439,96711,9,1180
24413,96475,96807,9,1180
24414,96753,96698,9,1180
24415,96694,96862,9,1180
24416,96776,96713,9,1180
24417,96531,96548,9,1180
24418,96646,96917,9,1180
24419,96737,96613,9,1180
24420,96560,96500,9,1180
24421,96595,96884,9,1180
24422,96468,96555,9,1180
24423,96426,96922,9,1180
24424,96493,96586,9,1180
24425,96509,96742,9,1180
24426,96793,96891,9,1180
24427,96452,96724,9,1180
24428,96695,96470,9,1180
24429,96750,96866,9,1180
24430,96609,96670,9,1180
24431,96732,96852,9,1180
24432,96887,96773,9,1180
24433,96843,96530,9,1180
24434,96611,96432,9,1180
24435,96840,96842,9,1180
24436,96805,96620,9,1180
24437,96523,96817,9,1180
24438,96464,96617,9,1180
24439,96715,96669,9,1180
24440,96580,96876,9,1180
24441,96550,96938,9,1180
24442,96624,96939,9,1180
24443,96442,96940,9,1180
24444,96770,96941,9,1180
24445,96612,96942,9,1180
24446,96774,96943,9,1180
24447,96882,96944,9,1180
24448,96788,96945,9,1180
24449,96898,96946,9,1180
24450,96919,96947,9,1180
24451,96795,96948,9,1180
24452,96847,96949,9,1180
24453,96744,96950,9,1180
24454,96629,96951,9,1180
24455,96875,96952,9,1180
24456,96445,96953,9,1180
24457,97212,97429,9,1205
24458,97432,97842,9,1205
24459,97377,97893,9,1205
24460,97253,97369,9,1205
24461,97153,97786,9,1205
24462,97645,97352,9,1205
24463,97660,97462,9,1205
24464,97205,97604,9,1205
24465,97734,97259,9,1205
24466,97037,97346,9,1205
24467,97707,97951,9,1205
24468,97916,97360,9,1205
24469,97848,97312,9,1205
24470,97976,97104,9,1205
24471,97359,97754,9,1205
24472,97315,97937,9,1205
24473,97598,97458,9,1205
24474,97713,97593,9,1205
24475,97932,97074,9,1205
24476,97204,97547,9,1205
24477,97322,97149,9,1205
24478,97687,97527,9,1205
24479,97443,97967,9,1205
24480,97447,97123,9,1205
24481,97775,97046,9,1205
24482,97689,97036,9,1205
24483,96954,97948,9,1205
24484,97026,97669,9,1205
24485,97173,97749,9,1205
24486,97147,96964,9,1205
24487,96962,97435,9,1205
24488,97955,97225,9,1205
24489,97495,97272,9,1205
24490,97402,97897,9,1205
24491,97059,97269,9,1205
24492,97690,97910,9,1205
24493,97981,97677,9,1205
24494,97524,97653,9,1205
24495,96995,97568,9,1205
24496,96999,97590,9,1205
24497,97013,97902,9,1205
24498,97479,97632,9,1205
24499,97661,97563,9,1205
24500,97907,97340,9,1205
24501,97730,97042,9,1205
24502,97628,97887,9,1205
24503,97027,97222,9,1205
24504,97773,97581,9,1205
24505,97855,97407,9,1205
24506,97196,97984,9,1205
24507,97472,97138,9,1205
24508,97746,97710,9,1205
24509,97838,97924,9,1205
24510,97238,97148,9,1205
24511,97295,97281,9,1205
24512,97302,97292,9,1205
24513,97126,97597,9,1205
24514,97280,97626,9,1205
24515,97720,97137,9,1205
24516,97609,97244,9,1205
24517,97008,97691,9,1205
24518,97268,97365,9,1205
24519,97831,97076,9,1205
24520,97812,97758,9,1205
24521,97795,97030,9,1205
24522,97616,97408,9,1205
24523,97187,97702,9,1205
24524,97121,97833,9,1205
24525,97933,96955,9,1205
24526,97160,97055,9,1205
24527,97273,97010,9,1205
24528,97349,97255,9,1205
24529,97504,97477,9,1205
24530,97468,97816,9,1205
24531,97188,97323,9,1205
24532,97650,97100,9,1205
24533,96963,97611,9,1205
24534,97156,97708,9,1205
24535,97325,97424,9,1205
24536,97488,97946,9,1205
24537,97577,97881,9,1205
24538,97870,97394,9,1205
24539,97337,97328,9,1205
24540,97430,97573,9,1205
24541,97587,97798,9,1205
24542,97266,97069,9,1205
24543,97020,97166,9,1205
24544,97356,97845,9,1205
24545,97101,97764,9,1205
24546,97542,97485,9,1205
24547,97922,97493,9,1205
24548,97256,97077,9,1205
24549,97211,97739,9,1205
24550,97192,97857,9,1205
24551,97744,97964,9,1205
24552,97400,97326,9,1205
24553,97769,97871,9,1205
24554,97371,97578,9,1205
24555,96987,97463,9,1205
24556,97344,97108,9,1205
24557,96971,97276,9,1205
24558,97446,97317,9,1205
24559,97596,97072,9,1205
24560,97448,97603,9,1205
24561,97063,97680,9,1205
24562,97135,97627,9,1205
24563,97143,97600,9,1205
24564,97209,97767,9,1205
24565,97444,97671,9,1205
24566,97395,97770,9,1205
24567,97909,97434,9,1205
24568,97863,97306,9,1205
24569,97286,97958,9,1205
24570,97494,97741,9,1205
24571,97879,97517,9,1205
24572,97168,97248,9,1205
24573,97840,97890,9,1205
24574,97894,97093,9,1205
24575,97537,97195,9,1205
24576,97159,96989,9,1205
24577,97788,97901,9,1205
24578,97207,97867,9,1205
24579,96969,97164,9,1205
24580,97658,97682,9,1205
24581,97866,97341,9,1205
24582,97249,97839,9,1205
24583,96977,97053,9,1205
24584,97163,97382,9,1205
24585,97227,97293,9,1205
24586,97094,97941,9,1205
24587,97486,97585,9,1205
24588,97851,96970,9,1205
24589,97438,97921,9,1205
24590,97031,97608,9,1205
24591,97551,97630,9,1205
24592,97301,97300,9,1205
24593,97152,97982,9,1205
24594,97112,97202,9,1205
24595,97343,97165,9,1205
24596,97665,97878,9,1205
24597,97496,97615,9,1205
24598,97412,97481,9,1205
24599,97618,97546,9,1205
24600,97185,97927,9,1205
24601,97972,97002,9,1205
24602,97373,97560,9,1205
24603,97303,97644,9,1205
24604,97774,97750,9,1205
24605,97647,97712,9,1205
24606,97090,97549,9,1205
24607,97617,97515,9,1205
24608,97642,97102,9,1205
24609,97861,97492,9,1205
24610,97836,96960,9,1205
24611,97297,97803,9,1205
24612,97643,97837,9,1205
24613,97133,97001,9,1205
24614,97075,97413,9,1205
24615,97103,97009,9,1205
24616,97154,97919,9,1205
24617,97806,97275,9,1205
24618,97091,97681,9,1205
24619,97311,97083,9,1205
24620,97528,97535,9,1205
24621,97652,97965,9,1205
24622,97829,96980,9,1205
24623,97309,97827,9,1205
24624,97145,97499,9,1205
24625,97962,97375,9,1205
24626,97241,97029,9,1205
24627,97928,97913,9,1205
24628,97784,97619,9,1205
24629,97506,97021,9,1205
24630,97208,97701,9,1205
24631,97589,97129,9,1205
24632,97755,97862,9,1205
24633,97345,97000,9,1205
24634,96997,97507,9,1205
24635,97738,97067,9,1205
24636,97625,97531,9,1205
24637,97874,97354,9,1205
24638,96979,97288,9,1205
24639,97876,97544,9,1205
24640,97175,97725,9,1205
24641,97232,97512,9,1205
24642,97066,97180,9,1205
24643,97516,97087,9,1205
24644,97782,97841,9,1205
24645,97641,97181,9,1205
24646,97915,97973,9,1205
24647,97859,97968,9,1205
24648,97569,97820,9,1205
24649,97396,97904,9,1205
24650,97025,97184,9,1205
24651,97128,97078,9,1205
24652,97508,97169,9,1205
24653,97240,97844,9,1205
24654,97793,97814,9,1205
24655,97071,97086,9,1205
24656,97092,97917,9,1205
24657,97440,97510,9,1205
24658,97613,97221,9,1205
24659,97237,97289,9,1205
24660,97110,97709,9,1205
24661,97676,97085,9,1205
24662,97721,97200,9,1205
24663,97151,97877,9,1205
24664,97113,97745,9,1205
24665,97595,97602,9,1205
24666,97688,97959,9,1205
24667,97634,97231,9,1205
24668,97404,97801,9,1205
24669,97453,97853,9,1205
24670,97098,97553,9,1205
24671,97952,97201,9,1205
24672,96998,97141,9,1205
24673,97953,97144,9,1205
24674,97158,97487,9,1205
24675,97683,97503,9,1205
24676,97950,96978,9,1205
24677,97787,97509,9,1205
24678,97765,97096,9,1205
24679,97530,97956,9,1205
24680,97214,97704,9,1205
24681,97914,97763,9,1205
24682,97735,97081,9,1205
24683,97420,97846,9,1205
24684,97760,97361,9,1205
24685,97753,96985,9,1205
24686,97525,97282,9,1205
24687,97938,97427,9,1205
24688,97974,97478,9,1205
24689,97236,97391,9,1205
24690,97199,97218,9,1205
24691,97176,97370,9,1205
24692,97327,97251,9,1205
24693,97056,97386,9,1205
24694,97558,97450,9,1205
24695,97518,97566,9,1205
24696,97722,97183,9,1205
24697,97260,97150,9,1205
24698,97296,97723,9,1205
24699,97505,97860,9,1205
24700,97805,97473,9,1205
24701,97122,97455,9,1205
24702,97220,97778,9,1205
24703,97389,97167,9,1205
24704,96974,97247,9,1205
24705,97474,97550,9,1205
24706,97949,97835,9,1205
24707,97142,97823,9,1205
24708,97631,97826,9,1205
24709,97461,97789,9,1205
24710,97372,96967,9,1205
24711,97610,97726,9,1205
24712,97271,97016,9,1205
24713,97939,97441,9,1205
24714,97903,97465,9,1205
24715,97417,97810,9,1205
24716,97442,97421,9,1205
24717,97058,97035,9,1205
24718,96965,97930,9,1205
24719,97929,97752,9,1205
24720,97464,97818,9,1205
24721,96988,97409,9,1205
24722,97498,97664,9,1205
24723,97388,97570,9,1205
24724,97489,97534,9,1205
24725,97759,97854,9,1205
24726,97942,97813,9,1205
24727,97824,97136,9,1205
24728,97064,97449,9,1205
24729,97592,97885,9,1205
24730,97390,97422,9,1205
24731,97274,97497,9,1205
24732,97304,97287,9,1205
24733,97925,97060,9,1205
24734,97899,97384,9,1205
24735,97807,97911,9,1205
24736,97693,97674,9,1205
24737,97923,97080,9,1205
24738,97538,97815,9,1205
24739,97880,97796,9,1205
24740,97482,97079,9,1205
24741,97872,97004,9,1205
24742,97329,97032,9,1205
24743,97385,97043,9,1205
24744,97636,97007,9,1205
24745,97502,97261,9,1205
24746,97045,97582,9,1205
24747,97190,97727,9,1205
24748,97695,97651,9,1205
24749,97476,97089,9,1205
24750,97105,97673,9,1205
24751,97865,97905,9,1205
24752,97947,97291,9,1205
24753,97088,97155,9,1205
24754,97670,97533,9,1205
24755,97977,97961,9,1205
24756,97308,97772,9,1205
24757,97182,97378,9,1205
24758,97966,97314,9,1205
24759,97097,97355,9,1205
24760,97127,97521,9,1205
24761,97666,97028,9,1205
24762,97262,97532,9,1205
24763,97574,97624,9,1205
24764,97139,97858,9,1205
24765,97684,97656,9,1205
24766,97766,97513,9,1205
24767,97379,97896,9,1205
24768,97198,97052,9,1205
24769,96990,97194,9,1205
24770,97555,97800,9,1205
24771,96983,96994,9,1205
24772,97115,97638,9,1205
24773,97019,97423,9,1205
24774,97711,97580,9,1205
24775,97594,97906,9,1205
24776,97170,97963,9,1205
24777,97285,97523,9,1205
24778,97556,97383,9,1205
24779,97565,97254,9,1205
24780,97342,97792,9,1205
24781,97883,97338,9,1205
24782,97790,97575,9,1205
24783,97393,97307,9,1205
24784,97892,97694,9,1205
24785,97445,97416,9,1205
24786,97557,97957,9,1205
24787,97367,97779,9,1205
24788,97362,97554,9,1205
24789,97130,97265,9,1205
24790,97780,97663,9,1205
24791,97797,97305,9,1205
24792,97832,97134,9,1205
24793,97599,97895,9,1205
24794,97703,97606,9,1205
24795,97584,97667,9,1205
24796,97038,97945,9,1205
24797,97368,97219,9,1205
24798,97117,97084,9,1205
24799,97719,97776,9,1205
24800,97882,97070,9,1205
24801,97620,97410,9,1205
24802,97762,97399,9,1205
24803,97483,97912,9,1205
24804,97061,97131,9,1205
24805,97278,97366,9,1205
24806,96982,97235,9,1205
24807,97263,97571,9,1205
24808,97748,97490,9,1205
24809,97747,97228,9,1205
24810,97714,97157,9,1205
24811,97418,96966,9,1205
24812,97960,97392,9,1205
24813,96993,97657,9,1205
24814,97717,97856,9,1205
24815,97633,97926,9,1205
24816,97226,97015,9,1205
24817,97900,97095,9,1205
24818,97783,97891,9,1205
24819,97203,97541,9,1205
24820,96961,97022,9,1205
24821,96991,97672,9,1205
24822,97233,97177,9,1205
24823,97106,97648,9,1205
24824,97050,97583,9,1205
24825,97828,97971,9,1205
24826,97347,96992,9,1205
24827,97178,97662,9,1205
24828,97161,97213,9,1205
24829,97062,97258,9,1205
24830,97054,97109,9,1205
24831,97189,97331,9,1205
24832,97216,97048,9,1205
24833,97330,97934,9,1205
24834,97742,97591,9,1205
24835,97700,97808,9,1205
24836,97675,97799,9,1205
24837,97357,97920,9,1205
24838,97270,97475,9,1205
24839,97785,97733,9,1205
24840,97875,97217,9,1205
24841,97339,97519,9,1205
24842,97514,97850,9,1205
24843,97012,97526,9,1205
24844,97294,97781,9,1205
24845,97014,97724,9,1205
24846,97777,97425,9,1205
24847,97562,97456,9,1205
24848,97351,97132,9,1205
24849,97051,97223,9,1205
24850,97567,97332,9,1205
24851,97830,97224,9,1205
24852,97406,97380,9,1205
24853,97548,97439,9,1205
24854,97428,97794,9,1205
24855,97935,97284,9,1205
24856,97267,97024,9,1205
24857,97099,97898,9,1205
24858,97612,97230,9,1205
24859,97111,97011,9,1205
24860,97716,97811,9,1205
24861,97040,97699,9,1205
24862,97649,97437,9,1205
24863,97480,97210,9,1205
24864,97552,97466,9,1205
24865,97536,97034,9,1205
24866,97398,97193,9,1205
24867,97622,97005,9,1205
24868,97954,96956,9,1205
24869,97433,97140,9,1205
24870,97978,97809,9,1205
24871,97316,97057,9,1205
24872,97791,97358,9,1205
24873,97336,97635,9,1205
24874,97334,96958,9,1205
24875,97715,97834,9,1205
24876,97018,97614,9,1205
24877,96972,97529,9,1205
24878,97299,97802,9,1205
24879,97817,97572,9,1205
24880,97621,97118,9,1205
24881,97319,97864,9,1205
24882,97936,97257,9,1205
24883,97162,97843,9,1205
24884,97586,97637,9,1205
24885,97250,97277,9,1205
24886,97931,97943,9,1205
24887,96984,97017,9,1205
24888,97239,97116,9,1205
24889,97171,97908,9,1205
24890,97970,97579,9,1205
24891,97940,97511,9,1205
24892,96996,97678,9,1205
24893,97655,97415,9,1205
24894,97751,97718,9,1205
24895,97364,97243,9,1205
24896,97298,96959,9,1205
24897,97387,97073,9,1205
24898,97640,97264,9,1205
24899,96973,97452,9,1205
24900,97743,97320,9,1205
24901,97623,97471,9,1205
24902,97771,97381,9,1205
24903,97884,97484,9,1205
24904,97869,97737,9,1205
24905,97543,97119,9,1205
24906,97561,97520,9,1205
24907,97469,97654,9,1205
24908,97252,97501,9,1205
24909,97679,97044,9,1205
24910,97403,97979,9,1205
24911,97705,97732,9,1205
24912,97318,96981,9,1205
24913,97124,97431,9,1205
24914,97686,97146,9,1205
24915,97049,97646,9,1205
24916,97197,97120,9,1205
24917,97283,97335,9,1205
24918,97868,97588,9,1205
24919,97889,96968,9,1205
24920,96986,97279,9,1205
24921,97174,97125,9,1205
24922,97559,97082,9,1205
24923,97179,97350,9,1205
24924,97376,97290,9,1205
24925,97983,97736,9,1205
24926,97852,97457,9,1205
24927,97039,97975,9,1205
24928,97731,97849,9,1205
24929,97491,97639,9,1205
24930,97023,97698,9,1205
24931,97246,97692,9,1205
24932,97728,97068,9,1205
24933,97321,97436,9,1205
24934,97470,97729,9,1205
24935,97847,97601,9,1205
24936,97451,97426,9,1205
24937,97540,97888,9,1205
24938,97065,97047,9,1205
24939,97348,97822,9,1205
24940,97003,97006,9,1205
24941,97186,97873,9,1205
24942,96957,97324,9,1205
24943,97172,96976,9,1205
24944,97041,97804,9,1205
24945,97414,97234,9,1205
24946,97918,97761,9,1205
24947,97969,97467,9,1205
24948,97114,97706,9,1205
24949,97685,97944,9,1205
24950,97697,97401,9,1205
24951,97768,97460,9,1205
24952,97605,97740,9,1205
24953,97405,97539,9,1205
24954,97757,97659,9,1205
24955,97886,97242,9,1205
24956,97310,97313,9,1205
24957,99150,98319,9,1230
24958,99567,99657,9,1230
24959,98054,98265,9,1230
24960,99178,98429,9,1230
24961,98185,98585,9,1230
24962,98184,99537,9,1230
24963,98110,99725,9,1230
24964,99051,98042,9,1230
24965,98848,99749,9,1230
24966,99171,98211,9,1230
24967,98942,98766,9,1230
24968,99288,98588,9,1230
24969,99097,99639,9,1230
24970,99348,98086,9,1230
24971,99465,98117,9,1230
24972,98919,98958,9,1230
24973,99927,99062,9,1230
24974,99589,98129,9,1230
24975,99781,99098,9,1230
24976,98617,98639,9,1230
24977,99335,98660,9,1230
24978,99684,98320,9,1230
24979,99848,99860,9,1230
24980,99127,98512,9,1230
24981,98513,99920,9,1230
24982,98742,99054,9,1230
24983,99522,98793,9,1230
24984,99901,99798,9,1230
24985,98065,99985,9,1230
24986,99328,98107,9,1230
24987,99602,99091,9,1230
24988,99775,99035,9,1230
24989,99433,98364,9,1230
24990,98971,98952,9,1230
24991,98602,99615,9,1230
24992,99792,99032,9,1230
24993,98316,99486,9,1230
24994,98744,99179,9,1230
24995,98310,98898,9,1230
24996,98523,98610,9,1230
24997,99142,99374,9,1230
24998,98734,98874,9,1230
24999,99502,98092,9,1230
25000,99516,99995,9,1230
25001,99826,98030,9,1230
25002,98206,99660,9,1230
25003,98664,98068,9,1230
25004,99402,98051,9,1230
25005,98725,98603,9,1230
25006,98756,99385,9,1230
25007,99978,99667,9,1230
25008,98626,99262,9,1230
25009,98019,98595,9,1230
25010,98350,98193,9,1230
25011,99038,99859,9,1230
25012,99493,98843,9,1230
25013,98575,98088,9,1230
25014,98067,99437,9,1230
25015,99145,97997,9,1230
25016,99322,99984,9,1230
25017,98043,98810,9,1230
25018,99329,98647,9,1230
25019,99695,99489,9,1230
25020,99432,99838,9,1230
25021,99665,99375,9,1230
25022,98764,98890,9,1230
25023,99656,99359,9,1230
25024,100003,98114,9,1230
25025,98732,99161,9,1230
25026,98703,99875,9,1230
25027,98049,98031,9,1230
25028,99762,98097,9,1230
25029,98250,98973,9,1230
25030,98753,99549,9,1230
25031,98776,99279,9,1230
25032,99755,99898,9,1230
25033,99977,98496,9,1230
25034,98928,98066,9,1230
25035,98599,98948,9,1230
25036,98069,99199,9,1230
25037,98560,98967,9,1230
25038,99737,99865,9,1230
25039,98693,98978,9,1230
25040,99693,98870,9,1230
25041,98545,99451,9,1230
25042,99803,99797,9,1230
25043,99383,99026,9,1230
25044,99403,99299,9,1230
25045,99935,98961,9,1230
25046,99919,99690,9,1230
25047,99631,99242,9,1230
25048,99870,99346,9,1230
25049,98940,99530,9,1230
25050,99807,99116,9,1230
25051,98016,99241,9,1230
25052,98087,99221,9,1230
25053,98162,98334,9,1230
25054,99497,98346,9,1230
25055,98739,99966,9,1230
25056,99254,99413,9,1230
25057,98082,99858,9,1230
25058,98568,98720,9,1230
25059,99265,99408,9,1230
25060,99463,98931,9,1230
25061,98791,99452,9,1230
25062,98778,98057,9,1230
25063,99911,99354,9,1230
25064,99278,98191,9,1230
25065,98263,99658,9,1230
25066,98253,99332,9,1230
25067,99023,97994,9,1230
25068,98401,99526,9,1230
25069,99109,99365,9,1230
25070,98239,99555,9,1230
25071,99869,99904,9,1230
25072,99175,98795,9,1230
25073,98180,99321,9,1230
25074,98807,99750,9,1230
25075,98544,98559,9,1230
25076,98252,99092,9,1230
25077,98404,99168,9,1230
25078,99862,98550,9,1230
25079,98448,98347,9,1230
25080,99812,99230,9,1230
25081,98481,98112,9,1230
25082,98015,99793,9,1230
25083,99240,99187,9,1230
25084,98063,98436,9,1230
25085,98652,99809,9,1230
25086,99300,99507,9,1230
25087,98251,99490,9,1230
25088,99358,98765,9,1230
25089,98529,99207,9,1230
25090,98899,98609,9,1230
25091,98397,98340,9,1230
25092,98444,99748,9,1230
25093,98534,99271,9,1230
25094,99134,99216,9,1230
25095,98968,98380,9,1230
25096,99270,98856,9,1230
25097,99983,98007,9,1230
25098,99679,98156,9,1230
25099,98914,98012,9,1230
25100,98351,99176,9,1230
25101,98868,98670,9,1230
25102,99831,98959,9,1230
25103,97985,98003,9,1230
25104,99388,99343,9,1230
25105,98336,99992,9,1230
25106,98922,98490,9,1230
25107,98844,99616,9,1230
25108,99561,98410,9,1230
25109,98413,99896,9,1230
25110,99440,98196,9,1230
25111,99243,98421,9,1230
25112,99268,98332,9,1230
25113,99574,99377,9,1230
25114,98715,98567,9,1230
25115,98614,98831,9,1230
25116,99753,98345,9,1230
25117,99390,99960,9,1230
25118,99089,99662,9,1230
25119,99864,99587,9,1230
25120,99457,99233,9,1230
25121,98854,98460,9,1230
25122,98399,98420,9,1230
25123,99152,99160,9,1230
25124,98965,99444,9,1230
25125,99932,98103,9,1230
25126,98485,99503,9,1230
25127,99220,98375,9,1230
25128,99814,98838,9,1230
25129,99554,99524,9,1230
25130,98630,98139,9,1230
25131,99404,98394,9,1230
25132,98625,99611,9,1230
25133,99790,98679,9,1230
25134,98306,99269,9,1230
25135,98368,99351,9,1230
25136,99061,98280,9,1230
25137,98132,97999,9,1230
25138,98459,99696,9,1230
25139,99913,99325,9,1230
25140,98840,98173,9,1230
25141,98072,99090,9,1230
25142,99843,98383,9,1230
25143,99532,99419,9,1230
25144,99852,98672,9,1230
25145,99076,98089,9,1230
25146,98849,98044,9,1230
25147,99670,99868,9,1230
25148,99540,98845,9,1230
25149,99926,99939,9,1230
25150,98465,97990,9,1230
25151,99714,99700,9,1230
25152,99535,99260,9,1230
25153,99473,98362,9,1230
25154,99369,99382,9,1230
25155,98267,98176,9,1230
25156,99037,99336,9,1230
25157,99475,98309,9,1230
25158,99687,99156,9,1230
25159,98688,99163,9,1230
25160,98705,99016,9,1230
25161,98498,99723,9,1230
25162,99297,99477,9,1230
25163,98415,99101,9,1230
25164,98674,98841,9,1230
25165,98682,99341,9,1230
25166,98219,98218,9,1230
25167,99784,98773,9,1230
25168,98204,98437,9,1230
25169,98357,99680,9,1230
25170,99906,99080,9,1230
25171,98177,99963,9,1230
25172,98020,99186,9,1230
25173,98021,99962,9,1230
25174,99429,99069,9,1230
25175,98041,99800,9,1230
25176,99455,99412,9,1230
25177,98643,99253,9,1230
25178,100002,99036,9,1230
25179,98499,98048,9,1230
25180,98279,99428,9,1230
25181,99394,99417,9,1230
25182,98615,98866,9,1230
25183,98101,98367,9,1230
25184,99441,98121,9,1230
25185,98406,98717,9,1230
25186,99588,98108,9,1230
25187,99706,99257,9,1230
25188,99224,98289,9,1230
25189,98296,99033,9,1230
25190,99974,98728,9,1230
25191,98885,98960,9,1230
25192,99796,98446,9,1230
25193,98424,99119,9,1230
25194,98635,98352,9,1230
25195,98028,99085,9,1230
25196,98601,98301,9,1230
25197,98842,99424,9,1230
25198,99936,98005,9,1230
25199,98837,99544,9,1230
25200,98979,98188,9,1230
25201,98949,98178,9,1230
25202,98094,97993,9,1230
25203,98166,99867,9,1230
25204,99968,99908,9,1230
25205,98104,99308,9,1230
25206,98723,98475,9,1230
25207,99580,99569,9,1230
25208,98694,99563,9,1230
25209,98915,98205,9,1230
25210,98733,99598,9,1230
25211,99821,99282,9,1230
25212,98447,98179,9,1230
25213,98091,99499,9,1230
25214,98858,98716,9,1230
25215,98514,98945,9,1230
25216,98152,98209,9,1230
25217,99903,98836,9,1230
25218,99215,99851,9,1230
25219,98702,99324,9,1230
25220,99976,99263,9,1230
25221,99442,98258,9,1230
25222,99698,98673,9,1230
25223,98214,98659,9,1230
25224,98691,99728,9,1230
25225,99095,99990,9,1230
25226,99626,99565,9,1230
25227,99311,99883,9,1230
25228,99636,99079,9,1230
25229,99782,98912,9,1230
25230,99722,98547,9,1230
25231,99251,98268,9,1230
25232,98488,99427,9,1230
25233,99434,98275,9,1230
25234,98000,98667,9,1230
25235,98462,99637,9,1230
25236,98893,98170,9,1230
25237,99789,98262,9,1230
25238,98111,98637,9,1230
25239,99607,99480,9,1230
25240,98642,99582,9,1230
25241,99686,99886,9,1230
25242,98269,99495,9,1230
25243,99208,99884,9,1230
25244,98328,98451,9,1230
25245,99088,99314,9,1230
25246,99882,99577,9,1230
25247,99485,98382,9,1230
25248,98817,98466,9,1230
25249,98093,98828,9,1230
25250,98461,98621,9,1230
25251,98472,99247,9,1230
25252,98442,98623,9,1230
25253,99663,99614,9,1230
25254,98314,98827,9,1230
25255,99872,98962,9,1230
25256,98431,99072,9,1230
25257,98098,99201,9,1230
25258,99529,98337,9,1230
25259,98538,99482,9,1230
25260,99664,98201,9,1230
25261,99219,98947,9,1230
25262,99081,98686,9,1230
25263,99229,98553,9,1230
25264,99068,98619,9,1230
25265,98819,99971,9,1230
25266,99967,99449,9,1230
25267,99504,98750,9,1230
25268,99083,99389,9,1230
25269,98497,98894,9,1230
25270,99605,99146,9,1230
25271,99817,99125,9,1230
25272,98145,99996,9,1230
25273,99999,98377,9,1230
25274,98641,98826,9,1230
25275,99946,99645,9,1230
25276,98287,98853,9,1230
25277,99494,99225,9,1230
25278,98925,99757,9,1230
25279,99682,98981,9,1230
25280,98569,99470,9,1230
25281,98984,98128,9,1230
25282,99436,98225,9,1230
25283,98194,98517,9,1230
25284,98254,98985,9,1230
25285,99592,98932,9,1230
25286,99244,98077,9,1230
25287,98678,99991,9,1230
25288,99094,98270,9,1230
25289,98862,99149,9,1230
25290,98158,99571,9,1230
25291,98653,99340,9,1230
25292,99734,98018,9,1230
25293,98489,99291,9,1230
25294,99820,98172,9,1230
25295,98469,99724,9,1230
25296,98593,98454,9,1230
25297,98980,99498,9,1230
25298,99716,98884,9,1230
25299,98076,99876,9,1230
25300,98183,98168,9,1230
25301,99895,98581,9,1230
25302,99045,99376,9,1230
25303,98982,99266,9,1230
25304,98920,98135,9,1230
25305,98412,98825,9,1230
25306,98747,99899,9,1230
25307,98473,99744,9,1230
25308,98312,99478,9,1230
25309,99938,98743,9,1230
25310,99285,98531,9,1230
25311,99556,99647,9,1230
25312,99933,99461,9,1230
25313,98014,98136,9,1230
25314,99138,99721,9,1230
25315,99650,98294,9,1230
25316,98712,99411,9,1230
25317,98372,98736,9,1230
25318,99133,99519,9,1230
25319,99642,99491,9,1230
25320,98510,98390,9,1230
25321,98895,99606,9,1230
25322,98649,98141,9,1230
25323,98378,99763,9,1230
25324,98910,98927,9,1230
25325,99209,98317,9,1230
25326,98533,99147,9,1230
25327,98990,98677,9,1230
25328,98638,98060,9,1230
25329,98160,98975,9,1230
25330,98284,99539,9,1230
25331,99879,99400,9,1230
25332,98052,98539,9,1230
25333,99701,99590,9,1230
25334,98792,98618,9,1230
25335,99773,98813,9,1230
25336,98002,99685,9,1230
25337,99174,99228,9,1230
25338,99575,99422,9,1230
25339,99552,98751,9,1230
25340,98964,99954,9,1230
25341,99193,99955,9,1230
25342,99907,99511,9,1230
25343,98814,99610,9,1230
25344,99712,99958,9,1230
25345,98883,99481,9,1230
25346,99264,99780,9,1230
25347,98957,98522,9,1230
25348,99078,98303,9,1230
25349,99177,98503,9,1230
25350,98850,98759,9,1230
25351,98124,98062,9,1230
25352,98989,98687,9,1230
25353,99124,98875,9,1230
25354,99959,98045,9,1230
25355,97996,99517,9,1230
25356,98165,99143,9,1230
25357,98295,99506,9,1230
25358,99945,99304,9,1230
25359,99801,99130,9,1230
25360,98818,99787,9,1230
25361,98130,98564,9,1230
25362,99628,98864,9,1230
25363,99694,98387,9,1230
25364,99034,98083,9,1230
25365,99280,99541,9,1230
25366,99688,98777,9,1230
25367,99515,98929,9,1230
25368,99828,99099,9,1230
25369,98148,98032,9,1230
25370,99644,99192,9,1230
25371,98860,99239,9,1230
25372,99727,99459,9,1230
25373,97998,98740,9,1230
25374,99586,99947,9,1230
25375,98293,98774,9,1230
25376,99827,99211,9,1230
25377,98480,99751,9,1230
25378,99410,99294,9,1230
25379,99709,98762,9,1230
25380,99339,99877,9,1230
25381,99454,98591,9,1230
25382,98829,99818,9,1230
25383,99363,99000,9,1230
25384,99988,98913,9,1230
25385,98260,98757,9,1230
25386,99237,98246,9,1230
25387,99255,99443,9,1230
25388,98229,99823,9,1230
25389,99290,98391,9,1230
25390,98798,98809,9,1230
25391,98235,99618,9,1230
25392,99391,98904,9,1230
25393,99777,98147,9,1230
25394,99227,99738,9,1230
25395,99668,99659,9,1230
25396,98455,99603,9,1230
25397,99889,98010,9,1230
25398,98969,99445,9,1230
25399,98163,98999,9,1230
25400,99157,98755,9,1230
25401,98900,99742,9,1230
25402,98443,98335,9,1230
25403,98946,99931,9,1230
25404,99551,99378,9,1230
25405,99277,99041,9,1230
25406,99543,98530,9,1230
25407,99492,99484,9,1230
25408,97986,99697,9,1230
25409,98414,99293,9,1230
25410,98604,99717,9,1230
25411,99303,98233,9,1230
25412,98970,98324,9,1230
25413,99327,98879,9,1230
25414,98290,99604,9,1230
25415,98972,99170,9,1230
25416,99824,98115,9,1230
25417,99355,98040,9,1230
25418,99681,99399,9,1230
25419,98695,99635,9,1230
25420,98189,98153,9,1230
25421,99132,99683,9,1230
25422,99173,99731,9,1230
25423,99349,99249,9,1230
25424,98244,99122,9,1230
25425,99776,98663,9,1230
25426,99001,99558,9,1230
25427,101889,101890,10,1025
25428,101889,101890,10,1005
25429,101891,101892,10,1005
25430,101896,101897,10,1030
25431,101895,101898,10,1030
25432,101894,101899,10,1030
25433,101893,101901,10,1030
25434,101904,101902,10,1055
25435,101911,101909,10,1055
25436,101903,101907,10,1055
25437,101913,101914,10,1055
25438,101908,101912,10,1055
25439,101906,101910,10,1055
25440,101915,101905,10,1055
25441,101916,101917,10,1055
25442,101921,101939,10,1080
25443,101932,101919,10,1080
25444,101918,101940,10,1080
25445,101947,101928,10,1080
25446,101924,101942,10,1080
25447,101938,101930,10,1080
25448,101935,101937,10,1080
25449,101946,101949,10,1080
25450,101936,101922,10,1080
25451,101945,101934,10,1080
25452,101944,101920,10,1080
25453,101943,101948,10,1080
25454,101929,101933,10,1080
25455,101950,101923,10,1080
25456,101951,101925,10,1080
25457,101952,101927,10,1080
25458,101998,102007,10,1105
25459,101966,101993,10,1105
25460,101982,101999,10,1105
25461,101986,102008,10,1105
25462,102003,101990,10,1105
25463,101992,101972,10,1105
25464,101985,102006,10,1105
25465,101968,101973,10,1105
25466,101987,101974,10,1105
25467,102002,101958,10,1105
25468,101981,101996,10,1105
25469,101995,101954,10,1105
25470,101960,101983,10,1105
25471,101976,101984,10,1105
25472,101997,101967,10,1105
25473,102010,102012,10,1105
25474,101977,101956,10,1105
25475,101955,101980,10,1105
25476,101953,101994,10,1105
25477,102011,101962,10,1105
25478,101988,102001,10,1105
25479,102005,101970,10,1105
25480,101959,101965,10,1105
25481,102000,101963,10,1105
25482,101971,101964,10,1105
25483,101975,101991,10,1105
25484,101989,101961,10,1105
25485,102009,102013,10,1105
25486,101979,102014,10,1105
25487,101978,102015,10,1105
25488,102004,102016,10,1105
25489,101957,102017,10,1105
25490,102128,102146,10,1130
25491,102105,102033,10,1130
25492,102067,102106,10,1130
25493,102084,102148,10,1130
25494,102143,102132,10,1130
25495,102080,102035,10,1130
25496,102081,102139,10,1130
25497,102075,102028,10,1130
25498,102137,102043,10,1130
25499,102036,102122,10,1130
25500,102030,102135,10,1130
25501,102057,102087,10,1130
25502,102133,102150,10,1130
25503,102053,102020,10,1130
25504,102025,102094,10,1130
25505,102107,102064,10,1130
25506,102032,102093,10,1130
25507,102055,102022,10,1130
25508,102130,102145,10,1130
25509,102125,102112,10,1130
25510,102019,102097,10,1130
25511,102098,102031,10,1130
25512,102092,102124,10,1130
25513,102103,102063,10,1130
25514,102114,102089,10,1130
25515,102071,102123,10,1130
25516,102078,102088,10,1130
25517,102056,102091,10,1130
25518,102054,102058,10,1130
25519,102134,102060,10,1130
25520,102073,102099,10,1130
25521,102059,102108,10,1130
25522,102077,102052,10,1130
25523,102100,102085,10,1130
25524,102101,102018,10,1130
25525,102149,102140,10,1130
25526,102118,102131,10,1130
25527,102086,102113,10,1130
25528,102082,102062,10,1130
25529,102068,102046,10,1130
25530,102038,102090,10,1130
25531,102121,102117,10,1130
25532,102115,102119,10,1130
25533,102136,102066,10,1130
25534,102120,102104,10,1130
25535,102024,102027,10,1130
25536,102096,102072,10,1130
25537,102116,102144,10,1130
25538,102037,102042,10,1130
25539,102110,102065,10,1130
25540,102102,102111,10,1130
25541,102049,102109,10,1130
25542,102083,102048,10,1130
25543,102051,102141,10,1130
25544,102061,102126,10,1130
25545,102026,102074,10,1130
25546,102127,102021,10,1130
25547,102045,102138,10,1130
25548,102076,102047,10,1130
25549,102023,102041,10,1130
25550,102050,102142,10,1130
25551,102044,102147,10,1130
25552,102151,102095,10,1130
25553,102152,102034,10,1130
25554,102292,102220,10,1155
25555,102402,102308,10,1155
25556,102328,102382,10,1155
25557,102391,102166,10,1155
25558,102350,102232,10,1155
25559,102284,102408,10,1155
25560,102338,102366,10,1155
25561,102327,102179,10,1155
25562,102318,102289,10,1155
25563,102400,102246,10,1155
25564,102360,102177,10,1155
25565,102213,102224,10,1155
25566,102317,102176,10,1155
25567,102252,102275,10,1155
25568,102333,102349,10,1155
25569,102390,102347,10,1155
25570,102353,102267,10,1155
25571,102174,102405,10,1155
25572,102211,102279,10,1155
25573,102362,102239,10,1155
25574,102222,102277,10,1155
25575,102295,102193,10,1155
25576,102336,102191,10,1155
25577,102384,102245,10,1155
25578,102306,102396,10,1155
25579,102218,102206,10,1155
25580,102178,102215,10,1155
25581,102235,102355,10,1155
25582,102315,102269,10,1155
25583,102260,102217,10,1155
25584,102264,102214,10,1155
25585,102348,102253,10,1155
25586,102276,102201,10,1155
25587,102389,102229,10,1155
25588,102344,102291,10,1155
25589,102401,102387,10,1155
25590,102325,102335,10,1155
25591,102356,102278,10,1155
25592,102323,102203,10,1155
25593,102285,102388,10,1155
25594,102184,102307,10,1155
25595,102359,102330,10,1155
25596,102271,102205,10,1155
25597,102259,102209,10,1155
25598,102392,102164,10,1155
25599,102373,102290,10,1155
25600,102274,102376,10,1155
25601,102227,102170,10,1155
25602,102190,102263,10,1155
25603,102186,102371,10,1155
25604,102157,102265,10,1155
25605,102280,102339,10,1155
25606,102173,102288,10,1155
25607,102337,102283,10,1155
25608,102180,102251,10,1155
25609,102331,102243,10,1155
25610,102198,102196,10,1155
25611,102399,102311,10,1155
25612,102365,102411,10,1155
25613,102409,102163,10,1155
25614,102221,102169,10,1155
25615,102266,102161,10,1155
25616,102154,102194,10,1155
25617,102352,102216,10,1155
25618,102258,102370,10,1155
25619,102380,102202,10,1155
25620,102403,102367,10,1155
25621,102368,102249,10,1155
25622,102314,102244,10,1155
25623,102270,102192,10,1155
25624,102248,102394,10,1155
25625,102225,102324,10,1155
25626,102247,102256,10,1155
25627,102305,102341,10,1155
25628,102381,102332,10,1155
25629,102168,102234,10,1155
25630,102156,102200,10,1155
25631,102397,102273,10,1155
25632,102261,102185,10,1155
25633,102181,102406,10,1155
25634,102299,102207,10,1155
25635,102364,102304,10,1155
25636,102316,102287,10,1155
25637,102312,102175,10,1155
25638,102153,102172,10,1155
25639,102188,102160,10,1155
25640,102320,102303,10,1155
25641,102374,102412,10,1155
25642,102195,102230,10,1155
25643,102257,102212,10,1155
25644,102272,102393,10,1155
25645,102361,102250,10,1155
25646,102340,102351,10,1155
25647,102357,102219,10,1155
25648,102208,102189,10,1155
25649,102159,102242,10,1155
25650,102342,102165,10,1155
25651,102226,102204,10,1155
25652,102410,102254,10,1155
25653,102282,102237,10,1155
25654,102363,102345,10,1155
25655,102210,102375,10,1155
25656,102228,102238,10,1155
25657,102236,102322,10,1155
25658,102255,102297,10,1155
25659,102187,102171,10,1155
25660,102199,102286,10,1155
25661,102386,102310,10,1155
25662,102346,102395,10,1155
25663,102369,102241,10,1155
25664,102321,102197,10,1155
25665,102309,102377,10,1155
25666,102319,102407,10,1155
25667,102183,102182,10,1155
25668,102302,102404,10,1155
25669,102383,102298,10,1155
25670,102326,102281,10,1155
25671,102372,102155,10,1155
25672,102293,102167,10,1155
25673,102162,102398,10,1155
25674,102301,102233,10,1155
25675,102158,102268,10,1155
25676,102296,102354,10,1155
25677,102379,102294,10,1155
25678,102231,102343,10,1155
25679,102300,102223,10,1155
25680,102378,102240,10,1155
25681,102413,102313,10,1155
25682,102884,102905,10,1180
25683,102632,102757,10,1180
25684,102721,102659,10,1180
25685,102741,102829,10,1180
25686,102712,102685,10,1180
25687,102592,102848,10,1180
25688,102705,102846,10,1180
25689,102443,102925,10,1180
25690,102425,102877,10,1180
25691,102463,102589,10,1180
25692,102823,102641,10,1180
25693,102785,102609,10,1180
25694,102414,102643,10,1180
25695,102834,102731,10,1180
25696,102649,102673,10,1180
25697,102550,102496,10,1180
25698,102545,102898,10,1180
25699,102762,102679,10,1180
25700,102633,102777,10,1180
25701,102451,102661,10,1180
25702,102687,102878,10,1180
25703,102772,102922,10,1180
25704,102420,102885,10,1180
25705,102833,102528,10,1180
25706,102621,102707,10,1180
25707,102628,102452,10,1180
25708,102562,102536,10,1180
25709,102815,102502,10,1180
25710,102529,102913,10,1180
25711,102465,102684,10,1180
25712,102471,102474,10,1180
25713,102906,102464,10,1180
25714,102791,102894,10,1180
25715,102700,102821,10,1180
25716,102456,102553,10,1180
25717,102897,102421,10,1180
25718,102740,102481,10,1180
25719,102892,102540,10,1180
25720,102558,102880,10,1180
25721,102631,102873,10,1180
25722,102697,102797,10,1180
25723,102744,102921,10,1180
25724,102814,102566,10,1180
25725,102674,102667,10,1180
25726,102492,102856,10,1180
25727,102462,102847,10,1180
25728,102818,102668,10,1180
25729,102473,102468,10,1180
25730,102788,102415,10,1180
25731,102752,102737,10,1180
25732,102515,102759,10,1180
25733,102917,102779,10,1180
25734,102850,102855,10,1180
25735,102622,102708,10,1180
25736,102487,102554,10,1180
25737,102530,102704,10,1180
25738,102561,102494,10,1180
25739,102555,102746,10,1180
25740,102514,102909,10,1180
25741,102801,102676,10,1180
25742,102825,102703,10,1180
25743,102503,102682,10,1180
25744,102851,102835,10,1180
25745,102790,102637,10,1180
25746,102670,102588,10,1180
25747,102657,102652,10,1180
25748,102548,102603,10,1180
25749,102560,102518,10,1180
25750,102521,102493,10,1180
25751,102881,102583,10,1180
25752,102695,102586,10,1180
25753,102901,102537,10,1180
25754,102904,102874,10,1180
25755,102832,102896,10,1180
25756,102920,102509,10,1180
25757,102735,102733,10,1180
25758,102718,102911,10,1180
25759,102584,102804,10,1180
25760,102766,102800,10,1180
25761,102541,102547,10,1180
25762,102596,102491,10,1180
25763,102524,102575,10,1180
25764,102889,102780,10,1180
25765,102863,102711,10,1180
25766,102623,102927,10,1180
25767,102774,102764,10,1180
25768,102480,102816,10,1180
25769,102556,102626,10,1180
25770,102523,102511,10,1180
25771,102582,102789,10,1180
25772,102742,102672,10,1180
25773,102519,102579,10,1180
25774,102434,102539,10,1180
25775,102728,102796,10,1180
25776,102565,102472,10,1180
25777,102924,102799,10,1180
25778,102428,102469,10,1180
25779,102701,102430,10,1180
25780,102525,102812,10,1180
25781,102666,102717,10,1180
25782,102689,102423,10,1180
25783,102594,102887,10,1180
25784,102531,102680,10,1180
25785,102686,102482,10,1180
25786,102730,102886,10,1180
25787,102535,102860,10,1180
25788,102475,102842,10,1180
25789,102573,102782,10,1180
25790,102563,102422,10,1180
25791,102571,102694,10,1180
25792,102853,102516,10,1180
25793,102418,102625,10,1180
25794,102710,102890,10,1180
25795,102776,102787,10,1180
25796,102614,102567,10,1180
25797,102440,102915,10,1180
25798,102483,102653,10,1180
25799,102527,102650,10,1180
25800,102763,102854,10,1180
25801,102852,102756,10,1180
25802,102568,102585,10,1180
25803,102888,102454,10,1180
25804,102916,102761,10,1180
25805,102438,102736,10,1180
25806,102572,102602,10,1180
25807,102485,102617,10,1180
25808,102869,102543,10,1180
25809,102720,102506,10,1180
25810,102642,102830,10,1180
25811,102748,102919,10,1180
25812,102597,102624,10,1180
25813,102861,102899,10,1180
25814,102640,102819,10,1180
25815,102580,102810,10,1180
25816,102750,102828,10,1180
25817,102681,102871,10,1180
25818,102610,102806,10,1180
25819,102769,102716,10,1180
25820,102552,102574,10,1180
25821,102488,102857,10,1180
25822,102872,102416,10,1180
25823,102690,102709,10,1180
25824,102534,102933,10,1180
25825,102526,102798,10,1180
25826,102781,102564,10,1180
25827,102912,102458,10,1180
25828,102532,102522,10,1180
25829,102600,102692,10,1180
25830,102627,102706,10,1180
25831,102544,102691,10,1180
25832,102767,102656,10,1180
25833,102445,102883,10,1180
25834,102827,102591,10,1180
25835,102696,102770,10,1180
25836,102837,102662,10,1180
25837,102724,102876,10,1180
25838,102715,102629,10,1180
25839,102773,102778,10,1180
25840,102648,102593,10,1180
25841,102651,102606,10,1180
25842,102688,102647,10,1180
25843,102486,102467,10,1180
25844,102839,102427,10,1180
25845,102426,102634,10,1180
25846,102725,102419,10,1180
25847,102729,102549,10,1180
25848,102875,102932,10,1180
25849,102551,102907,10,1180
25850,102538,102840,10,1180
25851,102504,102417,10,1180
25852,102577,102501,10,1180
25853,102908,102453,10,1180
25854,102612,102598,10,1180
25855,102615,102858,10,1180
25856,102665,102702,10,1180
25857,102930,102805,10,1180
25858,102490,102714,10,1180
25859,102477,102677,10,1180
25860,102601,102813,10,1180
25861,102459,102644,10,1180
25862,102646,102505,10,1180
25863,102738,102455,10,1180
25864,102499,102923,10,1180
25865,102928,102587,10,1180
25866,102436,102739,10,1180
25867,102497,102870,10,1180
25868,102794,102843,10,1180
25869,102713,102893,10,1180
25870,102533,102517,10,1180
25871,102520,102868,10,1180
25872,102809,102820,10,1180
25873,102435,102671,10,1180
25874,102844,102755,10,1180
25875,102476,102460,10,1180
25876,102630,102726,10,1180
25877,102636,102699,10,1180
25878,102431,102900,10,1180
25879,102862,102510,10,1180
25880,102747,102722,10,1180
25881,102569,102795,10,1180
25882,102838,102484,10,1180
25883,102743,102470,10,1180
25884,102513,102461,10,1180
25885,102433,102664,10,1180
25886,102926,102693,10,1180
25887,102811,102765,10,1180
25888,102879,102498,10,1180
25889,102891,102639,10,1180
25890,102698,102466,10,1180
25891,102859,102903,10,1180
25892,102479,102557,10,1180
25893,102607,102616,10,1180
25894,102669,102613,10,1180
25895,102450,102866,10,1180
25896,102570,102786,10,1180
25897,102882,102836,10,1180
25898,102734,102619,10,1180
25899,102658,102751,10,1180
25900,102507,102758,10,1180
25901,102793,102447,10,1180
25902,102442,102489,10,1180
25903,102512,102775,10,1180
25904,102429,102745,10,1180
25905,102611,102437,10,1180
25906,102444,102826,10,1180
25907,102599,102831,10,1180
25908,102618,102824,10,1180
25909,102841,102784,10,1180
25910,102654,102902,10,1180
25911,102542,102605,10,1180
25912,102441,102723,10,1180
25913,102495,102604,10,1180
25914,102753,102424,10,1180
25915,102638,102576,10,1180
25916,102590,102508,10,1180
25917,102929,102595,10,1180
25918,102675,102803,10,1180
25919,102439,102449,10,1180
25920,102663,102914,10,1180
25921,102500,102683,10,1180
25922,102865,102546,10,1180
25923,102918,102808,10,1180
25924,102620,102655,10,1180
25925,102678,102660,10,1180
25926,102732,102895,10,1180
25927,102807,102792,10,1180
25928,102719,102849,10,1180
25929,102931,102727,10,1180
25930,102446,102768,10,1180
25931,102457,102817,10,1180
25932,102864,102771,10,1180
25933,102749,102448,10,1180
25934,102645,102867,10,1180
25935,102478,102754,10,1180
25936,102783,102432,10,1180
25937,102559,102845,10,1180
25938,103852,103495,10,1205
25939,103797,103565,10,1205
25940,103509,103293,10,1205
25941,103679,103866,10,1205
25942,103032,103777,10,1205
25943,103810,103221,10,1205
25944,103431,103882,10,1205
25945,103514,103415,10,1205
25946,103035,103593,10,1205
25947,103513,103774,10,1205
25948,103188,103160,10,1205
25949,103139,103341,10,1205
25950,102938,103180,10,1205
25951,103706,103118,10,1205
25952,103685,103472,10,1205
25953,103541,103236,10,1205
25954,103273,102960,10,1205
25955,103599,103487,10,1205
25956,102973,102978,10,1205
25957,103102,103814,10,1205
25958,103471,103210,10,1205
25959,103833,103099,10,1205
25960,103152,103219,10,1205
25961,103439,103464,10,1205
25962,103753,103658,10,1205
25963,102994,103278,10,1205
25964,103384,102999,10,1205
25965,103121,103463,10,1205
25966,103740,103667,10,1205
25967,103523,103670,10,1205
25968,103604,103482,10,1205
25969,103369,102935,10,1205
25970,103465,103395,10,1205
25971,103201,103053,10,1205
25972,103745,103525,10,1205
25973,103249,103283,10,1205
25974,103305,103813,10,1205
25975,103923,103748,10,1205
25976,103049,103191,10,1205
25977,103265,103521,10,1205
25978,103048,103085,10,1205
25979,103398,103632,10,1205
25980,103173,103108,10,1205
25981,103892,103770,10,1205
25982,103157,102948,10,1205
25983,103259,103086,10,1205
25984,103561,103584,10,1205
25985,103322,103571,10,1205
25986,103136,103586,10,1205
25987,103247,103628,10,1205
25988,103372,103756,10,1205
25989,103653,103727,10,1205
25990,103856,102947,10,1205
25991,103334,103359,10,1205
25992,102942,103312,10,1205
25993,103323,102981,10,1205
25994,103496,103239,10,1205
25995,103446,102982,10,1205
25996,103484,103268,10,1205
25997,103575,103744,10,1205
25998,103812,103836,10,1205
25999,103393,103808,10,1205
26000,103448,103145,10,1205
26001,103383,102961,10,1205
26002,103533,103459,10,1205
26003,103732,103199,10,1205
26004,103277,103738,10,1205
26005,103690,103025,10,1205
26006,103114,103665,10,1205
26007,103077,102964,10,1205
26008,103416,103494,10,1205
26009,103417,103233,10,1205
26010,103476,103728,10,1205
26011,103524,103301,10,1205
26012,103397,103402,10,1205
26013,103124,103851,10,1205
26014,103618,103924,10,1205
26015,103922,103175,10,1205
26016,103872,103874,10,1205
26017,103420,103371,10,1205
26018,103483,103760,10,1205
26019,103480,102988,10,1205
26020,103530,103825,10,1205
26021,103737,103037,10,1205
26022,103427,103029,10,1205
26023,103537,103252,10,1205
26024,103101,103911,10,1205
26025,103516,103907,10,1205
26026,102983,103300,10,1205
26027,103186,103285,10,1205
26028,103931,103905,10,1205
26029,103107,103019,10,1205
26030,103664,103569,10,1205
26031,103729,103780,10,1205
26032,103117,103034,10,1205
26033,103489,103477,10,1205
26034,103344,102954,10,1205
26035,103150,103469,10,1205
26036,103295,103288,10,1205
26037,103831,103898,10,1205
26038,103683,103686,10,1205
26039,103143,103092,10,1205
26040,103294,103542,10,1205
26041,103804,103360,10,1205
26042,103365,103693,10,1205
26043,103622,103292,10,1205
26044,103703,103527,10,1205
26045,103587,103096,10,1205
26046,103131,103641,10,1205
26047,103791,103345,10,1205
26048,103849,103612,10,1205
26049,103144,103041,10,1205
26050,103904,103870,10,1205
26051,103095,102984,10,1205
26052,103151,103043,10,1205
26053,103711,103809,10,1205
26054,103657,103063,10,1205
26055,102951,103725,10,1205
26056,103235,103674,10,1205
26057,103163,103090,10,1205
26058,103787,103009,10,1205
26059,103553,102986,10,1205
26060,103237,103296,10,1205
26061,103084,103597,10,1205
26062,103847,103564,10,1205
26063,103704,103481,10,1205
26064,103064,103100,10,1205
26065,103413,102934,10,1205
26066,103906,103500,10,1205
26067,103134,102958,10,1205
26068,103457,103137,10,1205
26069,103868,103695,10,1205
26070,103938,103181,10,1205
26071,103823,103862,10,1205
26072,103579,103346,10,1205
26073,103110,103631,10,1205
26074,103939,103490,10,1205
26075,103817,103394,10,1205
26076,103261,103260,10,1205
26077,103614,103520,10,1205
26078,103309,103871,10,1205
26079,103595,103337,10,1205
26080,103551,103336,10,1205
26081,103004,103280,10,1205
26082,103659,103216,10,1205
26083,103129,103936,10,1205
26084,103741,103698,10,1205
26085,103478,103819,10,1205
26086,103044,103776,10,1205
26087,103850,103611,10,1205
26088,103014,103712,10,1205
26089,103681,103504,10,1205
26090,103156,103815,10,1205
26091,103257,103116,10,1205
26092,103458,103438,10,1205
26093,103643,103223,10,1205
26094,103246,103303,10,1205
26095,103204,102985,10,1205
26096,103205,103573,10,1205
26097,102955,103758,10,1205
26098,103781,103055,10,1205
26099,103148,103023,10,1205
26100,103590,103883,10,1205
26101,103200,103202,10,1205
26102,103335,103717,10,1205
26103,103078,102941,10,1205
26104,103798,103534,10,1205
26105,103123,103889,10,1205
26106,103532,103217,10,1205
26107,102980,103196,10,1205
26108,103054,103503,10,1205
26109,103066,103651,10,1205
26110,102971,103624,10,1205
26111,103577,103377,10,1205
26112,103644,102949,10,1205
26113,103213,103187,10,1205
26114,103289,103884,10,1205
26115,103070,103515,10,1205
26116,103132,103899,10,1205
26117,103154,103663,10,1205
26118,103411,103697,10,1205
26119,102977,103206,10,1205
26120,103867,103253,10,1205
26121,103161,103220,10,1205
26122,103350,103332,10,1205
26123,103001,103540,10,1205
26124,103374,103451,10,1205
26125,103409,102979,10,1205
26126,103820,103903,10,1205
26127,103675,103105,10,1205
26128,103389,103299,10,1205
26129,103082,103183,10,1205
26130,103768,103325,10,1205
26131,103031,103368,10,1205
26132,103241,103364,10,1205
26133,103841,103660,10,1205
26134,102956,103028,10,1205
26135,103057,103120,10,1205
26136,103646,103363,10,1205
26137,103227,103771,10,1205
26138,103352,103881,10,1205
26139,103422,103211,10,1205
26140,103073,103824,10,1205
26141,103885,103327,10,1205
26142,103642,103242,10,1205
26143,103271,103764,10,1205
26144,103930,103795,10,1205
26145,103328,103785,10,1205
26146,103209,103286,10,1205
26147,102965,103015,10,1205
26148,103636,103769,10,1205
26149,103508,103447,10,1205
26150,103583,103750,10,1205
26151,103557,103466,10,1205
26152,103320,103671,10,1205
26153,103588,103166,10,1205
26154,103620,103340,10,1205
26155,103861,103634,10,1205
26156,103033,103449,10,1205
26157,103696,103444,10,1205
26158,103097,103879,10,1205
26159,103522,103860,10,1205
26160,103297,103934,10,1205
26161,103195,103763,10,1205
26162,103130,103891,10,1205
26163,103308,103047,10,1205
26164,103385,103784,10,1205
26165,103647,103821,10,1205
26166,103843,103619,10,1205
26167,103361,103928,10,1205
26168,103027,103543,10,1205
26169,103705,103606,10,1205
26170,103366,102996,10,1205
26171,103627,103326,10,1205
26172,102962,103353,10,1205
26173,103036,103062,10,1205
26174,103231,103230,10,1205
26175,103591,103594,10,1205
26176,103592,103006,10,1205
26177,103605,103731,10,1205
26178,103306,103676,10,1205
26179,103262,103005,10,1205
26180,103807,102993,10,1205
26181,103229,103140,10,1205
26182,103433,103391,10,1205
26183,103382,103739,10,1205
26184,103453,103178,10,1205
26185,103357,103519,10,1205
26186,103723,103688,10,1205
26187,103909,103212,10,1205
26188,103778,103339,10,1205
26189,103863,103081,10,1205
26190,103467,102950,10,1205
26191,103024,103052,10,1205
26192,103450,103895,10,1205
26193,103691,103498,10,1205
26194,103506,103127,10,1205
26195,103329,103554,10,1205
26196,102937,103560,10,1205
26197,103876,103207,10,1205
26198,103700,103067,10,1205
26199,103317,103853,10,1205
26200,103355,103272,10,1205
26201,103546,103661,10,1205
26202,103616,103602,10,1205
26203,103378,102963,10,1205
26204,103060,103913,10,1205
26205,103707,103880,10,1205
26206,103617,103568,10,1205
26207,103401,103877,10,1205
26208,103816,103491,10,1205
26209,103405,102995,10,1205
26210,103552,103751,10,1205
26211,103379,103098,10,1205
26212,103544,103792,10,1205
26213,103429,103407,10,1205
26214,103538,103080,10,1205
26215,103517,103721,10,1205
26216,103720,103673,10,1205
26217,103128,103832,10,1205
26218,103684,103440,10,1205
26219,103900,103373,10,1205
26220,103264,103682,10,1205
26221,103091,103135,10,1205
26222,103302,103193,10,1205
26223,103171,103650,10,1205
26224,103387,103125,10,1205
26225,102943,103845,10,1205
26226,103298,103917,10,1205
26227,103518,102968,10,1205
26228,103625,103505,10,1205
26229,103126,103318,10,1205
26230,103059,103284,10,1205
26231,103755,103351,10,1205
26232,103726,103452,10,1205
26233,103716,103274,10,1205
26234,103548,103282,10,1205
26235,103718,103443,10,1205
26236,103106,103321,10,1205
26237,103919,103735,10,1205
26238,103349,103441,10,1205
26239,103719,103806,10,1205
26240,103016,103512,10,1205
26241,103020,103511,10,1205
26242,103585,103672,10,1205
26243,103392,103190,10,1205
26244,103692,103854,10,1205
26245,103380,103580,10,1205
26246,103214,103436,10,1205
26247,103250,103635,10,1205
26248,103251,103176,10,1205
26249,103485,103362,10,1205
26250,103115,103192,10,1205
26251,103927,103400,10,1205
26252,103648,102936,10,1205
26253,102946,103313,10,1205
26254,103773,103779,10,1205
26255,103687,103307,10,1205
26256,103629,103304,10,1205
26257,103256,103342,10,1205
26258,103198,103075,10,1205
26259,103445,103164,10,1205
26260,103170,103757,10,1205
26261,103830,103539,10,1205
26262,103058,103138,10,1205
26263,103912,103559,10,1205
26264,103789,103499,10,1205
26265,103802,103714,10,1205
26266,103040,103470,10,1205
26267,103069,103607,10,1205
26268,103811,102966,10,1205
26269,103406,103076,10,1205
26270,103790,103794,10,1205
26271,103042,103710,10,1205
26272,103528,103859,10,1205
26273,103243,103722,10,1205
26274,103038,103454,10,1205
26275,103601,103761,10,1205
26276,103194,102998,10,1205
26277,103165,103442,10,1205
26278,103026,103589,10,1205
26279,103800,103563,10,1205
26280,103908,103840,10,1205
26281,103275,103822,10,1205
26282,103146,103656,10,1205
26283,102976,103492,10,1205
26284,103901,103168,10,1205
26285,103314,103754,10,1205
26286,103093,103888,10,1205
26287,103896,103623,10,1205
26288,103549,103736,10,1205
26289,103479,103184,10,1205
26290,103425,103689,10,1205
26291,103113,103061,10,1205
26292,103455,103088,10,1205
26293,103039,103535,10,1205
26294,103172,103475,10,1205
26295,103654,103572,10,1205
26296,103765,103857,10,1205
26297,103426,103266,10,1205
26298,103310,103071,10,1205
26299,103747,103680,10,1205
26300,103677,103666,10,1205
26301,103894,103493,10,1205
26302,103578,103396,10,1205
26303,103834,103775,10,1205
26304,103112,103649,10,1205
26305,103418,103786,10,1205
26306,103279,103370,10,1205
26307,103430,103142,10,1205
26308,103109,103805,10,1205
26309,103011,103007,10,1205
26310,103556,103902,10,1205
26311,102972,103581,10,1205
26312,103269,103263,10,1205
26313,102967,103713,10,1205
26314,102945,102939,10,1205
26315,103104,103021,10,1205
26316,103270,103878,10,1205
26317,103018,103645,10,1205
26318,103932,103403,10,1205
26319,103916,103432,10,1205
26320,102975,103281,10,1205
26321,103782,103435,10,1205
26322,103603,103050,10,1205
26323,103240,103119,10,1205
26324,103218,103555,10,1205
26325,103258,103915,10,1205
26326,103608,103858,10,1205
26327,103412,103012,10,1205
26328,103330,103315,10,1205
26329,103709,103766,10,1205
26330,103174,103734,10,1205
26331,103419,103410,10,1205
26332,103746,103501,10,1205
26333,103818,103215,10,1205
26334,103254,103926,10,1205
26335,103600,103423,10,1205
26336,103488,103742,10,1205
26337,103468,103752,10,1205
26338,103051,103920,10,1205
26339,103910,103668,10,1205
26340,103829,103613,10,1205
26341,103865,103855,10,1205
26342,103886,103497,10,1205
26343,103864,103473,10,1205
26344,103772,103133,10,1205
26345,103550,103311,10,1205
26346,102953,103694,10,1205
26347,103921,103046,10,1205
26348,103010,103013,10,1205
26349,103197,103460,10,1205
26350,103094,103914,10,1205
26351,103837,103733,10,1205
26352,103536,103582,10,1205
26353,103324,102957,10,1205
26354,103510,103234,10,1205
26355,103338,103873,10,1205
26356,103390,103545,10,1205
26357,102990,102987,10,1205
26358,103633,103701,10,1205
26359,103708,103933,10,1205
26360,103890,103074,10,1205
26361,103244,102959,10,1205
26362,103638,103828,10,1205
26363,103158,103208,10,1205
26364,103287,103404,10,1205
26365,103103,103203,10,1205
26366,103045,103596,10,1205
26367,103162,103937,10,1205
26368,102974,103003,10,1205
26369,103367,103319,10,1205
26370,103846,103502,10,1205
26371,103421,102989,10,1205
26372,103276,103655,10,1205
26373,103547,103567,10,1205
26374,103408,103715,10,1205
26375,103562,103065,10,1205
26376,103839,103347,10,1205
26377,103255,103111,10,1205
26378,103245,103826,10,1205
26379,103182,103531,10,1205
26380,103022,103526,10,1205
26381,103940,103167,10,1205
26382,103941,103376,10,1205
26383,103942,103185,10,1205
26384,103943,103428,10,1205
26385,103944,103615,10,1205
26386,103945,102940,10,1205
26387,103946,103529,10,1205
26388,103947,103474,10,1205
26389,103948,103730,10,1205
26390,103949,103925,10,1205
26391,103950,103897,10,1205
26392,103951,103762,10,1205
26393,103952,103238,10,1205
26394,103953,103456,10,1205
26395,103954,103801,10,1205
26396,103955,103848,10,1205
26397,103956,103008,10,1205
26398,103957,103424,10,1205
26399,103958,102997,10,1205
26400,103959,103838,10,1205
26401,103960,103935,10,1205
26402,103961,103072,10,1205
26403,103962,103358,10,1205
26404,103963,103179,10,1205
26405,103964,103702,10,1205
26406,103965,103331,10,1205
26407,103966,103558,10,1205
26408,103967,103609,10,1205
26409,103968,103827,10,1205
26410,103969,103637,10,1205
26411,103970,103799,10,1205
26412,103971,103141,10,1205
26413,103972,103356,10,1205
26414,103973,103290,10,1205
26415,103974,103399,10,1205
26416,103975,103153,10,1205
26417,103976,103699,10,1205
26418,103977,103159,10,1205
26419,103978,103576,10,1205
26420,103979,102992,10,1205
26421,103980,103626,10,1205
26422,103981,103386,10,1205
26423,103982,103842,10,1205
26424,103983,103079,10,1205
26425,103984,103375,10,1205
26426,103985,103461,10,1205
26427,103986,103316,10,1205
26428,103987,103875,10,1205
26429,103988,103462,10,1205
26430,103989,103030,10,1205
26431,103990,103155,10,1205
26432,103991,103348,10,1205
26433,103992,103486,10,1205
26434,103993,103507,10,1205
26435,103994,103147,10,1205
26436,103995,103087,10,1205
26437,103996,102969,10,1205
26438,105927,105352,10,1230
26439,104664,105206,10,1230
26440,105644,104857,10,1230
26441,105749,105840,10,1230
26442,104365,105482,10,1230
26443,104608,104872,10,1230
26444,104559,105544,10,1230
26445,105138,105052,10,1230
26446,105843,104293,10,1230
26447,104515,104669,10,1230
26448,105244,104984,10,1230
26449,105337,104568,10,1230
26450,104036,104131,10,1230
26451,104704,104516,10,1230
26452,104235,105967,10,1230
26453,104220,104800,10,1230
26454,105238,105289,10,1230
26455,105698,104334,10,1230
26456,104801,104657,10,1230
26457,104466,104206,10,1230
26458,104811,104269,10,1230
26459,105837,104535,10,1230
26460,104389,104061,10,1230
26461,105236,105294,10,1230
26462,105296,104472,10,1230
26463,104912,105697,10,1230
26464,104029,104481,10,1230
26465,104225,105729,10,1230
26466,105021,105760,10,1230
26467,105957,105781,10,1230
26468,104279,105658,10,1230
26469,105381,104132,10,1230
26470,105507,105494,10,1230
26471,105880,105549,10,1230
26472,105264,105542,10,1230
26473,104757,105828,10,1230
26474,105628,105083,10,1230
26475,104475,104183,10,1230
26476,105820,104919,10,1230
26477,105633,105796,10,1230
26478,105319,104965,10,1230
26479,105171,104552,10,1230
26480,104829,105326,10,1230
26481,104604,104066,10,1230
26482,104478,105930,10,1230
26483,104733,105625,10,1230
26484,105784,105188,10,1230
26485,105173,105089,10,1230
26486,105115,105226,10,1230
26487,104194,105463,10,1230
26488,104137,104571,10,1230
26489,105769,105849,10,1230
26490,105670,105151,10,1230
26491,105503,105147,10,1230
26492,105789,105722,10,1230
26493,105809,105684,10,1230
26494,104425,104824,10,1230
26495,105017,105166,10,1230
26496,104077,104384,10,1230
26497,104185,104505,10,1230
26498,105878,105613,10,1230
26499,105229,105225,10,1230
26500,104765,105791,10,1230
26501,104966,105563,10,1230
26502,105211,104155,10,1230
26503,105127,104531,10,1230
26504,104016,105802,10,1230
26505,104945,104797,10,1230
26506,105259,104523,10,1230
26507,104835,104087,10,1230
26508,105109,105481,10,1230
26509,104503,104278,10,1230
26510,105260,105635,10,1230
26511,105734,105952,10,1230
26512,104661,105456,10,1230
26513,104075,104045,10,1230
26514,105604,104653,10,1230
26515,104245,104579,10,1230
26516,104121,104751,10,1230
26517,105624,104928,10,1230
26518,105884,104878,10,1230
26519,104456,104690,10,1230
26520,105213,105069,10,1230
26521,104177,105082,10,1230
26522,104056,105328,10,1230
26523,104663,104342,10,1230
26524,104575,105041,10,1230
26525,105623,105146,10,1230
26526,104107,104522,10,1230
26527,104080,105445,10,1230
26528,105384,104442,10,1230
26529,104352,105187,10,1230
26530,104748,105457,10,1230
26531,104840,105313,10,1230
26532,104567,105008,10,1230
26533,104164,104465,10,1230
26534,105044,104646,10,1230
26535,104215,105303,10,1230
26536,105505,104214,10,1230
26537,104784,105514,10,1230
26538,104126,104418,10,1230
26539,104410,105924,10,1230
26540,105942,105049,10,1230
26541,105009,105889,10,1230
26542,105725,105043,10,1230
26543,104249,105202,10,1230
26544,104729,104468,10,1230
26545,105582,105922,10,1230
26546,105648,105460,10,1230
26547,104222,105117,10,1230
26548,105834,105833,10,1230
26549,105545,104391,10,1230
26550,105345,104564,10,1230
26551,105700,105418,10,1230
26552,104658,105265,10,1230
26553,105926,104376,10,1230
26554,104903,105680,10,1230
26555,105295,104582,10,1230
26556,104771,105371,10,1230
26557,105574,104133,10,1230
26558,104764,105896,10,1230
26559,104117,105486,10,1230
26560,104783,105640,10,1230
26561,104954,105844,10,1230
26562,104004,104064,10,1230
26563,104294,104778,10,1230
26564,104962,104434,10,1230
26565,105728,104340,10,1230
26566,104227,105937,10,1230
26567,105929,105034,10,1230
26568,104193,104022,10,1230
26569,104656,105435,10,1230
26570,105932,105857,10,1230
26571,105155,105731,10,1230
26572,105189,104631,10,1230
26573,105675,105419,10,1230
26574,105823,104951,10,1230
26575,105097,105682,10,1230
26576,104798,105956,10,1230
26577,105410,104404,10,1230
26578,104417,104813,10,1230
26579,105396,104686,10,1230
26580,105496,104592,10,1230
26581,105915,104853,10,1230
26582,105666,104711,10,1230
26583,104953,104174,10,1230
26584,104700,104351,10,1230
26585,103997,104774,10,1230
26586,105671,105614,10,1230
26587,104909,104050,10,1230
26588,105692,104139,10,1230
26589,104097,104852,10,1230
26590,105342,105340,10,1230
26591,105713,104660,10,1230
26592,105642,104289,10,1230
26593,105717,105144,10,1230
26594,104441,105921,10,1230
26595,104932,104326,10,1230
26596,104642,104980,10,1230
26597,104403,104255,10,1230
26598,104681,104043,10,1230
26599,104665,104101,10,1230
26600,105159,104192,10,1230
26601,105899,104011,10,1230
26602,105667,105036,10,1230
26603,104394,104377,10,1230
26604,105785,104435,10,1230
26605,104239,105676,10,1230
26606,104507,104867,10,1230
26607,105911,105425,10,1230
26608,104736,104875,10,1230
26609,105872,105651,10,1230
26610,105098,105653,10,1230
26611,105619,104350,10,1230
26612,105116,105736,10,1230
26613,105227,105235,10,1230
26614,105270,105237,10,1230
26615,104212,105000,10,1230
26616,105096,104506,10,1230
26617,105199,104271,10,1230
26618,105573,104034,10,1230
26619,105068,105331,10,1230
26620,104744,105712,10,1230
26621,105286,105282,10,1230
26622,105006,105513,10,1230
26623,105018,104548,10,1230
26624,104320,105824,10,1230
26625,105320,104609,10,1230
26626,105686,104048,10,1230
26627,104471,105744,10,1230
26628,104120,104636,10,1230
26629,104108,104012,10,1230
26630,105741,105135,10,1230
26631,105483,105721,10,1230
26632,105594,105094,10,1230
26633,105886,105387,10,1230
26634,105807,104639,10,1230
26635,105524,105327,10,1230
26636,104920,105668,10,1230
26637,105408,105291,10,1230
26638,104561,105391,10,1230
26639,104796,105759,10,1230
26640,104009,105447,10,1230
26641,104885,104823,10,1230
26642,104524,105917,10,1230
26643,104091,104887,10,1230
26644,105134,104997,10,1230
26645,104005,104986,10,1230
26646,104094,104335,10,1230
26647,105424,105705,10,1230
26648,104943,105639,10,1230
26649,105086,104718,10,1230
26650,105311,105665,10,1230
26651,104697,105715,10,1230
26652,105161,104533,10,1230
26653,105224,104432,10,1230
26654,105766,105912,10,1230
26655,104839,104626,10,1230
26656,105193,104944,10,1230
26657,105923,105906,10,1230
26658,104281,104620,10,1230
26659,104876,105066,10,1230
26660,104893,105175,10,1230
26661,105026,105364,10,1230
26662,105261,105022,10,1230
26663,104112,104946,10,1230
26664,105180,105747,10,1230
26665,105773,105465,10,1230
26666,105131,105696,10,1230
26667,104058,105177,10,1230
26668,105790,104890,10,1230
26669,105216,105816,10,1230
26670,104388,104901,10,1230
26671,105622,104930,10,1230
26672,104085,105005,10,1230
26673,104277,104727,10,1230
26674,105678,104250,10,1230
26675,105399,104205,10,1230
26676,104070,105811,10,1230
26677,104569,105368,10,1230
26678,104826,104083,10,1230
26679,105706,104010,10,1230
26680,105314,104772,10,1230
26681,105745,105488,10,1230
26682,105726,105941,10,1230
26683,104188,104683,10,1230
26684,105415,105589,10,1230
26685,104655,104960,10,1230
26686,105179,104444,10,1230
26687,105413,105308,10,1230
26688,104762,104325,10,1230
26689,105353,105055,10,1230
26690,105909,104172,10,1230
26691,105852,104889,10,1230
26692,104453,105534,10,1230
26693,104562,105971,10,1230
26694,104184,105848,10,1230
26695,104668,105491,10,1230
26696,105032,104600,10,1230
26697,104324,105007,10,1230
26698,104443,105321,10,1230
26699,104288,105108,10,1230
26700,104722,105567,10,1230
26701,105771,105402,10,1230
26702,104759,105400,10,1230
26703,104942,105742,10,1230
26704,105042,104169,10,1230
26705,105500,104357,10,1230
26706,105233,105243,10,1230
26707,104450,104847,10,1230
26708,104502,105232,10,1230
26709,104760,104550,10,1230
26710,104479,105466,10,1230
26711,105768,104313,10,1230
26712,104950,104677,10,1230
26713,105571,104879,10,1230
26714,104864,105139,10,1230
26715,105143,105656,10,1230
26716,104381,105453,10,1230
26717,105442,104708,10,1230
26718,105365,105701,10,1230
26719,104845,104732,10,1230
26720,104586,105152,10,1230
26721,105028,104499,10,1230
26722,105890,104159,10,1230
26723,104088,104775,10,1230
26724,104186,104078,10,1230
26725,105804,104614,10,1230
26726,104197,105451,10,1230
26727,105966,104504,10,1230
26728,105583,104678,10,1230
26729,104236,104587,10,1230
26730,104837,105895,10,1230
26731,105938,104332,10,1230
26732,105436,105475,10,1230
26733,105540,104258,10,1230
26734,105281,105323,10,1230
26735,105169,104395,10,1230
26736,104163,105858,10,1230
26737,104135,105558,10,1230
26738,105677,104211,10,1230
26739,105067,104721,10,1230
26740,105190,105165,10,1230
26741,104495,105133,10,1230
26742,105050,104679,10,1230
26743,105815,104497,10,1230
26744,104836,104536,10,1230
26745,105250,105084,10,1230
26746,104987,105280,10,1230
26747,104512,104140,10,1230
26748,104849,104795,10,1230
26749,104500,104526,10,1230
26750,104899,104982,10,1230
26751,104252,105354,10,1230
26752,104525,105145,10,1230
26753,104364,105782,10,1230
26754,105461,104037,10,1230
26755,105033,104412,10,1230
26756,105719,105551,10,1230
26757,104597,105881,10,1230
26758,105694,105714,10,1230
26759,105403,104369,10,1230
26760,104217,104803,10,1230
26761,104171,105256,10,1230
26762,105688,105101,10,1230
26763,105746,105076,10,1230
26764,104167,105778,10,1230
26765,104961,104285,10,1230
26766,104976,104251,10,1230
26767,104717,105770,10,1230
26768,105568,104834,10,1230
26769,104995,105251,10,1230
26770,105470,105780,10,1230
26771,104622,104914,10,1230
26772,105865,105302,10,1230
26773,105585,104362,10,1230
26774,104191,105020,10,1230
26775,105427,104884,10,1230
26776,105062,104949,10,1230
26777,104459,105951,10,1230
26778,105498,105200,10,1230
26779,104606,105421,10,1230
26780,104933,105752,10,1230
26781,105512,104596,10,1230
26782,104712,105304,10,1230
26783,105902,104111,10,1230
26784,104850,104763,10,1230
26785,105437,105550,10,1230
26786,105835,105949,10,1230
26787,105685,104975,10,1230
26788,104862,105569,10,1230
26789,104740,105723,10,1230
26790,105634,105681,10,1230
26791,104714,104000,10,1230
26792,105615,104283,10,1230
26793,104815,104904,10,1230
26794,104128,105508,10,1230
26795,104573,104999,10,1230
26796,105798,104232,10,1230
26797,105960,104518,10,1230
26798,105518,104698,10,1230
26799,105305,105489,10,1230
26800,105894,104046,10,1230
26801,105919,104991,10,1230
26802,104208,104616,10,1230
26803,105393,104635,10,1230
26804,105279,105125,10,1230
26805,105150,104295,10,1230
26806,104438,104812,10,1230
26807,104902,104203,10,1230
26808,105859,104713,10,1230
26809,104148,105830,10,1230
26810,104401,104426,10,1230
26811,105100,104039,10,1230
26812,104142,104612,10,1230
26813,105893,105657,10,1230
26814,105532,105054,10,1230
26815,104266,104331,10,1230
26816,105002,105683,10,1230
26817,105905,105673,10,1230
26818,104858,105392,10,1230
26819,104808,104420,10,1230
26820,104994,105546,10,1230
26821,105914,105197,10,1230
26822,105013,104816,10,1230
26823,105533,104684,10,1230
26824,105595,104670,10,1230
26825,105693,104079,10,1230
26826,104482,104447,10,1230
26827,104234,104532,10,1230
26828,105593,105867,10,1230
26829,104898,104793,10,1230
26830,105103,105799,10,1230
26831,105973,104181,10,1230
26832,105317,105885,10,1230
26833,105104,104580,10,1230
26834,104749,105347,10,1230
26835,105382,105449,10,1230
26836,105561,104745,10,1230
26837,104565,104028,10,1230
26838,104806,104317,10,1230
26839,105010,104257,10,1230
26840,104726,104330,10,1230
26841,104508,104905,10,1230
26842,104057,104667,10,1230
26843,104105,105679,10,1230
26844,104936,105958,10,1230
26845,104978,104968,10,1230
26846,105903,104832,10,1230
26847,104556,105836,10,1230
26848,105293,105564,10,1230
26849,105423,105273,10,1230
26850,105462,105168,10,1230
26851,104988,105058,10,1230
26852,104874,105207,10,1230
26853,105638,105748,10,1230
26854,104256,105548,10,1230
26855,104428,104754,10,1230
26856,104287,104488,10,1230
26857,104106,105892,10,1230
26858,104238,104187,10,1230
26859,104881,105609,10,1230
26860,105566,104779,10,1230
26861,105787,104024,10,1230
26862,104440,105630,10,1230
26863,105646,105167,10,1230
26864,104297,105537,10,1230
26865,104259,104647,10,1230
26866,105863,104272,10,1230
26867,105535,105753,10,1230
26868,105051,105792,10,1230
26869,104329,104907,10,1230
26870,104397,104716,10,1230
26871,105945,103998,10,1230
26872,104025,105733,10,1230
26873,105266,105164,10,1230
26874,105963,104494,10,1230
26875,105122,105631,10,1230
26876,105370,105854,10,1230
26877,105079,105730,10,1230
26878,105888,105570,10,1230
26879,105492,104353,10,1230
26880,105522,104702,10,1230
26881,105014,104396,10,1230
26882,105362,105107,10,1230
26883,104558,105808,10,1230
26884,104738,105812,10,1230
26885,105158,105469,10,1230
26886,105420,105027,10,1230
26887,104959,104742,10,1230
26888,105910,104020,10,1230
26889,104695,104110,10,1230
26890,104493,105925,10,1230
26891,104880,104315,10,1230
26892,105223,105119,10,1230
26893,105288,104202,10,1230
26894,104767,104073,10,1230
26895,104290,105184,10,1230
26896,104457,104789,10,1230
26897,104200,104081,10,1230
26898,105617,104076,10,1230
26899,104276,105070,10,1230
26900,104810,104926,10,1230
26901,104021,105652,10,1230
26902,104149,104584,10,1230
26903,105208,104553,10,1230
26904,104336,105970,10,1230
26905,105598,104888,10,1230
26906,105452,104367,10,1230
26907,104861,105472,10,1230
26908,105775,104141,10,1230
26909,104314,104528,10,1230
26910,105277,104576,10,1230
26911,105254,105516,10,1230
26912,105091,105088,10,1230
26913,105868,104737,10,1230
26914,105659,105519,10,1230
26915,105105,104473,10,1230
26916,105220,105814,10,1230
26917,105527,105817,10,1230
26918,104487,105810,10,1230
